<?xml version="1.0" encoding="utf-8" ?>
<elements>
	<info>
		<update version="0.0.1">
			<file name="source.xml" url="https://raw.githubusercontent.com/Netrinil/Aurora/master/core/players-handbook-2024/source.xml" />
		</update>
	</info>
	<element name="Player’s Handbook 2024" type="Source" source="Core" id="ID_WOTC_SOURCE_PLAYERS_HANDBOOK_2024">
		<description>
			<p></p>
		</description>
		<setters>
			<set name="abbreviation">PHB24</set>
			<set name="url">http://dnd.wizards.com/products/tabletop-games/rpg-products/rpg_playershandbook/</set>
			<set name="image">https://raw.githubusercontent.com/Netrinil/Aurora/master/core/players-handbook-2024/PHB24.png</set>
			<set name="author" abbreviation="WOTC" url="http://dnd.wizards.com">Wizards of the Coast</set>
			<set name="official">true</set>
			<set name="core">false</set>
			<set name="supplement">true</set>
			<set name="release">20240000</set>
		</setters>
	</element>
</elements>
