<?xml version="1.0" encoding="utf-8"?>
<elements>
	<info>
		<name>Internal</name>
		<description>Elements that should've been part of the app itself</description>
		<update version="0.1.4">
			<file name="internal.xml" url="https://raw.githubusercontent.com/AuroraLegacy/elements/master/core/internal.xml" />
		</update>
	</info>

	<!-- Additional Ability Score Improvement Items -->
	<element name="Additional Ability Score Diminishment, Strength" type="Item" source="Internal" id="ID_INTERNAL_ITEM_ASI_STRENGTH_DECREASE_1">
		<compendium display="false" />
		<description>
			<p><i>You can equip this item to “enable” it. It remains hidden from the inventory on your character sheet.</i></p>
			<div class="reference">
				<div element="ID_INTERNAL_INFORMATION_ASI_STRENGTH_DECREASE_1" />
			</div>
		</description>
		<setters>
			<set name="category">Additional Ability Score Improvement</set>
			<set name="slot">misc</set>
			<set name="inventory-hidden">true</set>
		</setters>
		<rules>
			<stat name="strength" value="-1" alt="Ability Score Decrease" />
		</rules>
	</element>

	<element name="Additional Ability Score Diminishment, Dexterity" type="Item" source="Internal" id="ID_INTERNAL_ITEM_ASI_DEXTERITY_DECREASE_1">
		<compendium display="false" />
		<description>
			<p><i>You can equip this item to “enable” it. It remains hidden from the inventory on your character sheet.</i></p>
			<div class="reference">
				<div element="ID_INTERNAL_INFORMATION_ASI_DEXTERITY_DECREASE_1" />
			</div>
		</description>
		<setters>
			<set name="category">Additional Ability Score Improvement</set>
			<set name="slot">misc</set>
			<set name="inventory-hidden">true</set>
		</setters>
		<rules>
			<stat name="dexterity" value="-1" alt="Ability Score Decrease" />
		</rules>
	</element>

	<element name="Additional Ability Score Diminishment, Constitution" type="Item" source="Internal" id="ID_INTERNAL_ITEM_ASI_CONSTITUTION_DECREASE_1">
		<compendium display="false" />
		<description>
			<p><i>You can equip this item to “enable” it. It remains hidden from the inventory on your character sheet.</i></p>
			<div class="reference">
				<div element="ID_INTERNAL_INFORMATION_ASI_CONSTITUTION_DECREASE_1" />
			</div>
		</description>
		<setters>
			<set name="category">Additional Ability Score Improvement</set>
			<set name="slot">misc</set>
			<set name="inventory-hidden">true</set>
		</setters>
		<rules>
			<stat name="constitution" value="-1" alt="Ability Score Decrease" />
		</rules>
	</element>

	<element name="Additional Ability Score Diminishment, Intelligence" type="Item" source="Internal" id="ID_INTERNAL_ITEM_ASI_INTELLIGENCE_DECREASE_1">
		<compendium display="false" />
		<description>
			<p><i>You can equip this item to “enable” it. It remains hidden from the inventory on your character sheet.</i></p>
			<div class="reference">
				<div element="ID_INTERNAL_INFORMATION_ASI_INTELLIGENCE_DECREASE_1" />
			</div>
		</description>
		<setters>
			<set name="category">Additional Ability Score Improvement</set>
			<set name="slot">misc</set>
			<set name="inventory-hidden">true</set>
		</setters>
		<rules>
			<stat name="intelligence" value="-1" alt="Ability Score Decrease" />
		</rules>
	</element>

	<element name="Additional Ability Score Diminishment, Wisdom" type="Item" source="Internal" id="ID_INTERNAL_ITEM_ASI_WISDOM_DECREASE_1">
		<compendium display="false" />
		<description>
			<p><i>You can equip this item to “enable” it. It remains hidden from the inventory on your character sheet.</i></p>
			<div class="reference">
				<div element="ID_INTERNAL_INFORMATION_ASI_WISDOM_DECREASE_1" />
			</div>
		</description>
		<setters>
			<set name="category">Additional Ability Score Improvement</set>
			<set name="slot">misc</set>
			<set name="inventory-hidden">true</set>
		</setters>
		<rules>
			<stat name="wisdom" value="-1" alt="Ability Score Decrease" />
		</rules>
	</element>

	<element name="Additional Ability Score Diminishment, Charisma" type="Item" source="Internal" id="ID_INTERNAL_ITEM_ASI_CHARISMA_DECREASE_1">
		<compendium display="false" />
		<description>
			<p><i>You can equip this item to “enable” it. It remains hidden from the inventory on your character sheet.</i></p>
			<div class="reference">
				<div element="ID_INTERNAL_INFORMATION_ASI_CHARISMA_DECREASE_1" />
			</div>
		</description>
		<setters>
			<set name="category">Additional Ability Score Improvement</set>
			<set name="slot">misc</set>
			<set name="inventory-hidden">true</set>
		</setters>
		<rules>
			<stat name="charisma" value="-1" alt="Ability Score Decrease" />
		</rules>
	</element>

	<!-- References -->
	<element name="Strength" type="Information" source="Internal" id="ID_INTERNAL_INFORMATION_ASI_STRENGTH_DECREASE_1">
		<compendium display="false" />
		<description>
			<p>Your Strength decreases by 1.</p>
		</description>
	</element>

	<element name="Dexterity" type="Information" source="Internal" id="ID_INTERNAL_INFORMATION_ASI_DEXTERITY_DECREASE_1">
		<compendium display="false" />
		<description>
			<p>Your Dexterity decreases by 1.</p>
		</description>
	</element>

	<element name="Constitution" type="Information" source="Internal" id="ID_INTERNAL_INFORMATION_ASI_CONSTITUTION_DECREASE_1">
		<compendium display="false" />
		<description>
			<p>Your Constitution decreases by 1.</p>
		</description>
	</element>

	<element name="Intelligence" type="Information" source="Internal" id="ID_INTERNAL_INFORMATION_ASI_INTELLIGENCE_DECREASE_1">
		<compendium display="false" />
		<description>
			<p>Your Intelligence decreases by 1.</p>
		</description>
	</element>

	<element name="Wisdom" type="Information" source="Internal" id="ID_INTERNAL_INFORMATION_ASI_WISDOM_DECREASE_1">
		<compendium display="false" />
		<description>
			<p>Your Wisdom decreases by 1.</p>
		</description>
	</element>

	<element name="Charisma" type="Information" source="Internal" id="ID_INTERNAL_INFORMATION_ASI_CHARISMA_DECREASE_1">
		<compendium display="false" />
		<description>
			<p>Your Charisma decreases by 1.</p>
		</description>
	</element>

	<!-- Custom Ability Score Increases for Customized ASI Option. todo: change into non-TCOE version, including IDs -->
	<!-- +1 ASI's -->
	<element name="Strength" type="Ability Score Improvement" source="Internal" id="ID_WOTC_TCOE_OPTION_CUSTOMIZED_ASI_STRENGTH_INCREASE_1">
		<requirements>!ID_WOTC_TCOE_OPTION_CUSTOMIZED_ASI_STRENGTH_INCREASE_2</requirements>
		<supports>Custom Ability Score Increase 1</supports>
		<description>
			<p>Your Strength increases by 1.</p>
		</description>
		<sheet display="false" />
		<rules>
			<stat name="strength" value="1" alt="Ability Score Increase" />
		</rules>
	</element>
	<element name="Dexterity" type="Ability Score Improvement" source="Internal" id="ID_WOTC_TCOE_OPTION_CUSTOMIZED_ASI_DEXTERITY_INCREASE_1">
		<requirements>!ID_WOTC_TCOE_OPTION_CUSTOMIZED_ASI_DEXTERITY_INCREASE_2</requirements>
		<supports>Custom Ability Score Increase 1</supports>
		<description>
			<p>Your Dexterity increases by 1.</p>
		</description>
		<sheet display="false" />
		<rules>
			<stat name="dexterity" value="1" alt="Ability Score Increase" />
		</rules>
	</element>
	<element name="Constitution" type="Ability Score Improvement" source="Internal" id="ID_WOTC_TCOE_OPTION_CUSTOMIZED_ASI_CONSTITUTION_INCREASE_1">
		<requirements>!ID_WOTC_TCOE_OPTION_CUSTOMIZED_ASI_CONSTITUTION_INCREASE_2</requirements>
		<supports>Custom Ability Score Increase 1</supports>
		<description>
			<p>Your Constitution increases by 1.</p>
		</description>
		<sheet display="false" />
		<rules>
			<stat name="constitution" value="1" alt="Ability Score Increase" />
		</rules>
	</element>
	<element name="Intelligence" type="Ability Score Improvement" source="Internal" id="ID_WOTC_TCOE_OPTION_CUSTOMIZED_ASI_INTELLIGENCE_INCREASE_1">
		<requirements>!ID_WOTC_TCOE_OPTION_CUSTOMIZED_ASI_INTELLIGENCE_INCREASE_2</requirements>
		<supports>Custom Ability Score Increase 1</supports>
		<description>
			<p>Your Intelligence increases by 1.</p>
		</description>
		<sheet display="false" />
		<rules>
			<stat name="intelligence" value="1" alt="Ability Score Increase" />
		</rules>
	</element>
	<element name="Wisdom" type="Ability Score Improvement" source="Internal" id="ID_WOTC_TCOE_OPTION_CUSTOMIZED_ASI_WISDOM_INCREASE_1">
		<supports>Custom Ability Score Increase 1</supports>
		<requirements>!ID_WOTC_TCOE_OPTION_CUSTOMIZED_ASI_WISDOM_INCREASE_2</requirements>
		<description>
			<p>Your Wisdom increases by 1.</p>
		</description>
		<sheet display="false" />
		<rules>
			<stat name="wisdom" value="1" alt="Ability Score Increase" />
		</rules>
	</element>
	<element name="Charisma" type="Ability Score Improvement" source="Internal" id="ID_WOTC_TCOE_OPTION_CUSTOMIZED_ASI_CHARISMA_INCREASE_1">
		<supports>Custom Ability Score Increase 1</supports>
		<requirements>!ID_WOTC_TCOE_OPTION_CUSTOMIZED_ASI_CHARISMA_INCREASE_2</requirements>
		<description>
			<p>Your Charisma increases by 1.</p>
		</description>
		<sheet display="false" />
		<rules>
			<stat name="charisma" value="1" alt="Ability Score Increase" />
		</rules>
	</element>

	<!-- +2 ASI's -->
	<element name="Strength" type="Ability Score Improvement" source="Internal" id="ID_WOTC_TCOE_OPTION_CUSTOMIZED_ASI_STRENGTH_INCREASE_2">
		<requirements>!ID_WOTC_TCOE_OPTION_CUSTOMIZED_ASI_STRENGTH_INCREASE_1</requirements>
		<supports>Custom Ability Score Increase 2</supports>
		<description>
			<p>Your Strength increases by 2.</p>
		</description>
		<sheet display="false" />
		<rules>
			<stat name="strength" value="2" alt="Ability Score Increase" />
		</rules>
	</element>
	<element name="Dexterity" type="Ability Score Improvement" source="Internal" id="ID_WOTC_TCOE_OPTION_CUSTOMIZED_ASI_DEXTERITY_INCREASE_2">
		<requirements>!ID_WOTC_TCOE_OPTION_CUSTOMIZED_ASI_DEXTERITY_INCREASE_1</requirements>
		<supports>Custom Ability Score Increase 2</supports>
		<description>
			<p>Your Dexterity increases by 2.</p>
		</description>
		<sheet display="false" />
		<rules>
			<stat name="dexterity" value="2" alt="Ability Score Increase" />
		</rules>
	</element>
	<element name="Constitution" type="Ability Score Improvement" source="Internal" id="ID_WOTC_TCOE_OPTION_CUSTOMIZED_ASI_CONSTITUTION_INCREASE_2">
		<requirements>!ID_WOTC_TCOE_OPTION_CUSTOMIZED_ASI_CONSTITUTION_INCREASE_1</requirements>
		<supports>Custom Ability Score Increase 2</supports>
		<description>
			<p>Your Constitution increases by 2.</p>
		</description>
		<sheet display="false" />
		<rules>
			<stat name="constitution" value="2" alt="Ability Score Increase" />
		</rules>
	</element>
	<element name="Intelligence" type="Ability Score Improvement" source="Internal" id="ID_WOTC_TCOE_OPTION_CUSTOMIZED_ASI_INTELLIGENCE_INCREASE_2">
		<requirements>!ID_WOTC_TCOE_OPTION_CUSTOMIZED_ASI_INTELLIGENCE_INCREASE_1</requirements>
		<supports>Custom Ability Score Increase 2</supports>
		<description>
			<p>Your Intelligence increases by 2.</p>
		</description>
		<sheet display="false" />
		<rules>
			<stat name="intelligence" value="2" alt="Ability Score Increase" />
		</rules>
	</element>
	<element name="Wisdom" type="Ability Score Improvement" source="Internal" id="ID_WOTC_TCOE_OPTION_CUSTOMIZED_ASI_WISDOM_INCREASE_2">
		<requirements>!ID_WOTC_TCOE_OPTION_CUSTOMIZED_ASI_WISDOM_INCREASE_1</requirements>
		<supports>Custom Ability Score Increase 2</supports>
		<description>
			<p>Your Wisdom increases by 2.</p>
		</description>
		<sheet display="false" />
		<rules>
			<stat name="wisdom" value="2" alt="Ability Score Increase" />
		</rules>
	</element>
	<element name="Charisma" type="Ability Score Improvement" source="Internal" id="ID_WOTC_TCOE_OPTION_CUSTOMIZED_ASI_CHARISMA_INCREASE_2">
		<requirements>!ID_WOTC_TCOE_OPTION_CUSTOMIZED_ASI_CHARISMA_INCREASE_1</requirements>
		<supports>Custom Ability Score Increase 2</supports>
		<description>
			<p>Your Charisma increases by 2.</p>
		</description>
		<sheet display="false" />
		<rules>
			<stat name="charisma" value="2" alt="Ability Score Increase" />
		</rules>
	</element>

	<!-- -1 ASI's -->
	<element name="Strength" type="Ability Score Improvement" source="Internal" id="ID_WOTC_TCOE_OPTION_CUSTOMIZED_ASI_STRENGTH_DECREASE_1">
		<supports>Custom Ability Score Decrease 1</supports>
		<description>
			<p>Your Strength decreases by 1.</p>
		</description>
		<sheet display="false" />
		<setters>
			<set name="allow duplicate">true</set>
		</setters>
		<rules>
			<stat name="strength" value="-1" alt="Ability Score Decrease" />
		</rules>
	</element>

	<element name="Dexterity" type="Ability Score Improvement" source="Internal" id="ID_WOTC_TCOE_OPTION_CUSTOMIZED_ASI_DEXTERITY_DECREASE_1">
		<supports>Custom Ability Score Decrease 1</supports>
		<description>
			<p>Your Dexterity decreases by 1.</p>
		</description>
		<sheet display="false" />
		<setters>
			<set name="allow duplicate">true</set>
		</setters>
		<rules>
			<stat name="dexterity" value="-1" alt="Ability Score Decrease" />
		</rules>
	</element>

	<element name="Constitution" type="Ability Score Improvement" source="Internal" id="ID_WOTC_TCOE_OPTION_CUSTOMIZED_ASI_CONSTITUTION_DECREASE_1">
		<supports>Custom Ability Score Decrease 1</supports>
		<description>
			<p>Your Constitution decreases by 1.</p>
		</description>
		<sheet display="false" />
		<setters>
			<set name="allow duplicate">true</set>
		</setters>
		<rules>
			<stat name="constitution" value="-1" alt="Ability Score Decrease" />
		</rules>
	</element>

	<element name="Intelligence" type="Ability Score Improvement" source="Internal" id="ID_WOTC_TCOE_OPTION_CUSTOMIZED_ASI_INTELLIGENCE_DECREASE_1">
		<supports>Custom Ability Score Decrease 1</supports>
		<description>
			<p>Your Intelligence decreases by 1.</p>
		</description>
		<sheet display="false" />
		<setters>
			<set name="allow duplicate">true</set>
		</setters>
		<rules>
			<stat name="intelligence" value="-1" alt="Ability Score Decrease" />
		</rules>
	</element>

	<element name="Wisdom" type="Ability Score Improvement" source="Internal" id="ID_WOTC_TCOE_OPTION_CUSTOMIZED_ASI_WISDOM_DECREASE_1">
		<supports>Custom Ability Score Decrease 1</supports>
		<description>
			<p>Your Wisdom decreases by 1.</p>
		</description>
		<sheet display="false" />
		<setters>
			<set name="allow duplicate">true</set>
		</setters>
		<rules>
			<stat name="wisdom" value="-1" alt="Ability Score Decrease" />
		</rules>
	</element>

	<element name="Charisma" type="Ability Score Improvement" source="Internal" id="ID_WOTC_TCOE_OPTION_CUSTOMIZED_ASI_CHARISMA_DECREASE_1">
		<supports>Custom Ability Score Decrease 1</supports>
		<description>
			<p>Your Charisma decreases by 1.</p>
		</description>
		<sheet display="false" />
		<setters>
			<set name="allow duplicate">true</set>
		</setters>
		<rules>
			<stat name="charisma" value="-1" alt="Ability Score Decrease" />
		</rules>
	</element>

	<!-- Ability Score Increase Options -->
	<element name="Ability Score Improvement +2, +1" type="Ability Score Improvement" source="Internal" id="ID_WOTC_ASI_ABILITY_SCORE_IMPROVEMENT_OPTION_1">
        <supports>Custom Ability Score Improvement Option</supports>
        <description>
            <p>You can increase one of the scores by 2 and increase a different score by 1.</p>
        </description>
        <sheet display="false" />
        <rules>
            <select type="Ability Score Improvement" name="Custom Ability Score Improvement +2" supports="Custom Ability Score Increase 2" />
            <select type="Ability Score Improvement" name="Custom Ability Score Improvement +1" supports="Custom Ability Score Increase 1" />
        </rules>
    </element>

    <element name="Ability Score Improvement +1, +1, +1" type="Ability Score Improvement" source="Internal" id="ID_WOTC_ASI_ABILITY_SCORE_IMPROVEMENT_OPTION_2">
        <supports>Custom Ability Score Improvement Option</supports>
        <description>
            <p>You can increase three different scores by 1.</p>
        </description>
        <sheet display="false" />
        <rules>
            <select type="Ability Score Improvement" name="Custom Ability Score Improvement +1" number="3" supports="Custom Ability Score Increase 1" />
        </rules>
    </element>

	<!-- Sizes -->
	<element name="Tiny" type="Racial Trait" source="Internal" id="ID_INTERNAL_RACIAL_TRAIT_TINY">
		<description>
			<p>Your size is Tiny.</p>
		</description>
		<sheet display="false" />
		<compendium display="false" />
		<rules>
			<grant type="Size" id="ID_SIZE_TINY" />
		</rules>
	</element>

	<element name="Small" type="Racial Trait" source="Internal" id="ID_INTERNAL_RACIAL_TRAIT_SMALL">
		<description>
			<p>Your size is Small.</p>
		</description>
		<sheet display="false" />
		<compendium display="false" />
		<rules>
			<grant type="Size" id="ID_SIZE_SMALL" />
		</rules>
	</element>

	<element name="Medium" type="Racial Trait" source="Internal" id="ID_INTERNAL_RACIAL_TRAIT_MEDIUM">
		<description>
			<p>Your size is Medium.</p>
		</description>
		<sheet display="false" />
		<compendium display="false" />
		<rules>
			<grant type="Size" id="ID_SIZE_MEDIUM" />
		</rules>
	</element>

	<element name="Large" type="Racial Trait" source="Internal" id="ID_INTERNAL_RACIAL_TRAIT_LARGE">
		<description>
			<p>Your size is Large.</p>
		</description>
		<sheet display="false" />
		<compendium display="false" />
		<rules>
			<grant type="Size" id="ID_SIZE_LARGE" />
		</rules>
	</element>

	<element name="Huge" type="Racial Trait" source="Internal" id="ID_INTERNAL_RACIAL_TRAIT_HUGE">
		<description>
			<p>Your size is Huge.</p>
		</description>
		<sheet display="false" />
		<compendium display="false" />
		<rules>
			<grant type="Size" id="ID_SIZE_HUGE" />
		</rules>
	</element>

	<element name="Gargantuan" type="Racial Trait" source="Internal" id="ID_INTERNAL_RACIAL_TRAIT_GARGANTUAN">
		<description>
			<p>Your size is Gargantuan.</p>
		</description>
		<sheet display="false" />
		<compendium display="false" />
		<rules>
			<grant type="Size" id="ID_SIZE_GARGANTUAN" />
		</rules>
	</element>

	<element name="Colossal" type="Racial Trait" source="Internal" id="ID_INTERNAL_RACIAL_TRAIT_COLOSSAL">
		<description>
			<p>Your size is Colossal.</p>
		</description>
		<sheet display="false" />
		<compendium display="false" />
		<rules>
			<grant type="Size" id="ID_SIZE_COLOSSAL" />
		</rules>
	</element>

	<!-- Multiclassing Grants element -->
	<element name="Multiclass Spellcasting Slots Half Up" type="Grants" source="Internal" id="ID_INTERNAL_GRANT_MULTICLASS_SPELLCASTING_SLOTS_HALF_UP">
		<rules>
			<stat name="multiclass:spellcasting:level" value="1" level="1" />
			<stat name="multiclass:spellcasting:level" value="1" level="3" />
			<stat name="multiclass:spellcasting:level" value="1" level="5" />
			<stat name="multiclass:spellcasting:level" value="1" level="7" />
			<stat name="multiclass:spellcasting:level" value="1" level="9" />
			<stat name="multiclass:spellcasting:level" value="1" level="11" />
			<stat name="multiclass:spellcasting:level" value="1" level="13" />
			<stat name="multiclass:spellcasting:level" value="1" level="15" />
			<stat name="multiclass:spellcasting:level" value="1" level="17" />
			<stat name="multiclass:spellcasting:level" value="1" level="19" />
		</rules>
	</element>

	<!--Creature Types-->
	<element name="Creature Type" type="Information" source="Internal" id="ID_WOTC_INTERNAL_INFORMATION_CREATURE_TYPE">
		<description>
			<p>Every creature in D&amp;D, including every player character, has a special tag in the rules that identifies the type of creature they are. Most player characters are of the Humanoid type. A race option presented here tells you what your character’s creature type is.</p>
			<p class="indent"><strong><em>List of Types.</em></strong> Here’s a list of the game’s creature types in alphabetical order: Aberration, Beast, Celestial, Construct, Dragon, Elemental, Fey, Fiend, Giant, Humanoid, Monstrosity, Ooze, Plant, Undead. These types don’t have rules themselves, but some rules in the game affect creatures of certain types in different ways. For example, the text of the <i>cure wounds</i> spell specifies that the spell doesn’t work on a creature that has the Construct or Undead type.</p>
			<p class="indent"><strong><em>Having More Than One Type.</em></strong> Some creatures are of more than one creature type. If an effect works on at least one of a creature’s types, that effect can work on that creature. For example, if you are both a Humanoid and an Undead, <i>cure wounds</i> works on you, since the spell works on a Humanoid.</p>
		</description>
	</element>

	<element name="Aberration" type="Racial Trait" source="Internal" id="ID_INTERNAL_RACIAL_TRAIT_TYPE_ABERRATION">
		<supports>Creature Type</supports>
		<description>
			<p>Your creature type is Aberration.</p>
			<div class="reference">
				<div element="ID_WOTC_INTERNAL_INFORMATION_CREATURE_TYPE" />
			</div>
		</description>
		<sheet alt="Creature Type">
			<description>Aberration.</description>
		</sheet>
	</element>

	<element name="Beast" type="Racial Trait" source="Internal" id="ID_INTERNAL_RACIAL_TRAIT_TYPE_BEAST">
		<supports>Creature Type</supports>
		<description>
			<p>Your creature type is Beast.</p>
			<div class="reference">
				<div element="ID_WOTC_INTERNAL_INFORMATION_CREATURE_TYPE" />
			</div>
		</description>
		<sheet alt="Creature Type">
			<description>Beast.</description>
		</sheet>
	</element>

	<element name="Celestial" type="Racial Trait" source="Internal" id="ID_INTERNAL_RACIAL_TRAIT_TYPE_CELESTIAL">
		<supports>Creature Type</supports>
		<description>
			<p>Your creature type is Celestial.</p>
			<div class="reference">
				<div element="ID_WOTC_INTERNAL_INFORMATION_CREATURE_TYPE" />
		</div>
		</description>
		<sheet alt="Creature Type">
			<description>Celestial.</description>
		</sheet>
	</element>

	<element name="Construct" type="Racial Trait" source="Internal" id="ID_INTERNAL_RACIAL_TRAIT_TYPE_CONSTRUCT">
		<supports>Creature Type</supports>
		<description>
			<p>Your creature type is Construct.</p>
			<div class="reference">
				<div element="ID_WOTC_INTERNAL_INFORMATION_CREATURE_TYPE" />
			</div>
		</description>
		<sheet alt="Creature Type">
			<description>Construct.</description>
		</sheet>
	</element>

	<element name="Dragon" type="Racial Trait" source="Internal" id="ID_INTERNAL_RACIAL_TRAIT_TYPE_DRAGON">
		<supports>Creature Type</supports>
		<description>
			<p>Your creature type is Dragon.</p>
			<div class="reference">
				<div element="ID_WOTC_INTERNAL_INFORMATION_CREATURE_TYPE" />
			</div>
		</description>
		<sheet alt="Creature Type">
			<description>Dragon.</description>
		</sheet>
	</element>

	<element name="Elemental" type="Racial Trait" source="Internal" id="ID_INTERNAL_RACIAL_TRAIT_TYPE_ELEMENTAL">
		<supports>Creature Type</supports>
		<description>
			<p>Your creature type is Elemental.</p>
			<div class="reference">
				<div element="ID_WOTC_INTERNAL_INFORMATION_CREATURE_TYPE" />
			</div>
		</description>
		<sheet alt="Creature Type">
			<description>Elemental.</description>
		</sheet>
	</element>

	<element name="Fey" type="Racial Trait" source="Internal" id="ID_INTERNAL_RACIAL_TRAIT_TYPE_FEY">
		<supports>Creature Type</supports>
		<description>
			<p>Your creature type is Fey.</p>
			<div class="reference">
				<div element="ID_WOTC_INTERNAL_INFORMATION_CREATURE_TYPE" />
			</div>
		</description>
		<sheet alt="Creature Type">
			<description>Fey.</description>
		</sheet>
	</element>

	<element name="Fiend" type="Racial Trait" source="Internal" id="ID_INTERNAL_RACIAL_TRAIT_TYPE_FIEND">
		<supports>Creature Type</supports>
		<description>
			<p>Your creature type is Fiend.</p>
			<div class="reference">
				<div element="ID_WOTC_INTERNAL_INFORMATION_CREATURE_TYPE" />
			</div>
		</description>
		<sheet alt="Creature Type">
			<description>Fiend.</description>
		</sheet>
	</element>

	<element name="Giant" type="Racial Trait" source="Internal" id="ID_INTERNAL_RACIAL_TRAIT_TYPE_GIANT">
		<supports>Creature Type</supports>
		<description>
			<p>Your creature type is Giant.</p>
			<div class="reference">
				<div element="ID_WOTC_INTERNAL_INFORMATION_CREATURE_TYPE" />
			</div>
		</description>
		<sheet alt="Creature Type">
			<description>Giant.</description>
		</sheet>
	</element>

	<element name="Humanoid" type="Racial Trait" source="Internal" id="ID_INTERNAL_RACIAL_TRAIT_TYPE_HUMANOID">
		<supports>Creature Type</supports>
		<description>
			<p>Your creature type is Humanoid.</p>
			<div class="reference">
				<div element="ID_WOTC_INTERNAL_INFORMATION_CREATURE_TYPE" />
			</div>
		</description>
		<sheet alt="Creature Type">
			<description>Humanoid.</description>
		</sheet>
	</element>

	<element name="Humanoid Dwarf" type="Racial Trait" source="Internal" id="ID_INTERNAL_RACIAL_TRAIT_TYPE_HUMANOID_DWARF">
		<supports>Creature Type</supports>
		<description>
			<p>You are a Humanoid. You are also considered a dwarf for any prerequisite or effect that requires you to be a dwarf.</p>
			<div class="reference">
				<div element="ID_WOTC_INTERNAL_INFORMATION_CREATURE_TYPE" />
			</div>
		</description>
		<sheet alt="Creature Type">
			<description>Humanoid. You are also considered a dwarf for any prerequisite or effect that requires you to be a dwarf.</description>
		</sheet>
		<rules>
			<grant type="Grants" id="ID_INTERNAL_GRANT_RACE_DWARF" />
		</rules>
	</element>

	<element name="Humanoid Elf" type="Racial Trait" source="Internal" id="ID_INTERNAL_RACIAL_TRAIT_TYPE_HUMANOID_ELF">
		<supports>Creature Type</supports>
		<description>
			<p>You are a Humanoid. You are also considered an elf for any prerequisite or effect that requires you to be an elf.</p>
			<div class="reference">
				<div element="ID_WOTC_INTERNAL_INFORMATION_CREATURE_TYPE" />
			</div>
		</description>
		<sheet alt="Creature Type">
			<description>Humanoid. You are also considered an elf for any prerequisite or effect that requires you to be an elf.</description>
		</sheet>
		<rules>
			<grant type="Grants" id="ID_INTERNAL_GRANT_RACE_ELF" />
		</rules>
	</element>

	<element name="Humanoid Goblinoid" type="Racial Trait" source="Internal" id="ID_INTERNAL_RACIAL_TRAIT_TYPE_HUMANOID_GOBLINOID">
		<supports>Creature Type</supports>
		<description>
			<p>You are a Humanoid. You are also considered a goblinoid for any prerequisite or effect that requires you to be a goblinoid.</p>
			<div class="reference">
				<div element="ID_WOTC_INTERNAL_INFORMATION_CREATURE_TYPE" />
			</div>
		</description>
		<sheet alt="Creature Type">
			<description>Humanoid. You are also considered a goblinoid for any prerequisite or effect that requires you to be a goblinoid.</description>
		</sheet>
		<rules>
			<grant type="Grants" id="ID_INTERNAL_GRANT_RACE_GOBLINOID" />
		</rules>
	</element>

	<element name="Humanoid Gnome" type="Racial Trait" source="Internal" id="ID_INTERNAL_RACIAL_TRAIT_TYPE_HUMANOID_GNOME">
		<supports>Creature Type</supports>
		<description>
			<p>You are a Humanoid. You are also considered a gnome for any prerequisite or effect that requires you to be a gnome.</p>
			<div class="reference">
				<div element="ID_WOTC_INTERNAL_INFORMATION_CREATURE_TYPE" />
			</div>
		</description>
		<sheet alt="Creature Type">
			<description>Humanoid. You are also considered a gnome for any prerequisite or effect that requires you to be a gnome.</description>
		</sheet>
		<rules>
			<grant type="Grants" id="ID_INTERNAL_GRANT_RACE_GNOME" />
		</rules>
	</element>

	<element name="Monstrosity" type="Racial Trait" source="Internal" id="ID_INTERNAL_RACIAL_TRAIT_TYPE_MONSTROSITY">
		<supports>Creature Type</supports>
		<description>
			<p>Your creature type is Monstrosity.</p>
			<div class="reference">
				<div element="ID_WOTC_INTERNAL_INFORMATION_CREATURE_TYPE" />
			</div>
		</description>
		<sheet alt="Creature Type">
			<description>Monstrosity.</description>
		</sheet>
	</element>

	<element name="Ooze" type="Racial Trait" source="Internal" id="ID_INTERNAL_RACIAL_TRAIT_TYPE_OOZE">
		<supports>Creature Type</supports>
		<description>
			<p>Your creature type is Ooze.</p>
			<div class="reference">
				<div element="ID_WOTC_INTERNAL_INFORMATION_CREATURE_TYPE" />
			</div>
		</description>
		<sheet alt="Creature Type">
			<description>Ooze.</description>
		</sheet>
	</element>

	<element name="Plant" type="Racial Trait" source="Internal" id="ID_INTERNAL_RACIAL_TRAIT_TYPE_PLANT">
		<supports>Creature Type</supports>
		<description>
			<p>Your creature type is Plant.</p>
			<div class="reference">
				<div element="ID_WOTC_INTERNAL_INFORMATION_CREATURE_TYPE" />
			</div>
		</description>
		<sheet alt="Creature Type">
			<description>Plant.</description>
		</sheet>
	</element>

	<element name="Undead" type="Racial Trait" source="Internal" id="ID_INTERNAL_RACIAL_TRAIT_TYPE_UNDEAD">
		<supports>Creature Type</supports>
		<description>
			<p>Your creature type is Undead.</p>
			<div class="reference">
				<div element="ID_WOTC_INTERNAL_INFORMATION_CREATURE_TYPE" />
			</div>
		</description>
		<sheet alt="Creature Type">
			<description>Undead.</description>
		</sheet>
	</element>

	<!--Speed-->
	<element name="Speed: Climb Equals Walking" type="Item" source="Internal" id="ID_INTERNAL_ITEM_CLIMB_WALKING">
		<description>
			<p><i>You can equip this item to “enable” it. It remains hidden from the inventory on your character sheet.</i></p>
			<p>You have a climbing speed equal to your walking speed.</p>
		</description>
		<setters>
			<set name="category">Additional Feature</set>
			<set name="slot">misc</set>
			<set name="inventory-hidden">true</set>
		</setters>
		<rules>
			<stat name="innate speed:climb" value="innate speed" bonus="base" />
		</rules>
	</element>

	<element name="Speed: Climb +5 Feet" type="Item" source="Internal" id="ID_INTERNAL_ITEM_CLIMB_5">
		<description>
			<p><i>You can equip this item to “enable” it. It remains hidden from the inventory on your character sheet.</i></p>
			<p>YYou have an additional 5 feet of climbing speed.</p>
		</description>
		<setters>
			<set name="category">Additional Feature</set>
			<set name="slot">misc</set>
			<set name="inventory-hidden">true</set>
		</setters>
		<rules>
			<stat name="innate speed:climb" value="5" />
		</rules>
	</element>

	<element name="Speed: Climb +10 Feet" type="Item" source="Internal" id="ID_INTERNAL_ITEM_CLIMB_10">
		<description>
			<p><i>You can equip this item to “enable” it. It remains hidden from the inventory on your character sheet.</i></p>
			<p>You have an additional 10 feet of climbing speed.</p>
		</description>
		<setters>
			<set name="category">Additional Feature</set>
			<set name="slot">misc</set>
			<set name="inventory-hidden">true</set>
		</setters>
		<rules>
			<stat name="innate speed:climb" value="10"/>
		</rules>
	</element>

	<element name="Speed: Swim Equals Walking" type="Item" source="Internal" id="ID_INTERNAL_ITEM_SWIM_WALKING">
		<description>
			<p><i>You can equip this item to “enable” it. It remains hidden from the inventory on your character sheet.</i></p>
			<p>You have a swiming speed equal to your walking speed.</p>
		</description>
		<setters>
			<set name="category">Additional Feature</set>
			<set name="slot">misc</set>
			<set name="inventory-hidden">true</set>
		</setters>
		<rules>
			<stat name="innate speed:swim" value="innate speed" bonus="base" />
		</rules>
	</element>

	<element name="Speed: Swim +5 Feet" type="Item" source="Internal" id="ID_INTERNAL_ITEM_SWIM_5">
		<description>
			<p><i>You can equip this item to “enable” it. It remains hidden from the inventory on your character sheet.</i></p>
			<p>You have an additional 5 feet of smiming speed.</p>
		</description>
		<setters>
			<set name="category">Additional Feature</set>
			<set name="slot">misc</set>
			<set name="inventory-hidden">true</set>
		</setters>
		<rules>
			<stat name="innate speed:swim" value="5" />
		</rules>
	</element>

	<element name="Speed: Swim +10 Feet" type="Item" source="Internal" id="ID_INTERNAL_ITEM_SWIM_10">
		<description>
			<p><i>You can equip this item to “enable” it. It remains hidden from the inventory on your character sheet.</i></p>
			<p>You have an additional 10 feet of smiming speed.</p>
		</description>
		<setters>
			<set name="category">Additional Feature</set>
			<set name="slot">misc</set>
			<set name="inventory-hidden">true</set>
		</setters>
		<rules>
			<stat name="innate speed:swim" value="10" />
		</rules>
	</element>

	<element name="Speed: Fly Equals Walking" type="Item" source="Internal" id="ID_INTERNAL_ITEM_FLY_WALKING">
		<description>
			<p><i>You can equip this item to “enable” it. It remains hidden from the inventory on your character sheet.</i></p>
			<p>You have a flying speed equal to your walking speed.</p>
		</description>
		<setters>
			<set name="category">Additional Feature</set>
			<set name="slot">misc</set>
			<set name="inventory-hidden">true</set>
		</setters>
		<rules>
			<stat name="innate speed:fly" value="innate speed" bonus="base" />
		</rules>
	</element>

	<element name="Speed: Fly +5 Feet" type="Item" source="Internal" id="ID_INTERNAL_ITEM_FLY_5">
		<description>
			<p><i>You can equip this item to “enable” it. It remains hidden from the inventory on your character sheet.</i></p>
			<p>You have an additional 5 feet of flying speed.</p>
		</description>
		<setters>
			<set name="category">Additional Feature</set>
			<set name="slot">misc</set>
			<set name="inventory-hidden">true</set>
		</setters>
		<rules>
			<stat name="innate speed:fly" value="5"/>
		</rules>
	</element>

	<element name="Speed: Fly +10 Feet" type="Item" source="Internal" id="ID_INTERNAL_ITEM_FLY_10">
		<description>
			<p><i>You can equip this item to “enable” it. It remains hidden from the inventory on your character sheet.</i></p>
			<p>You have an additional 10 feet of flying speed.</p>
		</description>
		<setters>
			<set name="category">Additional Feature</set>
			<set name="slot">misc</set>
			<set name="inventory-hidden">true</set>
		</setters>
		<rules>
			<stat name="innate speed:fly" value="10" />
		</rules>
	</element>

	<element name="Speed: Walk +5 Feet" type="Item" source="Internal" id="ID_INTERNAL_ITEM_WALK_5">
		<description>
			<p><i>You can equip this item to “enable” it. It remains hidden from the inventory on your character sheet.</i></p>
			<p>You have an additional 5 feet of walking speed.</p>
		</description>
		<setters>
			<set name="category">Additional Feature</set>
			<set name="slot">misc</set>
			<set name="inventory-hidden">true</set>
		</setters>
		<rules>
			<stat name="innate speed" value="5"/>
		</rules>
	</element>

	<element name="Speed: Walk +10 Feet" type="Item" source="Internal" id="ID_INTERNAL_ITEM_WALK_10">
		<description>
			<p><i>You can equip this item to “enable” it. It remains hidden from the inventory on your character sheet.</i></p>
			<p>You have an additional 10 feet of walking speed.</p>
		</description>
		<setters>
			<set name="category">Additional Feature</set>
			<set name="slot">misc</set>
			<set name="inventory-hidden">true</set>
		</setters>
		<rules>
			<stat name="innate speed" value="10" />
		</rules>
	</element>

	<!--Vision-->
	<element name="Darkvision" type="Vision" source="Player’s Handbook" id="ID_VISION_DARKVISION">
		<requirements>!ID_VISION_SUPERIORDARKVISION</requirements>
		<description>
			<p>Many creatures in the worlds of D&amp;D, especially those that dwell underground, have darkvision. Within a specified range, a creature with darkvision can see in darkness as if the darkness were dim light, so areas of darkness are only lightly obscured as far as that creature is concerned. However, the creature can’t discern color in darkness, only shades of gray.</p>
		</description>
		<sheet>
			<description>You can see in dim light within {{darkvision:range}} feet of you as if it were bright light, and in darkness as if it were dim light.</description>
		</sheet>
		<rules>
			<stat name="darkvision:range" value="60" bonus="base" />
		</rules>
	</element>

	<element name="Darkvision" type="Vision" source="Player’s Handbook" id="ID_VISION_LESSER_DARKVISION">
		<requirements>!(ID_VISION_SUPERIORDARKVISION || ID_VISION_DARKVISION)</requirements>
		<compendium display="false" />
		<description>
			<p>Many creatures in the worlds of D&amp;D, especially those that dwell underground, have darkvision. Within a specified range, a creature with darkvision can see in darkness as if the darkness were dim light, so areas of darkness are only lightly obscured as far as that creature is concerned. However, the creature can’t discern color in darkness, only shades of gray.</p>
		</description>
		<sheet>
			<description>You can see in dim light within {{darkvision:range}} feet of you as if it were bright light, and in darkness as if it were dim light.</description>
		</sheet>
		<rules>
			<stat name="darkvision:range" value="0" bonus="base" />
		</rules>
	</element>

	<element name="Superior Darkvision" type="Vision" source="Player’s Handbook" id="ID_VISION_SUPERIORDARKVISION">
		<description>
			<p>Many creatures in the worlds of D&amp;D, especially those that dwell underground, have darkvision. Within a specified range, a creature with darkvision can see in darkness as if the darkness were dim light, so areas of darkness are only lightly obscured as far as that creature is concerned. However, the creature can’t discern color in darkness, only shades of gray.</p>
		</description>
		<sheet>
			<description>You can see in dim light within {{darkvision:range}} feet of you as if it were bright light, and in darkness as if it were dim light.</description>
		</sheet>
		<rules>
			<stat name="darkvision:range" value="120" bonus="base" />
		</rules>
	</element>

	<element name="Vision: Darkvision +10 Feet" type="Item" source="Internal" id="ID_INTERNAL_RACIAL_TRAIT_DARKVISION_10">
		<description>
			<p><i>You can equip this item to “enable” it. It remains hidden from the inventory on your character sheet.</i></p>
			<p>You have an additional 10 feet of darkvision.</p>
		</description>
		<setters>
			<set name="category">Additional Feature</set>
			<set name="slot">misc</set>
			<set name="inventory-hidden">true</set>
		</setters>
		<sheet display="false" />
		<rules>
			<grant type="Vision" id="ID_VISION_LESSER_DARKVISION" />
			<stat name="darkvision:range" value="10" />
		</rules>
	</element>

	<element name="Vision: Darkvision +5 Feet" type="Item" source="Internal" id="ID_INTERNAL_RACIAL_TRAIT_DARKVISION_5">
		<description>
			<p><i>You can equip this item to “enable” it. It remains hidden from the inventory on your character sheet.</i></p>
			<p>You have an additional 5 feet of darkvision.</p>
		</description>
		<setters>
			<set name="category">Additional Feature</set>
			<set name="slot">misc</set>
			<set name="inventory-hidden">true</set>
		</setters>
		<sheet display="false" />
		<rules>
			<grant type="Vision" id="ID_VISION_LESSER_DARKVISION" />
			<stat name="darkvision:range" value="5" />
		</rules>
	</element>

	<element name="Blindsight" type="Vision" source="Player’s Handbook" id="ID_VISION_BLINDSIGHT">
		<description>
			<p>A creature with blindsight can perceive its surroundings without relying on sight, within a specific radius. Creatures without eyes, such as oozes, and creatures with echolocation or heightened senses, such as bats and true dragons, have this sense.</p>
		</description>
		<sheet>
			<description>You perceive your surroundings within {{blindsight:range}} feet without relying on sight.</description>
		</sheet>
		<rules>
			<stat name="blindsight:range" value="0" bonus="base" />
		</rules>
	</element>

	<element name="Vision: Blindsight +10 Feet" type="Item" source="Internal" id="ID_INTERNAL_RACIAL_TRAIT_BLINDSIGHT_10">
		<description>
			<p><i>You can equip this item to “enable” it. It remains hidden from the inventory on your character sheet.</i></p>
			<p>You have an additional 10 feet of blindsight.</p>
		</description>
		<setters>
			<set name="category">Additional Feature</set>
			<set name="slot">misc</set>
			<set name="inventory-hidden">true</set>
		</setters>
		<sheet display="false" />
		<rules>
			<grant type="Vision" id="ID_VISION_BLINDSIGHT" />
			<stat name="blindsight:range" value="10" />
		</rules>
	</element>

	<element name="Vision: Blindsight +5 Feet" type="Item" source="Internal" id="ID_INTERNAL_RACIAL_TRAIT_BLINDSIGHT_5">
		<description>
			<p><i>You can equip this item to “enable” it. It remains hidden from the inventory on your character sheet.</i></p>
			<p>You have an additional 5 feet of blindsight.</p>
		</description>
		<setters>
			<set name="category">Additional Feature</set>
			<set name="slot">misc</set>
			<set name="inventory-hidden">true</set>
		</setters>
		<sheet display="false" />
		<rules>
			<grant type="Vision" id="ID_VISION_BLINDSIGHT" />
			<stat name="blindsight:range" value="5" />
		</rules>
	</element>

	<element name="Truesight" type="Vision" source="Player’s Handbook" id="ID_VISION_TRUESIGHT">
		<description>
			<p>A creature with truesight can, out to a specific range, see in normal and magical darkness, see invisible creatures and objects, automatically detect visual illusions and succeed on saving throws against them, and perceives the original form of a shapechanger or a creature that is transformed by magic. Furthermore, the creature can see into the Ethereal Plane.</p>
		</description>
		<sheet>
			<description>You can see in normal and magical darkness, see invisible creatures and objects, automatically detect visual illusions and succeed on saving throws against them, and perceives the original form of a shapechanger or a creature that is transformed by magic within {{truesight:range}} feet. Furthermore, the creature can see into the Ethereal Plane.</description>
		</sheet>
		<rules>
			<stat name="truesight:range" value="0" bonus="base" />
		</rules>
	</element>

	<element name="Vision: Truesight +10 Feet" type="Item" source="Internal" id="ID_INTERNAL_RACIAL_TRAIT_TRUESIGHT_10">
		<description>
			<p><i>You can equip this item to “enable” it. It remains hidden from the inventory on your character sheet.</i></p>
			<p>You have an additional 10 feet of truesight.</p>
		</description>
		<setters>
			<set name="category">Additional Feature</set>
			<set name="slot">misc</set>
			<set name="inventory-hidden">true</set>
		</setters>
		<sheet display="false" />
		<rules>
			<grant type="Vision" id="ID_VISION_TRUESIGHT" />
			<stat name="truesight:range" value="10" />
		</rules>
	</element>

	<element name="Vision: Truesight +5 Feet" type="Item" source="Internal" id="ID_INTERNAL_RACIAL_TRAIT_TRUESIGHT_5">
		<description>
			<p><i>You can equip this item to “enable” it. It remains hidden from the inventory on your character sheet.</i></p>
			<p>You have an additional 5 feet of truesight.</p>
		</description>
		<setters>
			<set name="category">Additional Feature</set>
			<set name="slot">misc</set>
			<set name="inventory-hidden">true</set>
		</setters>
		<sheet display="false" />
		<rules>
			<grant type="Vision" id="ID_VISION_TRUESIGHT" />
			<stat name="truesight:range" value="5" />
		</rules>
	</element>

	<element name="Tremorsense" type="Vision" source="Player’s Handbook" id="ID_VISION_TREMORSENSE">
		<description>
			<p>A monster with tremorsense can detect and pinpoint the origin of vibrations within a specific radius, provided that the monster and the source of the vibrations are in contact with the same ground or substance.</p>
			<p class="indent">Tremorsense can't be used to detect flying or incorporeal creatures. Many burrowing creatures, such as ankhegs, have this special sense.</p>
		</description>
		<sheet>
			<description>You can detect and pinpoint the origin of vibrations within {{tremorsense:range}} feet, provided that the monster and the source of the vibrations are in contact with the same ground or substance. Tremorsense can't be used to detect flying or incorporeal creatures.</description>
		</sheet>
		<rules>
			<stat name="tremorsense:range" value="0" bonus="base" />
		</rules>
	</element>

	<element name="Vision: Tremorsense +10 Feet" type="Item" source="Internal" id="ID_INTERNAL_RACIAL_TRAIT_TREMORSENSE_10">
		<description>
			<p><i>You can equip this item to “enable” it. It remains hidden from the inventory on your character sheet.</i></p>
			<p>You have an additional 10 feet of tremorsense.</p>
		</description>
		<setters>
			<set name="category">Additional Feature</set>
			<set name="slot">misc</set>
			<set name="inventory-hidden">true</set>
		</setters>
		<sheet display="false" />
		<rules>
			<grant type="Vision" id="ID_VISION_TREMORSENSE" />
			<stat name="tremorsense:range" value="10" />
		</rules>
	</element>

	<element name="Vision: Tremorsense +5 Feet" type="Item" source="Internal" id="ID_INTERNAL_RACIAL_TRAIT_TREMORSENSE_5">
		<description>
			<p><i>You can equip this item to “enable” it. It remains hidden from the inventory on your character sheet.</i></p>
			<p>You have an additional 5 feet of tremorsense.</p>
		</description>
		<setters>
			<set name="category">Additional Feature</set>
			<set name="slot">misc</set>
			<set name="inventory-hidden">true</set>
		</setters>
		<sheet display="false" />
		<rules>
			<grant type="Vision" id="ID_VISION_TREMORSENSE" />
			<stat name="tremorsense:range" value="5" />
		</rules>
	</element>


	<!--Race/Subrace Grants for Feats, Items, Exc-->
	<element name="Race Dragonborn" type="Grants" source="Internal" id="ID_INTERNAL_GRANT_RACE_DRAGONBORN" />
	<element name="Race Dwarf" type="Grants" source="Internal" id="ID_INTERNAL_GRANT_RACE_DWARF" />
	<element name="Race Elf" type="Grants" source="Internal" id="ID_INTERNAL_GRANT_RACE_ELF" />
	<element name="Race Dark Elf" type="Grants" source="Internal" id="ID_INTERNAL_GRANT_RACE_DARK_ELF" />
	<element name="Race High Elf" type="Grants" source="Internal" id="ID_INTERNAL_GRANT_RACE_HIGH_ELF" />
	<element name="Race Wood Elf" type="Grants" source="Internal" id="ID_INTERNAL_GRANT_RACE_WOOD_ELF" />
	<element name="Race Gnome" type="Grants" source="Internal" id="ID_INTERNAL_GRANT_RACE_GNOME" />
	<element name="Race Goblinoid" type="Grants" source="Internal" id="ID_INTERNAL_GRANT_RACE_GOBLINOID" />
	<element name="Race Half Elf" type="Grants" source="Internal" id="ID_INTERNAL_GRANT_RACE_HALF_ELF" />
	<element name="Race Half Orc" type="Grants" source="Internal" id="ID_INTERNAL_GRANT_RACE_HALF_ORC" />
	<element name="Race Halfling" type="Grants" source="Internal" id="ID_INTERNAL_GRANT_RACE_HALFLING" />
	<element name="Race Human" type="Grants" source="Internal" id="ID_INTERNAL_GRANT_RACE_HUMAN" />
	<element name="Race Tiefling" type="Grants" source="Internal" id="ID_INTERNAL_GRANT_RACE_TIEFLING" />

	<!--Misc-->
	<element name="Armor Ignore Strength Requirement" type="Grants" source="Internal" id="ID_INTERNAL_GRANT_ARMOR_IGNORE_STRENGTH_REQUIREMENT" />
	<element name="Background with a Feat" type="Grants" source="Internal" id="ID_INTERNAL_GRANTS_BACKGROUND_WITH_A_FEAT" />

	<!--Adding Gaming Sets To Tools-->
	<append id="ID_PROFICIENCY_GAMING_SET_PROFICIENCY_DICE_SET">
		<supports>Tool</supports>
	</append>
	<append id="ID_PROFICIENCY_GAMING_SET_PROFICIENCY_DRAGONCHESS_SET">
		<supports>Tool</supports>
	</append>
	<append id="ID_PROFICIENCY_GAMING_SET_PROFICIENCY_PLAYING_CARD_SET">
		<supports>Tool</supports>
	</append>
	<append id="ID_PROFICIENCY_GAMING_SET_PROFICIENCY_THREE_DRAGON_ANTE_SET">
		<supports>Tool</supports>
	</append>

	<!--DDB Boomerang-->
	<element name="Boomerang" type="Weapon" source="Internal" id="ID_INTERNAL_WEAPON_BOOMERANG">
		<supports>ID_INTERNAL_WEAPON_CATEGORY_SIMPLE_RANGED, ID_INTERNAL_DAMAGE_TYPE_BLUDGEONING, ID_INTERNAL_WEAPON_PROPERTY_THROWN</supports>
		<description>
			<p>The boomerang is a ranged weapon, and any creature proficient with the javelin is also proficient with this weapon.</p>
			<p class="indent">On a miss, a boomerang returns to the thrower's hand.</p>
		</description>
		<setters>
			<set name="category">Weapons</set>
			<set name="cost" currency="gp">0</set>
			<set name="weight" lb="2">2 lb.</set>
			<set name="slot">onehand</set>
			<set name="range">60/120</set>
			<set name="damage" type="bludgeoning">1d4</set>
			<set name="proficiency">ID_PROFICIENCY_WEAPON_PROFICIENCY_JAVELIN</set>
			<set name="sourceUrl">https://www.dndbeyond.com/equipment/boomerang</set>
		</setters>
	</element>
</elements>
