<?xml version="1.0" encoding="utf-8" ?>
<elements>
	<info>
		<name>Mounts and Vehicles</name>
		<description></description>
		<author url="http://dnd.wizards.com/products/tabletop-games/rpg-products/rpg_playershandbook">Wizards of the Coast</author>
		<update version="0.0.1">
			<file name="items-mounts-vehicles.xml" url="https://raw.githubusercontent.com/Netrinil/Aurora/master/core/players-handbook-2024/items/items-mounts-vehicles.xml" />
		</update>
	</info>
	<element name="Camel" type="Item" source="Player’s Handbook 2024" id="ID_WOTC_PHB24_ITEM_CAMEL">
		<description>
			<p><strong><em>Speed.</em></strong> 50 ft.<br/><strong><em>Carrying Capacity.</em></strong> 450 lb.</p>
		</description>
		<setters>
			<set name="category">Mounts &amp; Vehicles</set>
			<set name="cost" currency="gp">50</set>
			<set name="weight" lb="0" excludeEncumbrance="true">—</set>
			<set name="type">Mount</set>
		</setters>
	</element> 
	<!--
	<element name="Donkey" type="Item" source="Player’s Handbook 2024" id="ID_WOTC_PHB24_ITEM_DONKEY">
		<description>
			<p><strong><em>Speed.</em></strong> 40 ft.<br/><strong><em>Carrying Capacity.</em></strong> 420 lb.</p>
		</description>
		<setters>
			<set name="category">Mounts &amp; Vehicles</set>
			<set name="cost" currency="gp">8</set>
			<set name="weight" lb="0">—</set>
			<set name="type">Mount</set>
		</setters>
	</element> -->
	<element name="Mule" type="Item" source="Player’s Handbook 2024" id="ID_WOTC_PHB24_ITEM_MULE">
		<description>
			<p><strong><em>Speed.</em></strong> 40 ft.<br/><strong><em>Carrying Capacity.</em></strong> 420 lb.</p>
		</description>
		<setters>
			<set name="category">Mounts &amp; Vehicles</set>
			<set name="cost" currency="gp">8</set>
			<set name="weight" lb="0">—</set>
			<set name="type">Mount</set>
		</setters>
	</element> 
	<element name="Elephant" type="Item" source="Player’s Handbook 2024" id="ID_WOTC_PHB24_ITEM_ELEPHANT">
		<description>
			<p><strong><em>Speed.</em></strong> 40 ft.<br/><strong><em>Carrying Capacity.</em></strong> 1320 lb.</p>
		</description>
		<setters>
			<set name="category">Mounts &amp; Vehicles</set>
			<set name="cost" currency="gp">200</set>
			<set name="weight" lb="0">—</set>
			<set name="type">Mount</set>
		</setters>
	</element> 
	<element name="Horse, Draft" type="Item" source="Player’s Handbook 2024" id="ID_WOTC_PHB24_ITEM_HORSE_DRAFT">
		<description>
			<p><strong><em>Speed.</em></strong> 40 ft.<br/><strong><em>Carrying Capacity.</em></strong> 540 lb.</p>
		</description>
		<setters>
			<set name="category">Mounts &amp; Vehicles</set>
			<set name="cost" currency="gp">50</set>
			<set name="weight" lb="0">—</set>
			<set name="type">Mount</set>
		</setters>
	</element> 
	<element name="Horse, Riding" type="Item" source="Player’s Handbook 2024" id="ID_WOTC_PHB24_ITEM_HORSE_RIDING">
		<description>
			<p><strong><em>Speed.</em></strong> 60 ft.<br/><strong><em>Carrying Capacity.</em></strong> 480 lb.</p>
		</description>
		<setters>
			<set name="category">Mounts &amp; Vehicles</set>
			<set name="cost" currency="gp">75</set>
			<set name="weight" lb="0">—</set>
			<set name="type">Mount</set>
		</setters>
	</element> 
	<element name="Mastiff" type="Item" source="Player’s Handbook 2024" id="ID_WOTC_PHB24_ITEM_MASTIFF">
		<description>
			<p><strong><em>Speed.</em></strong> 40 ft.<br/><strong><em>Carrying Capacity.</em></strong> 195 lb.</p>
		</description>
		<setters>
			<set name="category">Mounts &amp; Vehicles</set>
			<set name="cost" currency="gp">25</set>
			<set name="weight" lb="0">—</set>
			<set name="type">Mount</set>
		</setters>
	</element> 
	<element name="Pony" type="Item" source="Player’s Handbook 2024" id="ID_WOTC_PHB24_ITEM_PONY">
		<description>
			<p><strong><em>Speed.</em></strong> 40 ft.<br/><strong><em>Carrying Capacity.</em></strong> 225 lb.</p>
		</description>
		<setters>
			<set name="category">Mounts &amp; Vehicles</set>
			<set name="cost" currency="gp">30</set>
			<set name="weight" lb="0">—</set>
			<set name="type">Mount</set>
		</setters>
	</element> 
	<element name="Warhorse" type="Item" source="Player’s Handbook 2024" id="ID_WOTC_PHB24_ITEM_WARHORSE">
		<description>
			<p><strong><em>Speed.</em></strong> 60 ft.<br/><strong><em>Carrying Capacity.</em></strong> 540 lb.</p>
		</description>
		<setters>
			<set name="category">Mounts &amp; Vehicles</set>
			<set name="cost" currency="gp">400</set>
			<set name="weight" lb="0">—</set>
			<set name="type">Mount</set>
		</setters>
	</element> 
	<element name="Barding" type="Item" source="Player’s Handbook 2024" id="ID_WOTC_PHB24_ITEM_BARDING">
		<description>
			<p>Barding is armor designed for a mount. Any type of armor on the Armor table in this chapter can be purchased as barding. The cost is four times the normal cost, and it weighs twice as much.</p>
		</description>
		<setters>
			<set name="category">Mounts &amp; Vehicles</set>
			<set name="cost" currency="gp">0</set>
			<set name="weight" lb="0">—</set>
		</setters>
	</element> 
	<!-- It's now included in the saddle description
	<element name="Bit and Bridle" type="Item" source="Player’s Handbook 2024" id="ID_WOTC_PHB24_ITEM_BIT_AND_BRIDLE">
		<description>
			<p></p>
		</description>
		<setters>
			<set name="category">Mounts &amp; Vehicles</set>
			<set name="cost" currency="gp">2</set>
			<set name="weight" lb="1">1 lb.</set>
		</setters>
	</element> -->
	<element name="Carriage" type="Item" source="Player’s Handbook 2024" id="ID_WOTC_PHB24_ITEM_CARRIAGE">
		<description>
			<p></p>
		</description>
		<setters>
			<set name="category">Mounts &amp; Vehicles</set>
			<set name="cost" currency="gp">100</set>
			<set name="weight" lb="600" excludeEncumbrance="true">600 lb.</set>
			<set name="type">Vehicle</set>
		</setters>
	</element> 
	<element name="Cart" type="Item" source="Player’s Handbook 2024" id="ID_WOTC_PHB24_ITEM_CART">
		<description>
			<p></p>
		</description>
		<setters>
			<set name="category">Mounts &amp; Vehicles</set>
			<set name="cost" currency="gp">15</set>
			<set name="weight" lb="200" excludeEncumbrance="true">200 lb.</set>
			<set name="type">Vehicle</set>
		</setters>
	</element> 
	<element name="Chariot" type="Item" source="Player’s Handbook 2024" id="ID_WOTC_PHB24_ITEM_CHARIOT">
		<description>
			<p></p>
		</description>
		<setters>
			<set name="category">Mounts &amp; Vehicles</set>
			<set name="cost" currency="gp">250</set>
			<set name="weight" lb="100" excludeEncumbrance="true">100 lb.</set>
			<set name="type">Vehicle</set>
		</setters>
	</element> 
	<element name="Feed (per day)" type="Item" source="Player’s Handbook 2024" id="ID_WOTC_PHB24_ITEM_FEED_PER_DAY">
		<description>
			<p></p>
		</description>
		<setters>
			<set name="category">Mounts &amp; Vehicles</set>
			<set name="cost" currency="cp">5</set>
			<set name="weight" lb="10">10 lb.</set>
			<set name="stackable">true</set>
		</setters>
	</element> 
	<element name="Saddle, Exotic" type="Item" source="Player’s Handbook 2024" id="ID_WOTC_PHB24_ITEM_SADDLE_EXOTIC">
		<description>
			<p>A saddle comes with a bit, a bridle, reins, and any other equipment needed to use the saddle. A Military Saddle gives Advantage on any ability check you make to remain mounted. An Exotic Saddle is required for riding an aquatic or a flying mount.</p>
		</description>
		<setters>
			<set name="category">Mounts &amp; Vehicles</set>
			<set name="cost" currency="gp">60</set>
			<set name="weight" lb="40" excludeEncumbrance="true">40 lb.</set>
		</setters>
	</element> 
	<element name="Saddle, Military" type="Item" source="Player’s Handbook 2024" id="ID_WOTC_PHB24_ITEM_SADDLE_MILITARY">
		<description>
			<p>A saddle comes with a bit, a bridle, reins, and any other equipment needed to use the saddle. A Military Saddle gives Advantage on any ability check you make to remain mounted. An Exotic Saddle is required for riding an aquatic or a flying mount.</p>
		</description>
		<setters>
			<set name="category">Mounts &amp; Vehicles</set>
			<set name="cost" currency="gp">20</set>
			<set name="weight" lb="30" excludeEncumbrance="true">30 lb.</set>
		</setters>
	</element> 
	<element name="Saddle, Riding" type="Item" source="Player’s Handbook 2024" id="ID_WOTC_PHB24_ITEM_SADDLE_RIDING">
		<description>
			<p>A saddle comes with a bit, a bridle, reins, and any other equipment needed to use the saddle. A Military Saddle gives Advantage on any ability check you make to remain mounted. An Exotic Saddle is required for riding an aquatic or a flying mount.</p>
		</description>
		<setters>
			<set name="category">Mounts &amp; Vehicles</set>
			<set name="cost" currency="gp">10</set>
			<set name="weight" lb="25" excludeEncumbrance="true">25 lb.</set>
		</setters>
	</element> 
	<!-- 
	<element name="Saddlebags" type="Item" source="Player’s Handbook 2024" id="ID_WOTC_PHB24_ITEM_SADDLEBAGS">
		<description>
			<p></p>
		</description>
		<setters>
			<set name="category">Mounts &amp; Vehicles</set>
			<set name="cost" currency="gp">4</set>
			<set name="weight" lb="8" excludeEncumbrance="true">8 lb.</set>
		</setters>
	</element> -->
	<element name="Sled" type="Item" source="Player’s Handbook 2024" id="ID_WOTC_PHB24_ITEM_SLED">
		<description>
			<p></p>
		</description>
		<setters>
			<set name="category">Mounts &amp; Vehicles</set>
			<set name="cost" currency="gp">20</set>
			<set name="weight" lb="300" excludeEncumbrance="true">300 lb.</set>
			<set name="type">Vehicle</set>
		</setters>
	</element> 
	<element name="Stabling (per day)" type="Item" source="Player’s Handbook 2024" id="ID_WOTC_PHB24_ITEM_STABLING">
		<description>
			<p></p>
		</description>
		<setters>
			<set name="category">Mounts &amp; Vehicles</set>
			<set name="cost" currency="sp">5</set>
			<set name="weight" lb="0">0 lb.</set>
			<set name="stackable">true</set>
		</setters>
	</element> 
	<element name="Wagon" type="Item" source="Player’s Handbook 2024" id="ID_WOTC_PHB24_ITEM_WAGON">
		<description>
			<p></p>
		</description>
		<setters>
			<set name="category">Mounts &amp; Vehicles</set>
			<set name="cost" currency="gp">35</set>
			<set name="weight" lb="400" excludeEncumbrance="true">400 lb.</set>
			<set name="type">Vehicle</set>
		</setters>
	</element> 
<!-- Previously introduced in 2014 DMG -->
	<element name="Airship" type="Item" source="Player’s Handbook 2024" id="ID_WOTC_PHB24_ITEM_AIRSHIP">
		<supports>Airborne</supports>
		<description>
			<ul class="unstyled">
				<li><b>Speed.</b> 8 mph</li>
				<li><b>Crew.</b> 10</li>
				<li><b>Passengers.</b> 20</li>
				<li><b>Cargo (tons).</b> 1</li>
				<li><b>AC.</b> 13</li>
				<li><b>HP.</b> 300</li>
				<li><b>Damage Threshold.</b> —</li>
			</ul>
		</description>
		<setters>
			<set name="category">Mounts &amp; Vehicles</set>
			<set name="cost" currency="gp">40000</set>
			<set name="weight" lb="0" excludeEncumbrance="true">0 lb.</set>
			<set name="type">Vehicle</set>			
		</setters>
	</element> 
	<element name="Galley" type="Item" source="Player’s Handbook 2024" id="ID_WOTC_PHB24_ITEM_GALLEY">
		<description>
			<ul class="unstyled">
				<li><b>Speed.</b> 4 mph</li>
				<li><b>Crew.</b> 80</li>
				<li><b>Passengers.</b> —</li>
				<li><b>Cargo (tons).</b> 150</li>
				<li><b>AC.</b> 15</li>
				<li><b>HP.</b> 500</li>
				<li><b>Damage Threshold.</b> 20</li>
			</ul>
		</description>
		<setters>
			<set name="category">Mounts &amp; Vehicles</set>
			<set name="cost" currency="gp">30000</set>
			<set name="weight" lb="0" excludeEncumbrance="true">0 lb.</set>
			<set name="type">Vehicle</set>
		</setters>
	</element>
	<element name="Keelboat" type="Item" source="Player’s Handbook 2024" id="ID_WOTC_PHB24_ITEM_KEELBOAT">
		<description>
			<ul class="unstyled">
				<li><b>Speed.</b> 1 mph</li>
				<li><b>Crew.</b> 1</li>
				<li><b>Passengers.</b> 6</li>
				<li><b>Cargo (tons).</b> 1/2</li>
				<li><b>AC.</b> 15</li>
				<li><b>HP.</b> 100</li>
				<li><b>Damage Threshold.</b> 10</li>
			</ul>
		</description>
		<setters>
			<set name="category">Mounts &amp; Vehicles</set>
			<set name="cost" currency="gp">3000</set>
			<set name="weight" lb="0" excludeEncumbrance="true">0 lb.</set>
			<set name="type">Vehicle</set>
		</setters>
	</element>
	<element name="Longship" type="Item" source="Player’s Handbook 2024" id="ID_WOTC_PHB24_ITEM_LONGSHIP">
		<description>
			<ul class="unstyled">
				<li><b>Speed.</b> 3 mph</li>
				<li><b>Crew.</b> 40</li>
				<li><b>Passengers.</b> 150</li>
				<li><b>Cargo (tons).</b> 10</li>
				<li><b>AC.</b> 15</li>
				<li><b>HP.</b> 300</li>
				<li><b>Damage Threshold.</b> 15</li>
			</ul>
		</description>
		<setters>
			<set name="category">Mounts &amp; Vehicles</set>
			<set name="cost" currency="gp">10000</set>
			<set name="weight" lb="0" excludeEncumbrance="true">0 lb.</set>
			<set name="type">Vehicle</set>
		</setters>
	</element>
	<element name="Rowboat" type="Item" source="Player’s Handbook 2024" id="ID_WOTC_PHB24_ITEM_ROWBOAT">
		<description>
			<ul class="unstyled">
				<li><b>Speed.</b> 1½ mph</li>
				<li><b>Crew.</b> 1</li>
				<li><b>Passengers.</b> 3</li>
				<li><b>Cargo (tons).</b> —</li>
				<li><b>AC.</b> 11</li>
				<li><b>HP.</b> 50</li>
				<li><b>Damage Threshold.</b> —</li>
			</ul>
		</description>
		<setters>
			<set name="category">Mounts &amp; Vehicles</set>
			<set name="cost" currency="gp">50</set>
			<set name="weight" lb="0" excludeEncumbrance="true">0 lb.</set>
			<set name="type">Vehicle</set>
		</setters>
	</element>
	<element name="Sailing Ship" type="Item" source="Player’s Handbook 2024" id="ID_WOTC_PHB24_ITEM_SAILING_SHIP">
		<description>
			<ul class="unstyled">
				<li><b>Speed.</b> 2 mph</li>
				<li><b>Crew.</b> 20</li>
				<li><b>Passengers.</b> 20</li>
				<li><b>Cargo (tons).</b> 100</li>
				<li><b>AC.</b> 15</li>
				<li><b>HP.</b> 300</li>
				<li><b>Damage Threshold.</b> 15</li>
			</ul>
		</description>
		<setters>
			<set name="category">Mounts &amp; Vehicles</set>
			<set name="cost" currency="gp">10000</set>
			<set name="weight" lb="0" excludeEncumbrance="true">0 lb.</set>
			<set name="type">Vehicle</set>
		</setters>
	</element>
	<element name="Warship" type="Item" source="Player’s Handbook 2024" id="ID_WOTC_PHB24_ITEM_WARSHIP">
		<description>
			<ul class="unstyled">
				<li><b>Speed.</b> 2½ mph</li>
				<li><b>Crew.</b> 60</li>
				<li><b>Passengers.</b> 60</li>
				<li><b>Cargo (tons).</b> 200</li>
				<li><b>AC.</b> 15</li>
				<li><b>HP.</b> 500</li>
				<li><b>Damage Threshold.</b> 20</li>
			</ul>
		</description>
		<setters>
			<set name="category">Mounts &amp; Vehicles</set>
			<set name="cost" currency="gp">25000</set>
			<set name="weight" lb="0" excludeEncumbrance="true">0 lb.</set>
			<set name="type">Vehicle</set>
		</setters>
	</element>
</elements>
