<?xml version="1.0" encoding="utf-8" ?>
<elements>
	<info>
		<name>Adventuring Gear</name>
		<description></description>
		<author url="http://dnd.wizards.com/products/tabletop-games/rpg-products/rpg_playershandbook">Wizards of the Coast</author>
		<update version="0.0.1">
			<file name="items-gear.xml" url="https://raw.githubusercontent.com/Netrinil/Aurora/master/core/players-handbook-2024/items/items-gear.xml" />
		</update>
	</info>
<!-- Commented elements aren't in the new PHB -->
	<!--
	<element name="Abacus" type="Item" source="Player’s Handbook 2024" id="ID_WOTC_PHB24_ITEM_ABACUS">
		<description>
			<p>A standard tool used to make calculations.</p>
		</description>
		<setters>
			<set name="category">Adventuring Gear</set>
			<set name="cost" currency="gp">2</set>
			<set name="weight" lb="2">2 lb.</set>
			<set name="stackable">true</set>
		</setters>
	</element>-->
	<element name="Acid" type="Item" source="Player’s Handbook 2024" id="ID_WOTC_PHB24_ITEM_ACID">
		<description>
			<p>When you take the Attack action, you can replace one of your attacks with throwing a vial of Acid. Target one creature or object you can see within 20 feet of yourself. The target must succeed on a Dexterity saving throw (DC 8 plus your Dexterity modifier and Proficiency Bonus) or take 2d6 Acid damage.</p>
		</description>
		<setters>
			<set name="category">Adventuring Gear</set>
			<set name="cost" currency="gp">25</set>
			<set name="weight" lb="1">1 lb.</set>
			<set name="stackable">true</set>
		</setters>
	</element>
	<element name="Alchemist's Fire" type="Item" source="Player’s Handbook 2024" id="ID_WOTC_PHB24_ITEM_ALCHEMISTS_FIRE">
		<description>
			<p>When you take the Attack action, you can replace one of your attacks with throwing a flask of Alchemist's Fire. Target one creature or object you can see within 20 feet of yourself. The target must succeed on a Dexterity saving throw (DC 8 plus your Dexterity modifier and Proficiency Bonus) or take ld4 Fire damage and start burning (see the rules glossary).</p>
		</description>
		<setters>
			<set name="category">Adventuring Gear</set>
			<set name="cost" currency="gp">50</set>
			<set name="weight" lb="1">1 lb.</set>
			<set name="stackable">true</set>
		</setters>
	</element>
	<!-- ammunition individual, price and weight recalculated -->
	<element name="Arrow" type="Item" source="Player’s Handbook 2024" id="ID_WOTC_PHB24_ITEM_ARROW">
		<description>
			<p>Ammunition is required by a weapon that has the Ammunition property. A weapon's description specifies the type of ammunition used by the weapon. The Ammunition table lists the different types and the amount you get when you buy them. The table also lists the item that is typically used to store each type; storage must be bought separately.</p>
		</description>
		<setters>
			<set name="category">Ammunition</set>
			<set name="cost" currency="cp">5</set>
			<set name="weight" lb="0.05">1/20 lb.</set>
			<set name="type">Ammunition</set>
			<set name="stackable">true</set>
		</setters>
	</element>
	<element name="Blowgun Needle" type="Item" source="Player’s Handbook 2024" id="ID_WOTC_PHB24_ITEM_BLOWGUNNEEDLE">
		<description>
			<p>Ammunition is required by a weapon that has the Ammunition property. A weapon's description specifies the type of ammunition used by the weapon. The Ammunition table lists the different types and the amount you get when you buy them. The table also lists the item that is typically used to store each type; storage must be bought separately.</p>
		</description>
		<setters>
			<set name="category">Ammunition</set>
			<set name="cost" currency="cp" bulk="50">2</set> 
			<set name="weight" lb="0.02">1/50 lb.</set>
			<set name="type">Ammunition</set>
			<set name="stackable">true</set>
		</setters>
	</element>
	<element name="Crossbow Bolt" type="Item" source="Player’s Handbook 2024" id="ID_WOTC_PHB24_ITEM_CROSSBOWBOLT">
		<description>
			<p>Ammunition is required by a weapon that has the Ammunition property. A weapon's description specifies the type of ammunition used by the weapon. The Ammunition table lists the different types and the amount you get when you buy them. The table also lists the item that is typically used to store each type; storage must be bought separately.</p>
		</description>
		<setters>
			<set name="category">Ammunition</set>
			<set name="cost" currency="cp">5</set>
			<set name="weight" lb="0.05">1/20 lb.</set>
			<set name="type">Ammunition</set>
			<set name="stackable">true</set>
		</setters>
	</element>
	<element name="Sling Bullet" type="Item" source="Player’s Handbook 2024" id="ID_WOTC_PHB24_ITEM_SLINGBULLET">
		<description>
			<p>Ammunition is required by a weapon that has the Ammunition property. A weapon's description specifies the type of ammunition used by the weapon. The Ammunition table lists the different types and the amount you get when you buy them. The table also lists the item that is typically used to store each type; storage must be bought separately.</p>
		</description>
		<setters>
			<set name="category">Ammunition</set>
			<set name="cost" currency="cp" bulk="20">1</set>
			<set name="weight" lb="0.075">75/1000 lb.</set>
			<set name="type">Ammunition</set>
			<set name="stackable">true</set>
		</setters>
	</element>
	<element name="Firearm Bullet" type="Item" source="Player’s Handbook 2024" id="ID_WOTC_PHB24_ITEM_FIREARMBULLET">
		<description>
			<p>Ammunition is required by a weapon that has the Ammunition property. A weapon's description specifies the type of ammunition used by the weapon. The Ammunition table lists the different types and the amount you get when you buy them. The table also lists the item that is typically used to store each type; storage must be bought separately.</p>
		</description>
		<setters>
			<set name="category">Ammunition</set>
			<set name="cost" currency="gp" bulk="10">3</set>
			<set name="weight" lb="0.2">1/5 lb.</set>
			<set name="stackable">true</set>
		</setters>
	</element>
	<!-- -->
	<element name="Antitoxin (vial)" type="Item" source="Player’s Handbook 2024" id="ID_WOTC_PHB24_ITEM_ANTITOXIN_VIAL">
		<description>
			<p>As a Bonus Action, you can drink a vial of Antitoxin to gain Advantage on saving throws to avoid or end the Poisoned condition for 1 hour</p>
		</description>
		<setters>
			<set name="category">Adventuring Gear</set>
			<set name="cost" currency="gp">50</set>
			<set name="weight" lb="0">—</set>
			<set name="stackable">true</set>
		</setters>
	</element>
	<!-- arcane focus individual -->
	<element name="Crystal" type="Item" source="Player’s Handbook 2024" id="ID_WOTC_PHB24_ITEM_CRYSTAL">
		<description>
			<p>An Arcane Focus takes one of the forms in the Arcane Focuses table and is bejeweled or carved to channel arcane magic. A Sorcerer, Warlock, or Wizard can use such an item as a Spellcasting Focus.</p>
		</description>
		<setters>
			<set name="category">Spellcasting Focus</set>
			<set name="cost" currency="gp">10</set>
			<set name="weight" lb="1">1 lb.</set>
			<set name="container">Arcane Focus</set>
			<set name="slot">onehand</set>
		</setters>
	</element>
	<element name="Orb" type="Item" source="Player’s Handbook 2024" id="ID_WOTC_PHB24_ITEM_ORB">
		<description>
			<p>An Arcane Focus takes one of the forms in the Arcane Focuses table and is bejeweled or carved to channel arcane magic. A Sorcerer, Warlock, or Wizard can use such an item as a Spellcasting Focus</p>
		</description>
		<setters>
			<set name="category">Spellcasting Focus</set>
			<set name="cost" currency="gp">20</set>
			<set name="weight" lb="3">3 lb.</set>
			<set name="container">Arcane Focus</set>
			<set name="slot">onehand</set>
		</setters>
	</element>
	<element name="Rod" type="Item" source="Player’s Handbook 2024" id="ID_WOTC_PHB24_ITEM_ROD">
		<description>
			<p>An Arcane Focus takes one of the forms in the Arcane Focuses table and is bejeweled or carved to channel arcane magic. A Sorcerer, Warlock, or Wizard can use such an item as a Spellcasting Focus</p>
		</description>
		<setters>
			<set name="category">Spellcasting Focus</set>
			<set name="cost" currency="gp">10</set>
			<set name="weight" lb="2">2 lb.</set>
			<set name="container">Arcane Focus</set>
			<set name="slot">onehand</set>
		</setters>
	</element>
	<element name="Staff" type="Item" source="Player’s Handbook 2024" id="ID_WOTC_PHB24_ITEM_STAFF">
		<description>
			<p>An Arcane Focus takes one of the forms in the Arcane Focuses table and is bejeweled or carved to channel arcane magic. A Sorcerer, Warlock, or Wizard can use such an item as a Spellcasting Focus</p>
		</description>
		<setters>
			<set name="category">Spellcasting Focus</set>
			<set name="cost" currency="gp">5</set>
			<set name="weight" lb="4">4 lb.</set>
			<set name="container">Arcane Focus</set>
			<set name="slot">onehand</set>
		</setters>
	</element>
	<element name="Wand" type="Item" source="Player’s Handbook 2024" id="ID_WOTC_PHB24_ITEM_WAND">
		<description>
			<p>An Arcane Focus takes one of the forms in the Arcane Focuses table and is bejeweled or carved to channel arcane magic. A Sorcerer, Warlock, or Wizard can use such an item as a Spellcasting Focus</p>
		</description>
		<setters>
			<set name="category">Spellcasting Focus</set>
			<set name="cost" currency="gp">10</set>
			<set name="weight" lb="1">1 lb.</set>
			<set name="container">Arcane Focus</set>
			<set name="slot">onehand</set>
		</setters>
	</element>
	<!-- -->
	<element name="Backpack" type="Item" source="Player’s Handbook 2024" id="ID_WOTC_PHB24_ITEM_BACKPACK">
		<description>
			<p>A Backpack holds up to 30 pounds within 1 cubic foot. It can also serve as a saddlebag.</p>
		</description>
		<setters>
			<set name="category">Adventuring Gear</set>
			<set name="cost" currency="gp">2</set>
			<set name="weight" lb="5">5 lb.</set>
		</setters>
	</element>
	<element name="Ball Bearings" type="Item" source="Player’s Handbook 2024" id="ID_WOTC_PHB24_ITEM_BALLBEARINGS">
		<description>
			<p>As a Utilize action, you can spill Ball Bearings from their pouch. They spread to cover a level, 10-foot square area within 10 feet of yourself. A creature that enters this area for the first time on a turn must succeed on a DC 10 Dexterity saving throw or have the Prone condition. It takes 10 minutes to recover the Ball Bearings.</p>
		</description>
		<setters>
			<set name="category">Adventuring Gear</set>
			<set name="cost" currency="gp">1</set>
			<set name="weight" lb="2">2 lb.</set>
			<set name="stackable">true</set>
		</setters>
	</element>
	<element name="Barrel" type="Item" source="Player’s Handbook 2024" id="ID_WOTC_PHB24_ITEM_BARREL">
		<description>
			<p>A Barrel holds up to 40 gallons of liquid or up to 4 cubic feet of dry goods.</p>
		</description>
		<setters>
			<set name="category">Adventuring Gear</set>
			<set name="cost" currency="gp">2</set>
			<set name="weight" lb="70">70 lb.</set>
		</setters>
	</element>
	<element name="Basket" type="Item" source="Player’s Handbook 2024" id="ID_WOTC_PHB24_ITEM_BASKET">
		<description>
			<p>A Basket holds up to 40 pounds within 2 cubic feet.</p>
		</description>
		<setters>
			<set name="category">Adventuring Gear</set>
			<set name="cost" currency="sp">4</set>
			<set name="weight" lb="2">2 lb.</set>
		</setters>
	</element>
	<element name="Bedroll" type="Item" source="Player’s Handbook 2024" id="ID_WOTC_PHB24_ITEM_BEDROLL">
		<description>
			<p>A Bedroll sleeps one Small or Medium creature. While in a Bedroll, you automatically succeed on saving throws against extreme cold (see the Dungeon Master's Guide).</p>
		</description>
		<setters>
			<set name="category">Adventuring Gear</set>
			<set name="cost" currency="gp">1</set>
			<set name="weight" lb="7">7 lb.</set>
			<set name="stackable">true</set>
		</setters>
	</element>
	<element name="Bell" type="Item" source="Player’s Handbook 2024" id="ID_WOTC_PHB24_ITEM_BELL">
		<description>
			<p>When rung as a Utilize action, a Bell produces a sound that can be heard up to 60 feet away.</p>
		</description>
		<setters>
			<set name="category">Adventuring Gear</set>
			<set name="cost" currency="gp">1</set>
			<set name="weight" lb="0">—</set>
			<set name="stackable">true</set>
		</setters>
	</element>
	<element name="Blanket" type="Item" source="Player’s Handbook 2024" id="ID_WOTC_PHB24_ITEM_BLANKET">
		<description>
			<p>While wrapped in a blanket, you have Advantage on saving throws against extreme cold (see the Dungeon Master's Guide).</p>
		</description>
		<setters>
			<set name="category">Adventuring Gear</set>
			<set name="cost" currency="sp">5</set>
			<set name="weight" lb="3">3 lb.</set>
			<set name="stackable">true</set>
		</setters>
	</element>
	<element name="Block and Tackle" type="Item" source="Player’s Handbook 2024" id="ID_WOTC_PHB24_ITEM_BLOCKANDTACKLE">
		<description>
			<p>A Block and Tackle allows you to hoist up to four times the weight you can normally lift. </p>
		</description>
		<setters>
			<set name="category">Adventuring Gear</set>
			<set name="cost" currency="gp">1</set>
			<set name="weight" lb="5">5 lb.</set>
			<set name="stackable">true</set>
		</setters>
	</element>
	<element name="Book" type="Item" source="Player’s Handbook 2024" id="ID_WOTC_PHB24_ITEM_BOOK">
		<description>
			<p>A Book contains fiction or nonfiction. If you consult an accurate nonfiction Book about its topic, you gain a +5 bonus to Intelligence (Arcana, History, Nature, or Religion) checks you make about that topic.</p>
		</description>
		<setters>
			<set name="category">Adventuring Gear</set>
			<set name="cost" currency="gp">25</set>
			<set name="weight" lb="5">5 lb.</set>
			<set name="stackable">true</set>
		</setters>
	</element>
	<element name="Bottle, Glass" type="Item" source="Player’s Handbook 2024" id="ID_WOTC_PHB24_ITEM_BOTTLE_GLASS">
		<description>
			<p>A Glass Bottle holds up to 1 1/2 pints.</p>
		</description>
		<setters>
			<set name="category">Adventuring Gear</set>
			<set name="cost" currency="gp">2</set>
			<set name="weight" lb="2">2 lb.</set>
			<set name="stackable">true</set>
		</setters>
	</element>
	<element name="Bucket" type="Item" source="Player’s Handbook 2024" id="ID_WOTC_PHB24_ITEM_BUCKET">
		<description>
			<p>A Bucket holds up to half a cubic foot of contents.</p>
		</description>
		<setters>
			<set name="category">Adventuring Gear</set>
			<set name="cost" currency="cp">5</set>
			<set name="weight" lb="2">2 lb.</set>
			<set name="stackable">true</set>
		</setters>
	</element>
	<element name="Caltrops" type="Item" source="Player’s Handbook 2024" id="ID_WOTC_PHB24_ITEM_CALTROPS">
		<description>
			<p>As a Utilize action, you can spread Caltrops from their bag to cover a 5-foot-square area within 5 feet of yourself. A creature that enters this area for the first time on a turn must succeed on a DC 15 Dexterity saving throw or take 1 Piercing damage and have its Speed reduced to 0 until the start of its next turn. It takes 10 minutes to recover the Caltrops.</p>
		</description>
		<setters>
			<set name="category">Adventuring Gear</set>
			<set name="cost" currency="gp">1</set>
			<set name="weight" lb="2">2 lb.</set>
			<set name="stackable">true</set>
		</setters>
	</element>
	<element name="Candle" type="Item" source="Player’s Handbook 2024" id="ID_WOTC_PHB24_ITEM_CANDLE">
		<description>
			<p>For 1 hour, a lit Candle sheds Bright Light in a 5-foot radius and Dim Light for an additional 5 feet.</p>
		</description>
		<setters>
			<set name="category">Adventuring Gear</set>
			<set name="cost" currency="cp">1</set>
			<set name="weight" lb="0">—</set>
			<set name="stackable">true</set>
		</setters>
	</element>
	<element name="Case, Crossbow Bolt" type="Item" source="Player’s Handbook 2024" id="ID_WOTC_PHB24_ITEM_CASE_CROSSBOWBOLT">
		<description>
			<p>A Crossbow Bolt Case hold up to 20 Bolts.</p>
		</description>
		<setters>
			<set name="category">Adventuring Gear</set>
			<set name="cost" currency="gp">1</set>
			<set name="weight" lb="1">1 lb.</set>
		</setters>
	</element>
	<element name="Case, Map or Scroll" type="Item" source="Player’s Handbook 2024" id="ID_WOTC_PHB24_ITEM_CASE_MAPORSCROLL">
		<description>
			<p>A Map or Scroll Case holds up to 10 sheets of paper or 5 sheets of parchment. </p>
		</description>
		<setters>
			<set name="category">Adventuring Gear</set>
			<set name="cost" currency="gp">1</set>
			<set name="weight" lb="1">1 lb.</set>
		</setters>
	</element>
	<element name="Chain" type="Item" source="Player’s Handbook 2024" id="ID_WOTC_PHB24_ITEM_CHAIN_10FEET">
		<description>
			<p>As a Utilize action, you can wrap a Chain around an unwilling creature within 5 feet of yourself that has the Grappled, Incapacitated, or Restrained condition if you succeed on a DC 13 Strength (Athletics) check. If the creature's legs are bound, the creature has the Restrained condition until it escapes. Escaping the Chain requires the creature to make a successful DC 18 Dexterity (Acrobatics) check as an action. Bursting the Chain requires a successful DC 20 Strength (Athletics) check as an action.</p>
		</description>
		<setters>
			<set name="category">Adventuring Gear</set>
			<set name="cost" currency="gp">5</set>
			<set name="weight" lb="10">10 lb.</set>
			<set name="stackable">true</set>
		</setters>
	</element>
	<!-- 
	<element name="Chalk" type="Item" source="Player’s Handbook 2024" id="ID_WOTC_PHB24_ITEM_CHALK_1PIECE">
		<description>
			<p></p>
		</description>
		<setters>
			<set name="category">Adventuring Gear</set>
			<set name="cost" currency="cp">1</set>
			<set name="weight" lb="0">—</set>
			<set name="stackable">true</set>
		</setters>
	</element>-->
	<element name="Chest" type="Item" source="Player’s Handbook 2024" id="ID_WOTC_PHB24_ITEM_CHEST">
		<description>
			<p>A Chest holds up to 12 cubic feet of contents.</p>
		</description>
		<setters>
			<set name="category">Adventuring Gear</set>
			<set name="cost" currency="gp">5</set>
			<set name="weight" lb="25">25 lb.</set>
		</setters>
	</element>
	<element name="Climber's Kit" type="Item" source="Player’s Handbook 2024" id="ID_WOTC_PHB24_ITEM_CLIMBERSKIT">
		<description>
			<p>A Climber's Kit includes boot tips, gloves, pitons,and a harness. As a Utilize action, you can use the Climber's Kit to anchor yourself; when you do, you can't fall more than 25 feet from the anchor point, and you can't move more than 25 feet from there without undoing the anchor as a Bonus Action.</p>
		</description>
		<setters>
			<set name="category">Adventuring Gear</set>
			<set name="cost" currency="gp">25</set>
			<set name="weight" lb="12">12 lb.</set>
			<set name="stackable">true</set>
		</setters>
	</element>
	<!-- 
	<element name="Clothes, Common" type="Item" source="Player’s Handbook 2024" id="ID_WOTC_PHB24_ITEM_CLOTHES_COMMON">
		<description>
			<p></p>
		</description>
		<setters>
			<set name="category">Adventuring Gear</set>
			<set name="cost" currency="sp">5</set>
			<set name="weight" lb="3">3 lb.</set>
		</setters>
	</element>-->
	<element name="Clothes, Fine" type="Item" source="Player’s Handbook 2024" id="ID_WOTC_PHB24_ITEM_CLOTHES_FINE">
		<description>
			<p>Fine Clothes are made of expensive fabrics and adorned with expertly crafted details. Some events and locations admit only people wearing these clothes.</p>
		</description>
		<setters>
			<set name="category">Adventuring Gear</set>
			<set name="cost" currency="gp">15</set>
			<set name="weight" lb="6">6 lb.</set>
		</setters>
	</element>
	<element name="Clothes, Traveler's" type="Item" source="Player’s Handbook 2024" id="ID_WOTC_PHB24_ITEM_CLOTHES_TRAVELERS">
		<description>
			<p>Traveler's Clothes are resilient garments designed for travel in various environments.</p>
		</description>
		<setters>
			<set name="category">Adventuring Gear</set>
			<set name="cost" currency="gp">2</set>
			<set name="weight" lb="4">4 lb.</set>
		</setters>
	</element>
	<element name="Component Pouch" type="Item" source="Player’s Handbook 2024" id="ID_WOTC_PHB24_ITEM_COMPONENTPOUCH">
		<description>
			<p>A Component Pouch is watertight and filled with compartments that hold all the free Material components of your spells.</p>
		</description>
		<setters>
			<set name="category">Adventuring Gear</set>
			<set name="cost" currency="gp">25</set>
			<set name="weight" lb="2">2 lb.</set>
		</setters>
	</element>
	<element name="Costume" type="Item" source="Player’s Handbook 2024" id="ID_WOTC_PHB24_ITEM_COSTUME">
		<description>
			<p>While wearing a Costume, you have Advantage on any ability check you make to impersonate the person or type of person it represents.</p>
		</description>
		<setters>
			<set name="category">Adventuring Gear</set>
			<set name="cost" currency="gp">5</set>
			<set name="weight" lb="4">4 lb.</set>
		</setters>
	</element>
	<element name="Crowbar" type="Item" source="Player’s Handbook 2024" id="ID_WOTC_PHB24_ITEM_CROWBAR">
		<description>
			<p>Using a Crowbar grants Advantage to Strength checks where the Crowbar's leverage can be applied.</p>
		</description>
		<setters>
			<set name="category">Adventuring Gear</set>
			<set name="cost" currency="gp">2</set>
			<set name="weight" lb="5">5 lb.</set>
			<set name="stackable">true</set>
		</setters>
	</element>
	<!-- druidic focus individual -->
	<element name="Sprig of Mistletoe" type="Item" source="Player’s Handbook 2024" id="ID_WOTC_PHB24_ITEM_SPRIGOFMISTLETOE">
		<description>
			<p>A Druidic Focus takes one of the forms in the Druidic Focuses table and is carved, tied with ribbon, or painted to channel primal magic. A Druid or Ranger can use such an object as a Spellcasting Focus.</p>
		</description>
		<setters>
			<set name="category">Spellcasting Focus</set>
			<set name="cost" currency="gp">1</set>
			<set name="weight" lb="0">—</set>
			<set name="container">Druidic Focus</set>
			<set name="slot">onehand</set>
		</setters>
	</element>
	<!-- 
	<element name="Totem" type="Item" source="Player’s Handbook 2024" id="ID_WOTC_PHB24_ITEM_TOTEM">
		<description>
			<p>A Druidic Focus takes one of the forms in the Druidic Focuses table and is carved, tied with ribbon, or painted to channel primal magic. A Druid or Ranger can use such an object as a Spellcasting Focus.</p>
		</description>
		<setters>
			<set name="category">Spellcasting Focus</set>
			<set name="cost" currency="gp">1</set>
			<set name="weight" lb="0">—</set>
			<set name="container">Druidic Focus</set>
			<set name="slot">onehand</set>
		</setters>
	</element>-->
	<element name="Wooden Staff" type="Item" source="Player’s Handbook 2024" id="ID_WOTC_PHB24_ITEM_WOODENSTAFF">
		<description>
			<p>A Druidic Focus takes one of the forms in the Druidic Focuses table and is carved, tied with ribbon, or painted to channel primal magic. A Druid or Ranger can use such an object as a Spellcasting Focus.</p>
		</description>
		<setters>
			<set name="category">Spellcasting Focus</set>
			<set name="cost" currency="gp">5</set>
			<set name="weight" lb="4">4 lb.</set>
			<set name="container">Druidic Focus</set>
			<set name="slot">onehand</set>
		</setters>
	</element>
	<element name="Yew Wand" type="Item" source="Player’s Handbook 2024" id="ID_WOTC_PHB24_ITEM_YEWWAND">
		<description>
			<p>A Druidic Focus takes one of the forms in the Druidic Focuses table and is carved, tied with ribbon, or painted to channel primal magic. A Druid or Ranger can use such an object as a Spellcasting Focus.</p>
		</description>
		<setters>
			<set name="category">Spellcasting Focus</set>
			<set name="cost" currency="gp">10</set>
			<set name="weight" lb="1">1 lb.</set>
			<set name="container">Druidic Focus</set>
			<set name="slot">onehand</set>
		</setters>
	</element>
	<!-- -->
	<!-- 
	<element name="Fishing Tackle" type="Item" source="Player’s Handbook 2024" id="ID_WOTC_PHB24_ITEM_FISHINGTACKLE">
		<description>
			<p>This kit includes a wooden rod, silken line, corkwood bobbers, steel hooks, lead sinkers, velvet lures, and narrow netting.</p>
		</description>
		<setters>
			<set name="category">Adventuring Gear</set>
			<set name="cost" currency="gp">1</set>
			<set name="weight" lb="4">4 lb.</set>
			<set name="stackable">true</set>
		</setters>
	</element>-->
	<element name="Flask" type="Item" source="Player’s Handbook 2024" id="ID_WOTC_PHB24_ITEM_FLASK">
		<description>
			<p>A Flask holds up to 1 pint.</p>
		</description>
		<setters>
			<set name="category">Adventuring Gear</set>
			<set name="cost" currency="cp">2</set>
			<set name="weight" lb="1">1 lb.</set>
			<set name="stackable">true</set>
		</setters>
	</element>
	<element name="Grappling Hook" type="Item" source="Player’s Handbook 2024" id="ID_WOTC_PHB24_ITEM_GRAPPLINGHOOK">
		<description>
			<p>As a Utilize action, you can throw the Grappling Hook at a railing, a ledge, or another catch within 50 feet of yourself, and the hook catches on if you succeed on a DC 13 Dexterity (Acrobatics) check. If you tied a Rope to the hook, you can then climb it.</p>
		</description>
		<setters>
			<set name="category">Adventuring Gear</set>
			<set name="cost" currency="gp">2</set>
			<set name="weight" lb="4">4 lb.</set>
			<set name="stackable">true</set>
		</setters>
	</element>
	<!-- 
	<element name="Hammer" type="Item" source="Player’s Handbook 2024" id="ID_WOTC_PHB24_ITEM_HAMMER">
		<description>
			<p></p>
		</description>
		<setters>
			<set name="category">Adventuring Gear</set>
			<set name="cost" currency="gp">1</set>
			<set name="weight" lb="3">3 lb.</set>
			<set name="stackable">true</set>
		</setters>
	</element>
	<element name="Hammer, Sledge" type="Item" source="Player’s Handbook 2024" id="ID_WOTC_PHB24_ITEM_HAMMER_SLEDGE">
		<description>
			<p></p>
		</description>
		<setters>
			<set name="category">Adventuring Gear</set>
			<set name="cost" currency="gp">2</set>
			<set name="weight" lb="10">10 lb.</set>
			<set name="stackable">true</set>
		</setters>
	</element>-->
	<element name="Healer's Kit" type="Item" source="Player’s Handbook 2024" id="ID_WOTC_PHB24_ITEM_HEALERSKIT">
		<description>
			<p>A Healer's Kit has ten uses. As a Utilize action, you can expend one of its uses to stabilize an Unconscious creature that has 0 Hit Points without needing to make a Wisdom (Medicine) check.</p>
		</description>
		<setters>
			<set name="category">Adventuring Gear</set>
			<set name="cost" currency="gp">5</set>
			<set name="weight" lb="3">3 lb.</set>
			<set name="stackable">true</set>
		</setters>
	</element>
	<!-- holy symbol individual-->
	<element name="Amulet" type="Item" source="Player’s Handbook 2024" id="ID_WOTC_PHB24_ITEM_AMULET">
		<description>
			<p>A Holy Symbol takes one of the forms in the Holy Symbol table and is bejeweled or painted to channel divine magic. A Cleric or Paladin can use a Holy Symbol as a Spellcasting Focus.</p>
			<p class="indent">The table indicates whether a Holy Symbol needs to be held, worn, or borne on fabric (such as a tabard or banner) or a Shield.</p>
		</description>
		<setters>
			<set name="category">Spellcasting Focus</set>
			<set name="cost" currency="gp">5</set>
			<set name="weight" lb="1">1 lb.</set>
			<set name="container">Holy Symbol</set>
			<set name="slot">onehand</set>
		</setters>
	</element>
	<element name="Emblem" type="Item" source="Player’s Handbook 2024" id="ID_WOTC_PHB24_ITEM_EMBLEM">
		<description>
			<p>A Holy Symbol takes one of the forms in the Holy Symbol table and is bejeweled or painted to channel divine magic. A Cleric or Paladin can use a Holy Symbol as a Spellcasting Focus.</p>
			<p class="indent">The table indicates whether a Holy Symbol needs to be held, worn, or borne on fabric (such as a tabard or banner) or a Shield.</p>
		</description>
		<setters>
			<set name="category">Spellcasting Focus</set>
			<set name="cost" currency="gp">5</set>
			<set name="weight" lb="0">—</set>
			<set name="container">Holy Symbol</set>
			<set name="slot">onehand</set>
		</setters>
	</element>
	<element name="Reliquary" type="Item" source="Player’s Handbook 2024" id="ID_WOTC_PHB24_ITEM_RELIQUARY">
		<description>
			<p>A Holy Symbol takes one of the forms in the Holy Symbol table and is bejeweled or painted to channel divine magic. A Cleric or Paladin can use a Holy Symbol as a Spellcasting Focus.</p>
			<p class="indent">The table indicates whether a Holy Symbol needs to be held, worn, or borne on fabric (such as a tabard or banner) or a Shield.</p>
		</description>
		<setters>
			<set name="category">Spellcasting Focus</set>
			<set name="cost" currency="gp">5</set>
			<set name="weight" lb="2">2 lb.</set>
			<set name="container">Holy Symbol</set>
			<set name="slot">onehand</set>
		</setters>
	</element>
	<!-- -->
	<element name="Holy Water" type="Item" source="Player’s Handbook 2024" id="ID_WOTC_PHB24_ITEM_HOLYWATER">
		<description>
			<p>When you take the Attack action, you can replace one of your attacks with throwing a flask of Holy Water. Target one creature you can see within 20 feet of yourself. The target must succeed on a Dexterity saving throw (DC 8 plus your Dexterity modifier and Proficiency Bonus) or take 2d8 Radiant damage if it is a Fiend or an Undead.</p>
		</description>
		<setters>
			<set name="category">Adventuring Gear</set>
			<set name="cost" currency="gp">25</set>
			<set name="weight" lb="1">1 lb.</set>
			<set name="stackable">true</set>
		</setters>
	</element>
	<!-- 
	<element name="Hourglass" type="Item" source="Player’s Handbook 2024" id="ID_WOTC_PHB24_ITEM_HOURGLASS">
		<description>
			<p></p>
		</description>
		<setters>
			<set name="category">Adventuring Gear</set>
			<set name="cost" currency="gp">25</set>
			<set name="weight" lb="1">1 lb.</set>
			<set name="stackable">true</set>
		</setters>
	</element>-->
	<element name="Hunting Trap" type="Item" source="Player’s Handbook 2024" id="ID_WOTC_PHB24_ITEM_HUNTINGTRAP">
		<description>
			<p>As a Utilize action, you can set a Hunting Trap, which is a sawtooth steel ring that snaps shut when a creature steps on a pressure plate in the center. The trap is affixed by a heavy chain to an immobile object, such as a tree or a spike driven into the ground. A creature that steps on the plate must succeed on a DC 13 Dexterity saving throw or take ld4 Piercing damage and have its Speed reduced to 0 until the start of its next turn. Thereafter, until the creature breaks free of the trap, its movement is limited by the length of the chain (typically 3 feet). A creature can use its action to make a DC 13 Strength (Athletics) check, freeing itself or another creature within its reach on a success. Each failed check deals 1 Piercing damage to the trapped creature.</p>
		</description>
		<setters>
			<set name="category">Adventuring Gear</set>
			<set name="cost" currency="gp">5</set>
			<set name="weight" lb="25">25 lb.</set>
			<set name="stackable">true</set>
		</setters>
	</element>
	<element name="Ink (1 ounce bottle)" type="Item" source="Player’s Handbook 2024" id="ID_WOTC_PHB24_ITEM_INK_1OUNCEBOTTLE">
		<description>
			<p>Ink comes in a 1-ounce bottle, which provides enough ink to write about 500 pages.</p>
		</description>
		<setters>
			<set name="category">Adventuring Gear</set>
			<set name="cost" currency="gp">10</set>
			<set name="weight" lb="0">—</set>
			<set name="stackable">true</set>
		</setters>
	</element>
	<element name="Ink Pen" type="Item" source="Player’s Handbook 2024" id="ID_WOTC_PHB24_ITEM_INKPEN">
		<description>
			<p>Using Ink, an Ink Pen is used to write or draw.</p>
		</description>
		<setters>
			<set name="category">Adventuring Gear</set>
			<set name="cost" currency="cp">2</set>
			<set name="weight" lb="0">—</set>
			<set name="stackable">true</set>
		</setters>
	</element>
	<element name="Jug" type="Item" source="Player’s Handbook 2024" id="ID_WOTC_PHB24_ITEM_JUG">
		<description>
			<p>A Jug holds up to 1 gallon.</p>
		</description>
		<setters>
			<set name="category">Adventuring Gear</set>
			<set name="cost" currency="cp">2</set>
			<set name="weight" lb="4">4 lb.</set>
			<set name="stackable">true</set>
		</setters>
	</element>
	<element name="Ladder (10—feet)" type="Item" source="Player’s Handbook 2024" id="ID_WOTC_PHB24_ITEM_LADDER_10_FEET">
		<description>
			<p>A Ladder is 10 feet tall. You must climb to move up or down it.</p>
		</description>
		<setters>
			<set name="category">Adventuring Gear</set>
			<set name="cost" currency="sp">1</set>
			<set name="weight" lb="25">25 lb.</set>
			<set name="stackable">true</set>
		</setters>
	</element>
	<element name="Lamp" type="Item" source="Player’s Handbook 2024" id="ID_WOTC_PHB24_ITEM_LAMP">
		<description>
			<p>A Lamp burns Oil as fuel to cast Bright Light in a 15-foot radius and Dim Light for an additional 30 feet.</p>
		</description>
		<setters>
			<set name="category">Adventuring Gear</set>
			<set name="cost" currency="sp">5</set>
			<set name="weight" lb="1">1 lb.</set>
			<set name="stackable">true</set>
		</setters>
	</element>
	<element name="Lantern, Bullseye" type="Item" source="Player’s Handbook 2024" id="ID_WOTC_PHB24_ITEM_LANTERN_BULLSEYE">
		<description>
			<p>A Bullseye Lantern burns Oil as fuel to cast Bright Light in a 60-foot Cone and Dim Light for an additional 60 feet.</p>
		</description>
		<setters>
			<set name="category">Adventuring Gear</set>
			<set name="cost" currency="gp">10</set>
			<set name="weight" lb="2">2 lb.</set>
			<set name="stackable">true</set>
		</setters>
	</element>
	<element name="Lantern, Hooded" type="Item" source="Player’s Handbook 2024" id="ID_WOTC_PHB24_ITEM_LANTERN_HOODED">
		<description>
			<p>A Hooded Lantern burns Oil as fuel to cast Bright Light in a 30-foot radius and Dim Light for an additional 30 feet. As a Bonus Action, you can lower the hood, reducing the light to Dim Light in a 5-foot radius, or raise it again.</p>
		</description>
		<setters>
			<set name="category">Adventuring Gear</set>
			<set name="cost" currency="gp">5</set>
			<set name="weight" lb="2">2 lb.</set>
			<set name="stackable">true</set>
		</setters>
	</element>
	<element name="Lock" type="Item" source="Player’s Handbook 2024" id="ID_WOTC_PHB24_ITEM_LOCK">
		<description>
			<p>A Lock comes with a key. Without the key, a creature can use Thieves' Tools to pick this Lock with a successful DC 15 Dexterity (Sleight of Hand) check.</p>
		</description>
		<setters>
			<set name="category">Adventuring Gear</set>
			<set name="cost" currency="gp">10</set>
			<set name="weight" lb="1">1 lb.</set>
			<set name="stackable">true</set>
		</setters>
	</element>
	<element name="Magnifying Glass" type="Item" source="Player’s Handbook 2024" id="ID_WOTC_PHB24_ITEM_MAGNIFYINGGLASS">
		<description>
			<p>A Magnifying Glass grants Advantage on any ability check made to appraise or inspect a highly detailed item. Lighting a fire with a Magnifying Glass requires light as bright as sunlight to focus, tinder to ignite, and about 5 minutes for the fire to ignite.</p>
		</description>
		<setters>
			<set name="category">Adventuring Gear</set>
			<set name="cost" currency="gp">100</set>
			<set name="weight" lb="0">—</set>
			<set name="stackable">true</set>
		</setters>
	</element>
	<element name="Manacles" type="Item" source="Player’s Handbook 2024" id="ID_WOTC_PHB24_ITEM_MANACLES">
		<description>
			<p>As a Utilize action, you can use Manacles to bind an unwilling Small or Medium creature within 5 feet of yourself that has the Grappled, Incapacitated, or Restrained condition if you succeed on a DC 13 Dexterity (Sleight of Hand) check. While bound, a creature has Disadvantage on attack rolls, and the creature is Restrained if the Manacles are attached to a chain or hook that is fixed in place. Escaping the Manacles requires a successful DC 20 Dexterity (Sleight of Hand) check as an action. Bursting them requires a successful DC 25 Strength (Athletics) check as an action.</p>
			<p class="indent">Each set of Manacles comes with a key. Without the key, a creature can use Thieves' Tools to pick the Manacles' lock with a successful DC 15 Dexterity (Sleight of Hand) check.</p>
		</description>
		<setters>
			<set name="category">Adventuring Gear</set>
			<set name="cost" currency="gp">2</set>
			<set name="weight" lb="6">6 lb.</set>
			<set name="stackable">true</set>
		</setters>
	</element>
	<!--
	<element name="Mess Kit" type="Item" source="Player’s Handbook 2024" id="ID_WOTC_PHB24_ITEM_MESSKIT">
		<description>
			<p>This tin box contains a cup and simple cutlery. The box clamps together, and one side can be used as a cooking pan and the other as a plate or shallow bowl. </p>
		</description>
		<setters>
			<set name="category">Adventuring Gear</set>
			<set name="cost" currency="sp">2</set>
			<set name="weight" lb="1">1 lb.</set>
			<set name="stackable">true</set>
		</setters>
	</element>-->
	<element name="Map" type="Item" source="Player’s Handbook 2024" id="ID_WOTC_PHB24_ITEM_MAP">
		<description>
			<p>If you consult an accurate Map, you gain a +5 bonus to Wisdom (Survival) checks you make to find your way in the place represented on it.</p>
		</description>
		<setters>
			<set name="category">Adventuring Gear</set>
			<set name="cost" currency="gp">1</set>
			<set name="weight" lb="0">—</set>
			<set name="stackable">true</set>
		</setters>
	</element>
	<element name="Mirror" type="Item" source="Player’s Handbook 2024" id="ID_WOTC_PHB24_ITEM_MIRROR">
		<description>
			<p>A handheld steel Mirror is useful for personal cosmetics but also for peeking around corners and reflecting light as a signal.</p>
		</description>
		<setters>
			<set name="category">Adventuring Gear</set>
			<set name="cost" currency="gp">5</set>
			<set name="weight" lb="0.5">½ lb.</set>
			<set name="stackable">true</set>
		</setters>
	</element>
	<element name="Net" type="Item" source="Player’s Handbook 2024" id="ID_WOTC_PHB24_ITEM_NET">
		<description>
			<p>When you take the Attack action, you can replace one of your attacks with throwing a Net. Target a creature you can see within 15 feet of yourself. The target must succeed on a Dexterity saving throw (DC 8 plus your Dexterity modifier and Proficiency Bonus) or have the Restrained condition until it escapes. The target succeeds automatically if it is Huge or larger.</p>
			<p class="indent">To escape, the target or a creature within 5 feet of it must take an action to make a DC 10 Strength (Athletics) check, freeing the Restrained creature on a success. Destroying the Net (AC 10; 5 HP; Immunity to Bludgeoning, Poison, and Psychic damage) also frees the target, ending the effect.</p>
		</description>
		<setters>
			<set name="category">Adventuring Gear</set>
			<set name="cost" currency="gp">5</set>
			<set name="weight" lb="3">3 lb.</set>
			<set name="stackable">true</set>
		</setters>
	</element>
	<element name="Oil (flask)" type="Item" source="Player’s Handbook 2024" id="ID_WOTC_PHB24_ITEM_OIL_FLASK">
		<description>
			<p>You can douse a creature, object, or space with Oil or use it as fuel, as detailed below.</p>
			<p class="indent"><b><i>Dousing a Creature or an Object.</i></b> When you take the Attack action, you can replace one of your attacks with throwing an Oil flask. Target one creature or object within 20 feet of yourself. The target must succeed on a Dexterity saving throw (DC 8 plus your Dexterity modifier and Proficiency Bonus) or be covered in oil. If the target takes Fire damage before the oil dries (after 1 minute), the target takes an extra 5 Fire damage from burning oil.</p>
			<p class="indent"><b><i>Dousing a Space.</i></b> You can take the Utilize action to pour an Oil flask on level ground to cover a 5-foot square area within 5 feet of yourself. If lit, the oil burns until the end of the turn 2 rounds from when the oil was lit (or 12 seconds) and deals 5 Fire damage to any creature that enters the area or ends its turn there. A creature can take this damage only once per turn.</p>
			<p class="indent"><b><i>Fuel.</i></b> Oil serves as fuel for Lamps and Lanterns. Once lit, a flask of Oil burns for 6 hours in a Lamp or Lantern. That duration doesn't need to be consecutive; you can extinguish the burning Oil (as a Utilize action) and rekindle it again until it has burned for a total of 6 hours.</p>
		</description>
		<setters>
			<set name="category">Adventuring Gear</set>
			<set name="cost" currency="sp">1</set>
			<set name="weight" lb="1">1 lb.</set>
			<set name="stackable">true</set>
		</setters>
	</element>
	<element name="Paper (one sheet)" type="Item" source="Player’s Handbook 2024" id="ID_WOTC_PHB24_ITEM_PAPER_ONESHEET">
		<description>
			<p>One sheet of Paper can hold about 250 handwritten words.</p>
		</description>
		<setters>
			<set name="category">Adventuring Gear</set>
			<set name="cost" currency="sp">2</set>
			<set name="weight" lb="0">—</set>
			<set name="stackable">true</set>
		</setters>
	</element>
	<element name="Parchment (one sheet)" type="Item" source="Player’s Handbook 2024" id="ID_WOTC_PHB24_ITEM_PARCHMENT_ONESHEET">
		<description>
			<p>One sheet of Parchment can hold about 250 handwritten words.</p>
		</description>
		<setters>
			<set name="category">Adventuring Gear</set>
			<set name="cost" currency="sp">1</set>
			<set name="weight" lb="0">—</set>
			<set name="stackable">true</set>
		</setters>
	</element>
	<element name="Perfume (vial)" type="Item" source="Player’s Handbook 2024" id="ID_WOTC_PHB24_ITEM_PERFUME_VIAL">
		<description>
			<p>Perfume comes in a 4-ounce vial. For 1 hour after applying Perfume to yourself, you have Advantage on Charisma (Persuasion) checks made to influence an Indifferent Humanoid within 5 feet of yourself.</p>
		</description>
		<setters>
			<set name="category">Adventuring Gear</set>
			<set name="cost" currency="gp">5</set>
			<set name="weight" lb="0">—</set>
			<set name="stackable">true</set>
		</setters>
	</element>
	<!--
	<element name="Pick, Miner's" type="Item" source="Player’s Handbook 2024" id="ID_WOTC_PHB24_ITEM_PICK_MINERS">
		<description>
			<p></p>
		</description>
		<setters>
			<set name="category">Adventuring Gear</set>
			<set name="cost" currency="gp">2</set>
			<set name="weight" lb="10">10 lb.</set>
			<set name="stackable">true</set>
		</setters>
	</element>
	<element name="Piton" type="Item" source="Player’s Handbook 2024" id="ID_WOTC_PHB24_ITEM_PITON">
		<description>
			<p></p>
		</description>
		<setters>
			<set name="category">Adventuring Gear</set>
			<set name="cost" currency="cp">5</set>
			<set name="weight" lb="0.25">1/4 lb.</set>
			<set name="stackable">true</set>
		</setters>
	</element>-->
	<element name="Poison, Basic (vial)" type="Item" source="Player’s Handbook 2024" id="ID_WOTC_PHB24_ITEM_POISON_BASIC_VIAL">
		<description>
			<p>As a Bonus Action, you can use a vial of Basic Poison to coat one weapon or up to three pieces of ammunition. A creature that takes Piercing or Slashing damage from the poisoned weapon or ammunition takes an extra ld4 Poison damage. Once applied, the poison retains potency for 1 minute or until its damage is dealt, whichever comes first.</p>
		</description>
		<setters>
			<set name="category">Adventuring Gear</set>
			<set name="cost" currency="gp">100</set>
			<set name="weight" lb="0">—</set>
			<set name="stackable">true</set>
		</setters>
	</element>
	<element name="Pole (10—foot)" type="Item" source="Player’s Handbook 2024" id="ID_WOTC_PHB24_ITEM_POLE_10_FOOT">
		<description>
			<p>A Pole is 10 feet long. You can use it to touch something up to 10 feet away. If you must make a Strength (Athletics) check as part of a High or Long Jump, you can use the Pole to vault, giving yourself Advantage on the check.</p>
		</description>
		<setters>
			<set name="category">Adventuring Gear</set>
			<set name="cost" currency="cp">5</set>
			<set name="weight" lb="7">7 lb.</set>
			<set name="stackable">true</set>
		</setters>
	</element>
	<element name="Pot, Iron" type="Item" source="Player’s Handbook 2024" id="ID_WOTC_PHB24_ITEM_POT_IRON">
		<description>
			<p>An Iron Pot holds up to 1 gallon.</p>
		</description>
		<setters>
			<set name="category">Adventuring Gear</set>
			<set name="cost" currency="gp">2</set>
			<set name="weight" lb="10">10 lb.</set>
			<set name="stackable">true</set>
		</setters>
	</element>
	<element name="Potion of Healing" type="Item" source="Player’s Handbook 2024" id="ID_WOTC_PHB24_ITEM_POTIONOFHEALING">
		<description>
			<p>This potion is a magic item. As a Bonus Action, you can drink it or administer it to another creature within 5 feet of yourself. The creature that drinks the magical red fluid in this vial regains 2d4 + 2 Hit Points.</p>
		</description>
		<setters>
			<set name="category">Adventuring Gear</set>
			<set name="cost" currency="gp">50</set>
			<set name="weight" lb="0.5">½ lb.</set>
			<set name="stackable">true</set>
		</setters>
	</element>
	<element name="Pouch" type="Item" source="Player’s Handbook 2024" id="ID_WOTC_PHB24_ITEM_POUCH">
		<description>
			<p>A Pouch holds up to 6 pounds within one-fifth of a cubic foot.</p>
		</description>
		<setters>
			<set name="category">Adventuring Gear</set>
			<set name="cost" currency="sp">5</set>
			<set name="weight" lb="1">1 lb.</set>
		</setters>
	</element>
	<element name="Quiver" type="Item" source="Player’s Handbook 2024" id="ID_WOTC_PHB24_ITEM_QUIVER">
		<description>
			<p>A Quiver holds up to 20 Arrows.</p>
		</description>
		<setters>
			<set name="category">Adventuring Gear</set>
			<set name="cost" currency="gp">1</set>
			<set name="weight" lb="1">1 lb.</set>
		</setters>
	</element>
	<element name="Ram, Portable" type="Item" source="Player’s Handbook 2024" id="ID_WOTC_PHB24_ITEM_RAM_PORTABLE">
		<description>
			<p>You can use a Portable Ram to break down doors. When doing so, you gain a +4 bonus to the Strength check. One other character can help you use the ram, giving you Advantage on this check.</p>
		</description>
		<setters>
			<set name="category">Adventuring Gear</set>
			<set name="cost" currency="gp">4</set>
			<set name="weight" lb="35">35 lb.</set>
		</setters>
	</element>
	<element name="Rations (1 day)" type="Item" source="Player’s Handbook 2024" id="ID_WOTC_PHB24_ITEM_RATIONS_1DAY">
		<description>
			<p>Rations consist of travel-ready food, including jerky, dried fruit, hardtack, and nuts. See “Malnutrition” in the rules glossary for the risks of not eating.</p>
		</description>
		<setters>
			<set name="category">Adventuring Gear</set>
			<set name="cost" currency="sp">5</set>
			<set name="weight" lb="2">2 lb.</set>
			<set name="stackable">true</set>
		</setters>
	</element>
	<element name="Robe" type="Item" source="Player’s Handbook 2024" id="ID_WOTC_PHB24_ITEM_ROBE">
		<description>
			<p>A Robe has vocational or ceremonial significance. Some events and locations admit only people wearing a Robe bearing certain colors or symbols.</p>
		</description>
		<setters>
			<set name="category">Adventuring Gear</set>
			<set name="cost" currency="gp">1</set>
			<set name="weight" lb="4">4 lb.</set>
		</setters>
	</element>
	<element name="Rope" type="Item" source="Player’s Handbook 2024" id="ID_WOTC_PHB24_ITEM_ROPE">
		<description>
			<p>As a Utilize action, you can tie a knot with Rope if you succeed on a DC 10 Dexterity (Sleight of Hand) check. The Rope can be burst with a successful DC 20 Strength (Athletics) check.</p>
			<p class="indent">You can bind an unwilling creature with the Rope only if the creature has the Grappled, Incapacitated, or Restrained condition. If the creature's legs are bound, the creature has the Restrained condition until it escapes. Escaping the Rope requires the creature to make a successful DC 15 Dexterity (Acrobatics) check as an action.</p>
		</description>
		<setters>
			<set name="category">Adventuring Gear</set>
			<set name="cost" currency="gp">1</set>
			<set name="weight" lb="5">5 lb.</set>
			<set name="stackable">true</set>
		</setters>
	</element>
	<element name="Sack" type="Item" source="Player’s Handbook 2024" id="ID_WOTC_PHB24_ITEM_SACK">
		<description>
			<p>A Sack holds up to 30 pounds within 1 cubic foot.</p>
		</description>
		<setters>
			<set name="category">Adventuring Gear</set>
			<set name="cost" currency="cp">1</set>
			<set name="weight" lb="0.5">½ lb.</set>
		</setters>
	</element>
	<!--
	<element name="Scale, Merchant's" type="Item" source="Player’s Handbook 2024" id="ID_WOTC_PHB24_ITEM_SCALE_MERCHANTS">
		<description>
			<p>A scale includes a small balance, pans, and a suitable assortment of weights up to 2 pounds. With it, you can measure the exact weight of small objects, such as raw precious metals or trade goods, to help determine their worth.</p>
		</description>
		<setters>
			<set name="category">Adventuring Gear</set>
			<set name="cost" currency="gp">5</set>
			<set name="weight" lb="3">3 lb.</set>
			<set name="stackable">true</set>
		</setters>
	</element>	
	<element name="Sealing Wax" type="Item" source="Player’s Handbook 2024" id="ID_WOTC_PHB24_ITEM_SEALINGWAX">
		<description>
			<p></p>
		</description>
		<setters>
			<set name="category">Adventuring Gear</set>
			<set name="cost" currency="sp">5</set>
			<set name="weight" lb="0">—</set>
			<set name="stackable">true</set>
		</setters>
	</element>-->
	<element name="Shovel" type="Item" source="Player’s Handbook 2024" id="ID_WOTC_PHB24_ITEM_SHOVEL">
		<description>
			<p>Working for 1 hour, you can use a Shovel to dig a hole that is 5 feet on each side in soil or similar material.</p>
		</description>
		<setters>
			<set name="category">Adventuring Gear</set>
			<set name="cost" currency="gp">2</set>
			<set name="weight" lb="5">5 lb.</set>
			<set name="stackable">true</set>
		</setters>
	</element>
	<element name="Signal Whistle" type="Item" source="Player’s Handbook 2024" id="ID_WOTC_PHB24_ITEM_SIGNALWHISTLE">
		<description>
			<p>When blown as a Utilize action, a Signal Whistle produces a sound that can be heard up to 600 feet away.</p>
		</description>
		<setters>
			<set name="category">Adventuring Gear</set>
			<set name="cost" currency="cp">5</set>
			<set name="weight" lb="0">—</set>
			<set name="stackable">true</set>
		</setters>
	</element>
	<element name="Spell Scroll, Cantrip" type="Item" source="Player’s Handbook 2024" id="ID_WOTC_PHB24_ITEM_SPELLSCROLL_CANTRIP">
		<description>
			<p>A Spell Scroll (Cantrip) or Spell Scroll (Level 1) is a magic item that bears the words of a cantrip or level 1 spell, respectively, determined by the scroll's creator. If the spell is on your class's spell list, you can read the scroll and cast the spell using its normal casting time and without providing any Material components.</p>
		</description>
		<setters>
			<set name="category">Adventuring Gear</set>
			<set name="cost" currency="gp">30</set>
			<set name="weight" lb="0">—</set>
			<set name="stackable">true</set>
		</setters>
	</element>
	<element name="Spell Scroll, Level 1" type="Item" source="Player’s Handbook 2024" id="ID_WOTC_PHB24_ITEM_SPELLSCROLL_LEVEL1">
		<description>
			<p>A Spell Scroll (Cantrip) or Spell Scroll (Level 1) is a magic item that bears the words of a cantrip or level 1 spell, respectively, determined by the scroll's creator. If the spell is on your class's spell list, you can read the scroll and cast the spell using its normal casting time and without providing any Material components.</p>
		</description>
		<setters>
			<set name="category">Adventuring Gear</set>
			<set name="cost" currency="gp">50</set>
			<set name="weight" lb="0">—</set>
			<set name="stackable">true</set>
		</setters>
	</element>
	<!--
	<element name="Signet Ring" type="Item" source="Player’s Handbook 2024" id="ID_WOTC_PHB24_ITEM_SIGNETRING">
		<description>
			<p></p>
		</description>
		<setters>
			<set name="category">Adventuring Gear</set>
			<set name="cost" currency="gp">5</set>
			<set name="weight" lb="0">—</set>
			<set name="stackable">true</set>
		</setters>
	</element>
	<element name="Soap" type="Item" source="Player’s Handbook 2024" id="ID_WOTC_PHB24_ITEM_SOAP">
		<description>
			<p></p>
		</description>
		<setters>
			<set name="category">Adventuring Gear</set>
			<set name="cost" currency="cp">2</set>
			<set name="weight" lb="0">—</set>
			<set name="stackable">true</set>
		</setters>
	</element>
	<element name="Spellbook" type="Item" source="Player’s Handbook 2024" id="ID_WOTC_PHB24_ITEM_SPELLBOOK">
		<description>
			<p>Essential for wizards, a spellbook is a leather-bound tome with 100 blank vellum pages suitable for recording spells.</p>
		</description>
		<setters>
			<set name="category">Adventuring Gear</set>
			<set name="cost" currency="gp">50</set>
			<set name="weight" lb="3">3 lb.</set>
		</setters>
	</element>-->
	<element name="Spikes, Iron (10)" type="Item" source="Player’s Handbook 2024" id="ID_WOTC_PHB24_ITEM_SPIKES_IRON_10">
		<description>
			<p>Iron Spikes come in bundles of ten. As a Utilize action, you can use a blunt object, such as a Light Hammer, to hammer a spike into wood, earth, or a similar material. You can do so to j.;:it a door shut or to then tie a Rope or Chain to the Spike.</p>
		</description>
		<setters>
			<set name="category">Adventuring Gear</set>
			<set name="cost" currency="gp">1</set>
			<set name="weight" lb="5">5 lb.</set>
			<set name="stackable">true</set>
		</setters>
	</element>
	<element name="Spyglass" type="Item" source="Player’s Handbook 2024" id="ID_WOTC_PHB24_ITEM_SPYGLASS">
		<description>
			<p>Objects viewed through a Spyglass are magnified to twice their size.</p>
		</description>
		<setters>
			<set name="category">Adventuring Gear</set>
			<set name="cost" currency="gp">1000</set>
			<set name="weight" lb="1">1 lb.</set>
			<set name="stackable">true</set>
		</setters>
	</element>
	<element name="String (10 feet)" type="Item" source="Player’s Handbook 2024" id="ID_WOTC_PHB24_ITEM_STRING_10FEET">
		<description>
			<p>String is 10 feet long. You can tie a knot in it as a Utilize action.</p>
		</description>
		<setters>
			<set name="category">Adventuring Gear</set>
			<set name="cost" currency="gp">0</set>
			<set name="weight" lb="0">0 lb.</set>
			<set name="stackable">true</set>
		</setters>
	</element>
	<element name="Tent" type="Item" source="Player’s Handbook 2024" id="ID_WOTC_PHB24_ITEM_TENT_TWOPERSON">
		<description>
			<p>A Tent sleeps up to two Small or Medium creatures.</p>
		</description>
		<setters>
			<set name="category">Adventuring Gear</set>
			<set name="cost" currency="gp">2</set>
			<set name="weight" lb="20">20 lb.</set>
			<set name="stackable">true</set>
		</setters>
	</element>
	<element name="Tinderbox" type="Item" source="Player’s Handbook 2024" id="ID_WOTC_PHB24_ITEM_TINDERBOX">
		<description>
			<p>A Tinderbox is a small container holding flint, fire steel, and tinder (usually dry cloth soaked in light oil) used to kindle a fire. Using it to light a Candle, Lamp, Lantern, or Torch—or anything else with exposed fuel—takes a Bonus Action. Lighting any other fire takes 1 minute.</p>
		</description>
		<setters>
			<set name="category">Adventuring Gear</set>
			<set name="cost" currency="sp">5</set>
			<set name="weight" lb="1">1 lb.</set>
			<set name="stackable">true</set>
		</setters>
	</element>
	<element name="Torch" type="Item" source="Player’s Handbook 2024" id="ID_WOTC_PHB24_ITEM_TORCH">
		<description>
			<p>A Torch burns for 1 hour, casting Bright Light in a 20-foot radius and Dim Light for an additional 20 feet. When you take the Attack action, you can attack with the Torch, using it as a Simple Melee weapon. On a hit, the target takes 1 Fire damage.</p>
		</description>
		<setters>
			<set name="category">Adventuring Gear</set>
			<set name="cost" currency="cp">1</set>
			<set name="weight" lb="1">1 lb.</set>
			<set name="stackable">true</set>
		</setters>
	</element>
	<element name="Vial" type="Item" source="Player’s Handbook 2024" id="ID_WOTC_PHB24_ITEM_VIAL">
		<description>
			<p>A Vial holds up to 4 ounces.</p>
		</description>
		<setters>
			<set name="category">Adventuring Gear</set>
			<set name="cost" currency="gp">1</set>
			<set name="weight" lb="1">—</set>
			<set name="stackable">true</set>
		</setters>
	</element>
	<element name="Waterskin" type="Item" source="Player’s Handbook 2024" id="ID_WOTC_PHB24_ITEM_WATERSKIN">
		<description>
			<p>A Waterskin holds up to 4 pints. If you don't drink sufficient water, you risk dehydration (see the rules glossary).</p>
		</description>
		<setters>
			<set name="category">Adventuring Gear</set>
			<set name="cost" currency="sp">2</set>
			<set name="weight" lb="5">5 lb. (full)</set>
			<set name="stackable">true</set>
		</setters>
	</element>
	<!--
	<element name="Whetstone" type="Item" source="Player’s Handbook 2024" id="ID_WOTC_PHB24_ITEM_WHETSTONE">
		<description>
			<p></p>
		</description>
		<setters>
			<set name="category">Adventuring Gear</set>
			<set name="cost" currency="cp">1</set>
			<set name="weight" lb="1">1 lb.</set>
			<set name="stackable">true</set>
		</setters>
	</element>-->
</elements>
