<?xml version="1.0" encoding="utf-8" ?>
<elements>
	<info>
		<name>Equipment Packs</name>
		<description></description>
		<author url="http://dnd.wizards.com/products/tabletop-games/rpg-products/rpg_playershandbook">Wizards of the Coast</author>
		<update version="0.0.1">
			<file name="items-packs.xml" url="https://raw.githubusercontent.com/Netrinil/Aurora/master/core/players-handbook-2024/items/items-packs.xml" />
		</update>
	</info>
	<element name="Burglar's Pack" type="Item" source="Player’s Handbook 2024" id="ID_WOTC_PHB24_ITEM_BURGLARS_PACK">
		<description>
			<p>A Burglar's Pack contains the following items: Backpack, Ball Bearings, Bell, 10 Candles, Crowbar, Hooded Lantern, 7 flasks of Oil, 5 days of Rations, Rope, Tinderbox, and Waterskin.</p>
		</description>
		<setters>
			<set name="category">Equipment Packs</set>
			<set name="cost" currency="gp">16</set>
			<set name="weight" lb="42">42 lbs.</set>
		</setters>
		<extract>
			<item>ID_WOTC_PHB24_ITEM_BACKPACK</item>
			<item>ID_WOTC_PHB24_ITEM_BALLBEARINGS</item>
			<item>ID_WOTC_PHB24_ITEM_STRING_10FEET</item>
			<item>ID_WOTC_PHB24_ITEM_BELL</item>
			<item amount="10">ID_WOTC_PHB24_ITEM_CANDLE</item>
			<item>ID_WOTC_PHB24_ITEM_CROWBAR</item>
			<item>ID_WOTC_PHB24_ITEM_LANTERN_HOODED</item>
			<item amount="7">ID_WOTC_PHB24_ITEM_OIL_FLASK</item>
			<item amount="5">ID_WOTC_PHB24_ITEM_RATIONS_1DAY</item>
			<item>ID_WOTC_PHB24_ITEM_TINDERBOX</item>
			<item>ID_WOTC_PHB24_ITEM_WATERSKIN</item>
			<item>ID_WOTC_PHB24_ITEM_ROPE</item>
		</extract>
	</element>
	<element name="Diplomat's Pack" type="Item" source="Player’s Handbook 2024" id="ID_WOTC_PHB24_ITEM_DIPLOMATS_PACK">
		<description>
			<p>A Diplomat's Pack contains the following items: Chest, Fine Clothes, Ink, 5 Ink Pens, Lamp, 2 Map or Scroll Cases, 4 flasks of Oil, 5 sheets of Paper, 5 sheets of Parchment, Perfume, and Tinderbox.</p>
		</description>
		<setters>
			<set name="category">Equipment Packs</set>
			<set name="cost" currency="gp">39</set>
			<set name="weight" lb="39">39 lbs.</set>
		</setters>
		<extract>
			<item>ID_WOTC_PHB24_ITEM_CHEST</item>
			<item amount="2">ID_WOTC_PHB24_ITEM_CASE_MAPORSCROLL</item>
			<item>ID_WOTC_PHB24_ITEM_CLOTHES_FINE</item>
			<item>ID_WOTC_PHB24_ITEM_INK_1OUNCEBOTTLE</item>
			<item amount="5">ID_WOTC_PHB24_ITEM_INKPEN</item>
			<item>ID_WOTC_PHB24_ITEM_LAMP</item>
			<item amount="4">ID_WOTC_PHB24_ITEM_OIL_FLASK</item>
			<item amount="5">ID_WOTC_PHB24_ITEM_PAPER_ONESHEET</item>
			<item amount="5">ID_WOTC_PHB24_ITEM_PARCHMENT_ONESHEET</item>
			<item>ID_WOTC_PHB24_ITEM_PERFUME_VIAL</item>
			<item>ID_WOTC_PHB24_ITEM_TINDERBOX</item>
		</extract>
	</element>
	<element name="Dungeoneer's Pack" type="Item" source="Player’s Handbook 2024" id="ID_WOTC_PHB24_ITEM_DUNGEONEERS_PACK">
		<description>
			<p>A Dungeoneer's Pack contains the following items: Backpack, Caltrops, Crowbar, 2 flasks of Oil, 10 days of Rations, Rope, Tinderbox, 10 Torches, and Waterskin.</p>
		</description>
		<setters>
			<set name="category">Equipment Packs</set>
			<set name="cost" currency="gp">12</set>
			<set name="weight" lb="55">55 lbs.</set>
		</setters>
		<extract>
			<item>ID_WOTC_PHB24_ITEM_BACKPACK</item>
			<item>ID_WOTC_PHB24_ITEM_CALTROPS</item>
			<item>ID_WOTC_PHB24_ITEM_CROWBAR</item>
			<item amount="2">ID_WOTC_PHB24_ITEM_OIL_FLASK</item>
			<item amount="10">ID_WOTC_PHB24_ITEM_RATIONS_1DAY</item>
			<item>ID_WOTC_PHB24_ITEM_ROPE</item>
			<item>ID_WOTC_PHB24_ITEM_TINDERBOX</item>
			<item amount="10">ID_WOTC_PHB24_ITEM_TORCH</item>
			<item>ID_WOTC_PHB24_ITEM_WATERSKIN</item>
		</extract>
	</element>
	<element name="Entertainer's Pack" type="Item" source="Player’s Handbook 2024" id="ID_WOTC_PHB24_ITEM_ENTERTAINERS_PACK">
		<description>
			<p>An Entertainer's Pack contains the following items: Backpack, Bedroll, Bell, Bullseye Lantern, 3 Costumes, Mirror, 8 flasks of Oil, 9 days of Rations, Tinderbox, and Waterskin.</p>
		</description>
		<setters>
			<set name="category">Equipment Packs</set>
			<set name="cost" currency="gp">40</set>
			<set name="weight" lb="58.5">58½ lbs.</set>
		</setters>
		<extract>
			<item>ID_WOTC_PHB24_ITEM_BACKPACK</item>
			<item>ID_WOTC_PHB24_ITEM_BEDROLL</item>
			<item>ID_WOTC_PHB24_ITEM_BELL</item>
			<item>ID_WOTC_PHB24_ITEM_LANTERN_BULLSEYE</item>
			<item amount="3">ID_WOTC_PHB24_ITEM_COSTUME</item>
			<item>ID_WOTC_PHB24_ITEM_MIRROR</item>
			<item amount="8">ID_WOTC_PHB24_ITEM_OIL_FLASK</item>
			<item amount="9">ID_WOTC_PHB24_ITEM_RATIONS_1DAY</item>
			<item>ID_WOTC_PHB24_ITEM_TINDERBOX</item>
			<item>ID_WOTC_PHB24_ITEM_WATERSKIN</item>
		</extract>
	</element>
	<element name="Explorer's Pack" type="Item" source="Player’s Handbook 2024" id="ID_WOTC_PHB24_ITEM_EXPLORERS_PACK">
		<description>
			<p>An Explorer's Pack contains the following items: Backpack, Bedroll, 2 flasks of Oil, 10 days of Rations, Rope, Tinderbox, 10 Torches, and Waterskin.</p>
		</description>
		<setters>
			<set name="category">Equipment Packs</set>
			<set name="cost" currency="gp">10</set>
			<set name="weight" lb="55">55 lbs.</set>
		</setters>
		<extract>
			<item>ID_WOTC_PHB24_ITEM_BACKPACK</item>
			<item>ID_WOTC_PHB24_ITEM_BEDROLL</item>
			<item amount="2">ID_WOTC_PHB24_ITEM_OIL_FLASK</item>
			<item amount="10">ID_WOTC_PHB24_ITEM_RATIONS_1DAY</item>
			<item>ID_WOTC_PHB24_ITEM_ROPE</item>
			<item>ID_WOTC_PHB24_ITEM_TINDERBOX</item>
			<item amount="10">ID_WOTC_PHB_ITEM_TORCH</item>
			<item>ID_WOTC_PHB24_ITEM_WATERSKIN</item>
		</extract>
	</element>
	<element name="Priest's Pack" type="Item" source="Player’s Handbook 2024" id="ID_WOTC_PHB24_ITEM_PRIESTS_PACK">
		<description>
			<p>A Priest's Pack contains the following items: Backpack, Blanket, Holy Water, Lamp, 7 days of Rations, Robe, and Tinderbox.</p>
		</description>
		<setters>
			<set name="category">Equipment Packs</set>
			<set name="cost" currency="gp">33</set>
			<set name="weight" lb="29">29 lbs.</set>
		</setters>
		<extract>
			<item>ID_WOTC_PHB24_ITEM_BACKPACK</item>
			<item>ID_WOTC_PHB24_ITEM_BLANKET</item>
			<item>ID_WOTC_PHB24_ITEM_HOLYWATER</item>
			<item>ID_WOTC_PHB24_ITEM_LAMP</item>
			<item amount="7">ID_WOTC_PHB24_ITEM_RATIONS_1DAY</item>
			<item>ID_WOTC_PHB24_ITEM_ROBE</item>
			<item>ID_WOTC_PHB24_ITEM_TINDERBOX</item>
		</extract>
	</element>
	<element name="Scholar's Pack" type="Item" source="Player’s Handbook 2024" id="ID_WOTC_PHB24_ITEM_SCHOLARS_PACK">
		<description>
			<p>A Scholar’s Pack contains the following items: Backpack, Book, Ink, Ink Pen, Lamp, 10 flasks of Oil, 10 sheets of Parchment, and Tinderbox.</p>
		</description>
		<setters>
			<set name="category">Equipment Packs</set>
			<set name="cost" currency="gp">40</set>
			<set name="weight" lb="22">22 lbs.</set>
		</setters>
		<extract>
			<item>ID_WOTC_PHB24_ITEM_BACKPACK</item>
			<item>ID_WOTC_PHB24_ITEM_BOOK</item>
			<item>ID_WOTC_PHB24_ITEM_INK_1OUNCEBOTTLE</item>
			<item>ID_WOTC_PHB24_ITEM_INKPEN</item>
			<item>ID_WOTC_PHB24_ITEM_LAMP</item>
			<item amount="10">ID_WOTC_PHB24_ITEM_OIL_FLASK</item>
			<item amount="10">ID_WOTC_PHB24_ITEM_PARCHMENT_ONESHEET</item>
			<item>ID_WOTC_PHB24_ITEM_TINDERBOX</item>
		</extract>
	</element>
</elements>