<?xml version="1.0" encoding="utf-8" ?>
<elements>
	<info>
		<name>Instruments</name>
		<description></description>
		<author url="http://dnd.wizards.com/products/tabletop-games/rpg-products/rpg_playershandbook">Wizards of the Coast</author>
		<update version="0.0.1">
			<file name="items-instrument.xml" url="https://raw.githubusercontent.com/Netrinil/Aurora/master/core/players-handbook/items/items-instrument.xml" />
		</update>
	</info>

	<element name="Bagpipes" type="Item" source="Player’s Handbook 2024" id="ID_WOTC_PHB24_INSTRUMENT_BAGPIPES">
		<supports>ID_INTERNAL_TOOL_MUSICAL_INSTRUMENT</supports>
		<description>
			<h5>BAGPIPES</h5>
			<table>
				<tr><td><b>Ability:</b> Charisma</td><td><b>Weight:</b> 6 lb.</td></tr>
				<tr><td><b>Utilize:</b> Play a known tune (DC 10), or improvise a song (DC 15)</td></tr>
			</table>
		</description>
		<setters>
			<set name="category">Musical Instruments</set>
			<set name="cost" currency="gp">30</set>
			<set name="weight" lb="6">6 lbs.</set>
			<set name="slot">onehand</set>
			<set name="type">Tool</set>
			<set name="proficiency">ID_WOTC_PHB24_PROFICIENCY_TOOL_PROFICIENCY_BAGPIPES</set>
		</setters>
	</element>
	<element name="Drum" type="Item" source="Player’s Handbook 2024" id="ID_WOTC_PHB24_INSTRUMENT_DRUM">
		<supports>ID_INTERNAL_TOOL_MUSICAL_INSTRUMENT</supports>
		<description>
			<h5>DRUM</h5>
			<table>
				<tr><td><b>Ability:</b> Charisma</td><td><b>Weight:</b> 3 lb.</td></tr>
				<tr><td><b>Utilize:</b> Play a known tune (DC 10), or improvise a song (DC 15)</td></tr>
			</table>
		</description>
		<setters>
			<set name="category">Musical Instruments</set>
			<set name="cost" currency="gp">6</set>
			<set name="weight" lb="3">3 lbs.</set>
			<set name="slot">onehand</set>
			<set name="type">Tool</set>
			<set name="proficiency">ID_WOTC_PHB24_PROFICIENCY_TOOL_PROFICIENCY_DRUM</set>
		</setters>
	</element>
	<element name="Dulcimer" type="Item" source="Player’s Handbook 2024" id="ID_WOTC_PHB24_INSTRUMENT_DULCIMER">
		<supports>ID_INTERNAL_TOOL_MUSICAL_INSTRUMENT</supports>
		<description>
			<h5>DULCIMER</h5>
			<table>
				<tr><td><b>Ability:</b> Charisma</td><td><b>Weight:</b> 10 lb.</td></tr>
				<tr><td><b>Utilize:</b> Play a known tune (DC 10), or improvise a song (DC 15)</td></tr>
			</table>
		</description>
		<setters>
			<set name="category">Musical Instruments</set>
			<set name="cost" currency="gp">25</set>
			<set name="weight" lb="10">10 lbs.</set>
			<set name="slot">onehand</set>
			<set name="type">Tool</set>
			<set name="proficiency">ID_WOTC_PHB24_PROFICIENCY_TOOL_PROFICIENCY_DULCIMER</set>
		</setters>
	</element>
	<element name="Flute" type="Item" source="Player’s Handbook 2024" id="ID_WOTC_PHB24_INSTRUMENT_FLUTE">
		<supports>ID_INTERNAL_TOOL_MUSICAL_INSTRUMENT</supports>
		<description>
			<h5>FLUTE</h5>
			<table>
				<tr><td><b>Ability:</b> Charisma</td><td><b>Weight:</b> 1 lb.</td></tr>
				<tr><td><b>Utilize:</b> Play a known tune (DC 10), or improvise a song (DC 15)</td></tr>
			</table>
		</description>
		<setters>
			<set name="category">Musical Instruments</set>
			<set name="cost" currency="gp">2</set>
			<set name="weight" lb="1">1 lbs.</set>
			<set name="slot">onehand</set>
			<set name="type">Tool</set>
			<set name="proficiency">ID_WOTC_PHB24_PROFICIENCY_TOOL_PROFICIENCY_FLUTE</set>
		</setters>
	</element>
	<element name="Lute" type="Item" source="Player’s Handbook 2024" id="ID_WOTC_PHB24_INSTRUMENT_LUTE">
		<supports>ID_INTERNAL_TOOL_MUSICAL_INSTRUMENT</supports>
		<description>
			<h5>LUTE</h5>
			<table>
				<tr><td><b>Ability:</b> Charisma</td><td><b>Weight:</b> 2 lb.</td></tr>
				<tr><td><b>Utilize:</b> Play a known tune (DC 10), or improvise a song (DC 15)</td></tr>
			</table>
		</description>
		<setters>
			<set name="category">Musical Instruments</set>
			<set name="cost" currency="gp">35</set>
			<set name="weight" lb="2">2 lbs.</set>
			<set name="slot">onehand</set>
			<set name="type">Tool</set>
			<set name="proficiency">ID_WOTC_PHB24_PROFICIENCY_TOOL_PROFICIENCY_LUTE</set>
		</setters>
	</element>
	<element name="Lyre" type="Item" source="Player’s Handbook 2024" id="ID_WOTC_PHB24_INSTRUMENT_LYRE">
		<supports>ID_INTERNAL_TOOL_MUSICAL_INSTRUMENT</supports>
		<description>
			<h5>LYRE</h5>
			<table>
				<tr><td><b>Ability:</b> Charisma</td><td><b>Weight:</b> 2 lb.</td></tr>
				<tr><td><b>Utilize:</b> Play a known tune (DC 10), or improvise a song (DC 15)</td></tr>
			</table>
		</description>
		<setters>
			<set name="category">Musical Instruments</set>
			<set name="cost" currency="gp">30</set>
			<set name="weight" lb="2">2 lbs.</set>
			<set name="slot">onehand</set>
			<set name="type">Tool</set>
			<set name="proficiency">ID_WOTC_PHB24_PROFICIENCY_TOOL_PROFICIENCY_LYRE</set>
		</setters>
	</element>
	<element name="Horn" type="Item" source="Player’s Handbook 2024" id="ID_WOTC_PHB24_INSTRUMENT_HORN">
		<supports>ID_INTERNAL_TOOL_MUSICAL_INSTRUMENT</supports>
		<description>
			<h5>HORN</h5>
			<table>
				<tr><td><b>Ability:</b> Charisma</td><td><b>Weight:</b> 2 lb.</td></tr>
				<tr><td><b>Utilize:</b> Play a known tune (DC 10), or improvise a song (DC 15)</td></tr>
			</table>
		</description>
		<setters>
			<set name="category">Musical Instruments</set>
			<set name="cost" currency="gp">3</set>
			<set name="weight" lb="2">2 lbs.</set>
			<set name="slot">onehand</set>
			<set name="type">Tool</set>
			<set name="proficiency">ID_WOTC_PHB24_PROFICIENCY_TOOL_PROFICIENCY_HORN</set>
		</setters>
	</element>
	<element name="Pan flute" type="Item" source="Player’s Handbook 2024" id="ID_WOTC_PHB24_INSTRUMENT_PANFLUTE">
		<supports>ID_INTERNAL_TOOL_MUSICAL_INSTRUMENT</supports>
		<description>
			<h5>PAN FLUTE</h5>
			<table>
				<tr><td><b>Ability:</b> Charisma</td><td><b>Weight:</b> 2 lb.</td></tr>
				<tr><td><b>Utilize:</b> Play a known tune (DC 10), or improvise a song (DC 15)</td></tr>
			</table>
		</description>
		<setters>
			<set name="category">Musical Instruments</set>
			<set name="cost" currency="gp">12</set>
			<set name="weight" lb="2">2 lbs.</set>
			<set name="slot">onehand</set>
			<set name="type">Tool</set>
			<set name="proficiency">ID_WOTC_PHB24_PROFICIENCY_TOOL_PROFICIENCY_PAN_FLUTE</set>
		</setters>
	</element>
	<element name="Shawm" type="Item" source="Player’s Handbook 2024" id="ID_WOTC_PHB24_INSTRUMENT_SHAWM">
		<supports>ID_INTERNAL_TOOL_MUSICAL_INSTRUMENT</supports>
		<description>
			<h5>SHAWM</h5>
			<table>
				<tr><td><b>Ability:</b> Charisma</td><td><b>Weight:</b> 1 lb.</td></tr>
				<tr><td><b>Utilize:</b> Play a known tune (DC 10), or improvise a song (DC 15)</td></tr>
			</table>
		</description>
		<setters>
			<set name="category">Musical Instruments</set>
			<set name="cost" currency="gp">2</set>
			<set name="weight" lb="1">1 lbs.</set>
			<set name="slot">onehand</set>
			<set name="type">Tool</set>
			<set name="proficiency">ID_WOTC_PHB24_PROFICIENCY_TOOL_PROFICIENCY_SHAWM</set>
		</setters>
	</element>
	<element name="Viol" type="Item" source="Player’s Handbook 2024" id="ID_WOTC_PHB24_INSTRUMENT_VIOL">
		<supports>ID_INTERNAL_TOOL_MUSICAL_INSTRUMENT</supports>
		<description>
			<h5>VIOL</h5>
			<table>
				<tr><td><b>Ability:</b> Charisma</td><td><b>Weight:</b> 1 lb.</td></tr>
				<tr><td><b>Utilize:</b> Play a known tune (DC 10), or improvise a song (DC 15)</td></tr>
			</table>
		</description>
		<setters>
			<set name="category">Musical Instruments</set>
			<set name="cost" currency="gp">30</set>
			<set name="weight" lb="1">1 lbs.</set>
			<set name="slot">onehand</set>
			<set name="type">Tool</set>
			<set name="proficiency">ID_WOTC_PHB24_PROFICIENCY_TOOL_PROFICIENCY_VIOL</set>
		</setters>
	</element>
</elements>
