<?xml version="1.0" encoding="utf-8" ?>
<elements>
	<info>
		<name>Tools</name>
		<author url="http://dnd.wizards.com/products/tabletop-games/rpg-products/rpg_playershandbook">Wizards of the Coast</author>
		<update version="0.0.1">
			<file name="items-tools.xml" url="https://raw.githubusercontent.com/Netrinil/Aurora/master/core/players-handbook-2024/items/items-tools.xml" />
		</update>
	</info>
	<element name="Alchemist’s Supplies" type="Item" source="Player’s Handbook 2024" id="ID_WOTC_PHB24_ITEM_TOOL_ALCHEMISTS_SUPPLIES">
		<description>
			<h5>ALCHEMIST’S SUPPLIES</h5>
			<table>
				<tr><td><b>Ability:</b> Intelligence</td><td><b>Weight:</b> 8 lb.</td></tr>
				<tr><td><b>Utilize:</b> Identify a substance (DC 15), or start a fire (DC 15)</td></tr>
				<tr><td><b>Craft:</b> Acid, Alchemist's Fire, Component Pouch, Oil, Paper, Perfume</td></tr>
			</table>
		</description>
		<setters>
			<set name="category">Tools</set>
			<set name="cost" currency="gp">50</set>
			<set name="weight" lb="8">8 lbs.</set>
			<set name="type">Tool</set>
			<set name="proficiency">ID_WOTC_PHB24_PROFICIENCY_TOOL_PROFICIENCY_ALCHEMISTS_SUPPLIES</set>
		</setters>
	</element>
	<element name="Brewer’s Supplies" type="Item" source="Player’s Handbook 2024" id="ID_WOTC_PHB24_ITEM_TOOL_BREWERS_SUPPLIES">
		<description>
			<h5>BREWER’S SUPPLIES</h5>
			<table>
				<tr><td><b>Ability:</b> Intelligence</td><td><b>Weight:</b> 9 lb.</td></tr>
				<tr><td><b>Utilize:</b> Detect poisoned drink (DC 15), or identify alcohol (DC 10)</td></tr>
				<tr><td><b>Craft:</b> Antitoxin</td></tr>
			</table>
		</description>
		<setters>
			<set name="category">Tools</set>
			<set name="cost" currency="gp">20</set>
			<set name="weight" lb="9">9 lbs.</set>
			<set name="type">Tool</set>
			<set name="proficiency">ID_WOTC_PHB24_PROFICIENCY_TOOL_PROFICIENCY_BREWERS_SUPPLIES</set>
		</setters>
	</element>
	<element name="Calligrapher’s Supplies" type="Item" source="Player’s Handbook 2024" id="ID_WOTC_PHB24_ITEM_TOOL_CALLIGRAPHERS_SUPPLIES">
		<description>
			<h5>CALLIGRAPHER’S SUPPLIES</h5>
			<table>
				<tr><td><b>Ability:</b> Dexterity</td><td><b>Weight:</b> 5 lb.</td></tr>
				<tr><td><b>Utilize:</b> Write text with impressive flourishes that guard against forgery (DC 15)</td></tr>
				<tr><td><b>Craft:</b> Ink, <i>Spell Scroll</i></td></tr>
			</table>
		</description>
		<setters>
			<set name="category">Tools</set>
			<set name="cost" currency="gp">10</set>
			<set name="weight" lb="5">5 lbs.</set>
			<set name="type">Tool</set>
			<set name="proficiency">ID_WOTC_PHB24_PROFICIENCY_TOOL_PROFICIENCY_CALLIGRAPHERS_SUPPLIES</set>
		</setters>
	</element>
	<element name="Carpenter’s Tools" type="Item" source="Player’s Handbook 2024" id="ID_WOTC_PHB24_ITEM_TOOL_CARPENTERS_TOOLS">
		<description>
			<h5>CARPENTER’S TOOLS</h5>
			<table>
				<tr><td><b>Ability:</b> Strength</td><td><b>Weight:</b> 6 lb.</td></tr>
				<tr><td><b>Utilize:</b> Seal or pry open a door or container (DC 20)</td></tr>
				<tr><td><b>Craft:</b> Club, Greatclub, Quarterstaff, Barrel, Chest, Ladder, Pole, Portable Ram, Torch</td></tr>
			</table>
		</description>
		<setters>
			<set name="category">Tools</set>
			<set name="cost" currency="gp">8</set>
			<set name="weight" lb="6">6 lbs.</set>
			<set name="type">Tool</set>
			<set name="proficiency">ID_WOTC_PHB24_PROFICIENCY_TOOL_PROFICIENCY_CARPENTERS_TOOLS</set>
		</setters>
	</element>
	<element name="Cartographer’s Tools" type="Item" source="Player’s Handbook 2024" id="ID_WOTC_PHB24_ITEM_TOOL_CARTOGRAPHERS_TOOLS">
		<description>
			<h5>CARTOGRAPHER’S TOOLS</h5>
			<table>
				<tr><td><b>Ability:</b> Wisdom</td><td><b>Weight:</b> 6 lb.</td></tr>
				<tr><td><b>Utilize:</b> Draft a map of a small area (DC 15)</td></tr>
				<tr><td><b>Craft:</b> Map</td></tr>
			</table>
		</description>
		<setters>
			<set name="category">Tools</set>
			<set name="cost" currency="gp">15</set>
			<set name="weight" lb="6">6 lbs.</set>
			<set name="type">Tool</set>
			<set name="proficiency">ID_WOTC_PHB24_PROFICIENCY_TOOL_PROFICIENCY_CARTOGRAPHERS_TOOLS</set>
		</setters>
	</element>
	<element name="Cobbler’s Tools" type="Item" source="Player’s Handbook 2024" id="ID_WOTC_PHB24_ITEM_TOOL_COBBLERS_TOOLS">
		<description>
			<h5>COBBLER’S TOOLS</h5>
			<table>
				<tr><td><b>Ability:</b> Dexterity</td><td><b>Weight:</b> 5 lb.</td></tr>
				<tr><td><b>Utilize:</b> Modify footwear to give Advantage on the wearer’s next Dexterity (Acrobatics) check (DC 10)</td></tr>
				<tr><td><b>Craft:</b> Climber's Kit</td></tr>
			</table>
		</description>
		<setters>
			<set name="category">Tools</set>
			<set name="cost" currency="gp">5</set>
			<set name="weight" lb="5">5 lbs.</set>
			<set name="type">Tool</set>
			<set name="proficiency">ID_WOTC_PHB24_PROFICIENCY_TOOL_PROFICIENCY_COBBLERS_TOOLS</set>
		</setters>
	</element>
	<element name="Cook’s Utensils" type="Item" source="Player’s Handbook 2024" id="ID_WOTC_PHB24_ITEM_TOOL_COOKS_UTENSILS">
		<description>
			<h5>COOK’S UTENSILS</h5>
			<table>
				<tr><td><b>Ability:</b> Wisdom</td><td><b>Weight:</b> 8 lb.</td></tr>
				<tr><td><b>Utilize:</b> Improve food’s flavor (DC 10), or detect spoiled or poisoned food (DC 15)</td></tr>
				<tr><td><b>Craft:</b> Rations</td></tr>
			</table>
		</description>
		<setters>
			<set name="category">Tools</set>
			<set name="cost" currency="gp">1</set>
			<set name="weight" lb="8">8 lbs.</set>
			<set name="type">Tool</set>
			<set name="proficiency">ID_WOTC_PHB24_PROFICIENCY_TOOL_PROFICIENCY_COOKS_UTENSILS</set>
		</setters>
	</element>
	<element name="Disguise Kit" type="Item" source="Player’s Handbook 2024" id="ID_WOTC_PHB24_ITEM_TOOL_DISGUISE_KIT">
		<description>
			<h5>DISGUISE KIT</h5>
			<table>
				<tr><td><b>Ability:</b> Charisma</td><td><b>Weight:</b> 3 lb.</td></tr>
				<tr><td><b>Utilize:</b> Apply makeup (DC 10)</td></tr>
				<tr><td><b>Craft:</b> Costume</td></tr>
			</table>
		</description>
		<setters>
			<set name="category">Tools</set>
			<set name="cost" currency="gp">25</set>
			<set name="weight" lb="3">3 lbs.</set>
			<set name="type">Tool</set>
			<set name="proficiency">ID_WOTC_PHB24_PROFICIENCY_TOOL_PROFICIENCY_DISGUISE_KIT</set>
		</setters>
	</element>
	<element name="Forgery Kit" type="Item" source="Player’s Handbook 2024" id="ID_WOTC_PHB24_ITEM_TOOL_FORGERY_KIT">
		<description>
			<h5>FORGERY KIT</h5>
			<table>
				<tr><td><b>Ability:</b> Dexterity</td><td><b>Weight:</b> 5 lb.</td></tr>
				<tr><td><b>Utilize:</b> Mimic 10 or fewer words of someone else’s handwriting (DC 15), or duplicate a wax seal (DC 20)</td></tr>
			</table>
		</description>
		<setters>
			<set name="category">Tools</set>
			<set name="cost" currency="gp">15</set>
			<set name="weight" lb="5">5 lbs.</set>
			<set name="type">Tool</set>
			<set name="proficiency">ID_WOTC_PHB24_PROFICIENCY_TOOL_PROFICIENCY_FORGERY_KIT</set>
		</setters>
	</element>
	<element name="Glassblower’s Tools" type="Item" source="Player’s Handbook 2024" id="ID_WOTC_PHB24_ITEM_TOOL_GLASSBLOWERS_TOOLS">
		<description>
			<h5>GLASSBLOWER’S TOOLS</h5>
			<table>
				<tr><td><b>Ability:</b> Intelligence</td><td><b>Weight:</b> 5 lb.</td></tr>
				<tr><td><b>Utilize:</b> Discern what a glass object held in the past 24 hours (DC 15)</td></tr>
				<tr><td><b>Craft:</b> Glass Bottle, Magnifying Glass, Spyglass, Vial</td></tr>
			</table>
		</description>
		<setters>
			<set name="category">Tools</set>
			<set name="cost" currency="gp">30</set>
			<set name="weight" lb="5">5 lbs.</set>
			<set name="type">Tool</set>
			<set name="proficiency">ID_WOTC_PHB24_PROFICIENCY_TOOL_PROFICIENCY_GLASSBLOWERS_TOOLS</set>
		</setters>
	</element>
	<element name="Herbalism Kit" type="Item" source="Player’s Handbook 2024" id="ID_WOTC_PHB24_ITEM_TOOL_HERBALISM_KIT">
		<description>
			<h5>HERBALISM KIT</h5>
			<table>
				<tr><td><b>Ability:</b> Intelligence</td><td><b>Weight:</b> 3 lb.</td></tr>
				<tr><td><b>Utilize:</b> Identify a plant (DC 10)</td></tr>
				<tr><td><b>Craft:</b> Antitoxin, Candle, Healer’s Kit, <i>Potion of Healing</i></td></tr>
			</table>
		</description>
		<setters>
			<set name="category">Tools</set>
			<set name="cost" currency="gp">5</set>
			<set name="weight" lb="3">3 lbs.</set>
			<set name="type">Tool</set>
			<set name="proficiency">ID_WOTC_PHB24_PROFICIENCY_TOOL_PROFICIENCY_HERBALISM_KIT</set>
		</setters>
	</element>
	<element name="Jeweler’s Tools" type="Item" source="Player’s Handbook 2024" id="ID_WOTC_PHB24_ITEM_TOOL_JEWELERS_TOOLS">
		<description>
			<h5>JEWELER’S TOOLS</h5>
			<table>
				<tr><td><b>Ability:</b> Intelligence</td><td><b>Weight:</b> 2 lb.</td></tr>
				<tr><td><b>Utilize:</b> Discern a gem’s value (DC 15)</td></tr>
				<tr><td><b>Craft:</b> Arcane Focus, Holy Symbol</td></tr>
			</table>
		</description>
		<setters>
			<set name="category">Tools</set>
			<set name="cost" currency="gp">25</set>
			<set name="weight" lb="2">2 lbs.</set>
			<set name="type">Tool</set>
			<set name="proficiency">ID_WOTC_PHB24_PROFICIENCY_TOOL_PROFICIENCY_JEWELERS_TOOLS</set>
		</setters>
	</element>
	<element name="Leatherworker’s Tools" type="Item" source="Player’s Handbook 2024" id="ID_WOTC_PHB24_ITEM_TOOL_LEATHERWORKERS_TOOLS">
		<description>
			<h5>LEATHERWORKER’S TOOLS</h5>
			<table>
				<tr><td><b>Ability:</b> Dexterity</td><td><b>Weight:</b> 5 lb.</td></tr>
				<tr><td><b>Utilize:</b> Add a design to a leather item (DC 10)</td></tr>
				<tr><td><b>Craft:</b> Sling, Whip, Hide Armor, Leather Armor, Studded Leather Armor, Backpack, Crossbow Bolt Case, Map or Scroll Case, Parchment, Pouch, Quiver, Waterskin</td></tr>
			</table>
		</description>
		<setters>
			<set name="category">Tools</set>
			<set name="cost" currency="gp">5</set>
			<set name="weight" lb="5">5 lbs.</set>
			<set name="type">Tool</set>
			<set name="proficiency">ID_WOTC_PHB24_PROFICIENCY_TOOL_PROFICIENCY_LEATHERWORKERS_TOOLS</set>
		</setters>
	</element>
	<element name="Mason’s Tools" type="Item" source="Player’s Handbook 2024" id="ID_WOTC_PHB24_ITEM_TOOL_MASONS_TOOLS">
		<description>
			<h5>MASON’S TOOLS</h5>
			<table>
				<tr><td><b>Ability:</b> Strength</td><td><b>Weight:</b> 8 lb.</td></tr>
				<tr><td><b>Utilize:</b> Chisel a symbol or hole in stone (DC 10)</td></tr>
				<tr><td><b>Craft:</b> Block and Tackle</td></tr>
			</table>
		</description>
		<setters>
			<set name="category">Tools</set>
			<set name="cost" currency="gp">10</set>
			<set name="weight" lb="8">8 lbs.</set>
			<set name="type">Tool</set>
			<set name="proficiency">ID_WOTC_PHB24_PROFICIENCY_TOOL_PROFICIENCY_MASONS_TOOLS</set>
		</setters>
	</element>
	<element name="Navigator’s Tools" type="Item" source="Player’s Handbook 2024" id="ID_WOTC_PHB24_ITEM_TOOL_NAVIGATORS_TOOLS">
		<description>
			<h5>NAVIGATOR’S TOOLS</h5>
			<table>
				<tr><td><b>Ability:</b> Wisdom</td><td><b>Weight:</b> 2 lb.</td></tr>
				<tr><td><b>Utilize:</b> Plot a course (DC 10), or determine position by stargazing (DC 15)</td></tr>
			</table>
		</description>
		<setters>
			<set name="category">Tools</set>
			<set name="cost" currency="gp">25</set>
			<set name="weight" lb="2">2 lbs.</set>
			<set name="type">Tool</set>
			<set name="proficiency">ID_WOTC_PHB24_PROFICIENCY_TOOL_PROFICIENCY_NAVIGATORS_TOOLS</set>
		</setters>
	</element>
	<element name="Painter’s Supplies" type="Item" source="Player’s Handbook 2024" id="ID_WOTC_PHB24_ITEM_TOOL_PAINTERS_SUPPLIES">
		<description>
			<h5>PAINTER’S SUPPLIES</h5>
			<table>
				<tr><td><b>Ability:</b> Wisdom</td><td><b>Weight:</b> 5 lb.</td></tr>
				<tr><td><b>Utilize:</b> Paint a recognizable image of something you've seen (DC 10)</td></tr>
				<tr><td><b>Craft:</b> Druidic Focus, Holy Symbol</td></tr>
			</table>
		</description>
		<setters>
			<set name="category">Tools</set>
			<set name="cost" currency="gp">10</set>
			<set name="weight" lb="5">5 lbs.</set>
			<set name="type">Tool</set>
			<set name="proficiency">ID_WOTC_PHB24_PROFICIENCY_TOOL_PROFICIENCY_PAINTERS_SUPPLIES</set>
		</setters>
	</element>
	<element name="Poisoner’s Kit" type="Item" source="Player’s Handbook 2024" id="ID_WOTC_PHB24_ITEM_TOOL_POISONERS_KIT">
		<description>
			<h5>POISONER’S KIT</h5>
			<table>
				<tr><td><b>Ability:</b> Intelligence</td><td><b>Weight:</b> 2 lb.</td></tr>
				<tr><td><b>Utilize:</b> Detect a poisoned object (DC 10)</td></tr>
				<tr><td><b>Craft:</b> Basic Poison</td></tr>
			</table>
		</description>
		<setters>
			<set name="category">Tools</set>
			<set name="cost" currency="gp">50</set>
			<set name="weight" lb="2">2 lbs.</set>
			<set name="type">Tool</set>
			<set name="proficiency">ID_WOTC_PHB24_PROFICIENCY_TOOL_PROFICIENCY_POISONERS_KIT</set>
		</setters>
	</element>
	<element name="Potter’s Tools" type="Item" source="Player’s Handbook 2024" id="ID_WOTC_PHB24_ITEM_TOOL_POTTERS_TOOLS">
		<description>
			<h5>POTTER’S TOOLS</h5>
			<table>
				<tr><td><b>Ability:</b> Intelligence</td><td><b>Weight:</b> 3 lb.</td></tr>
				<tr><td><b>Utilize:</b> Discern what a ceramic object held in the past 24 hours (DC 15)</td></tr>
				<tr><td><b>Craft:</b> Jug, Lamp</td></tr>
			</table>
		</description>
		<setters>
			<set name="category">Tools</set>
			<set name="cost" currency="gp">10</set>
			<set name="weight" lb="3">3 lbs.</set>
			<set name="type">Tool</set>
			<set name="proficiency">ID_WOTC_PHB24_PROFICIENCY_TOOL_PROFICIENCY_POTTERS_TOOLS</set>
		</setters>
	</element>
	<element name="Smith’s Tools" type="Item" source="Player’s Handbook 2024" id="ID_WOTC_PHB24_ITEM_TOOL_SMITHS_TOOLS">
		<description>
			<h5>SMITH’S TOOLS</h5>
			<table>
				<tr><td><b>Ability:</b> Strength</td><td><b>Weight:</b> 8 lb.</td></tr>
				<tr><td><b>Utilize:</b> Pry open a door or container (DC 20)</td></tr>
				<tr><td><b>Craft:</b> Any Melee weapon (except Club, Greatclub, Quarterstaff, and Whip), Medium armor (except Hide), Heavy armor, Ball Bearings, Bucket, Caltrops, Chain, Crowbar, Firearm Bullets, Grappling Hook, Iron Pot, Iron Spikes, Sling Bullets</td></tr>
			</table>
		</description>
		<setters>
			<set name="category">Tools</set>
			<set name="cost" currency="gp">20</set>
			<set name="weight" lb="8">8 lbs.</set>
			<set name="type">Tool</set>
			<set name="proficiency">ID_WOTC_PHB24_PROFICIENCY_TOOL_PROFICIENCY_SMITHS_TOOLS</set>
		</setters>
	</element>
	<element name="Thieves’ Tools" type="Item" source="Player’s Handbook 2024" id="ID_WOTC_PHB24_ITEM_TOOL_THIEVES_TOOLS">
		<description>
			<h5>THIEVES’ TOOLS</h5>
			<table>
				<tr><td><b>Ability:</b> Dexterity</td><td><b>Weight:</b> 1 lb.</td></tr>
				<tr><td><b>Utilize:</b> Pick a lock (DC 15), or disarm a trap (DC 15)</td></tr>
			</table>
		</description>
		<setters>
			<set name="category">Tools</set>
			<set name="cost" currency="gp">25</set>
			<set name="weight" lb="1">1 lbs.</set>
			<set name="type">Tool</set>
			<set name="proficiency">ID_WOTC_PHB24_PROFICIENCY_TOOL_PROFICIENCY_THIEVES_TOOLS</set>
		</setters>
	</element>
	<element name="Tinker’s Tools" type="Item" source="Player’s Handbook 2024" id="ID_WOTC_PHB24_ITEM_TOOL_TINKERS_TOOLS">
		<description>
			<h5>TINKER’S TOOLS</h5>
			<table>
				<tr><td><b>Ability:</b> Dexterity</td><td><b>Weight:</b> 10 lb.</td></tr>
				<tr><td><b>Utilize:</b> Assemble a Tiny item composed of scrap, which falls apart in 1 minute (DC 20)</td></tr>
				<tr><td><b>Craft:</b> Musket, Pistol, Bell, Bullseye Lantern, Flask, Hooded Lantern, Hunting Trap, Lock, Manacles, Mirror, Shovel, Signal Whistle, Tinderbox</td></tr>
			</table>
		</description>
		<setters>
			<set name="category">Tools</set>
			<set name="cost" currency="gp">50</set>
			<set name="weight" lb="10">10 lbs.</set>
			<set name="type">Tool</set>
			<set name="proficiency">ID_WOTC_PHB24_PROFICIENCY_TOOL_PROFICIENCY_TINKERS_TOOLS</set>
		</setters>
	</element>
	<element name="Weaver’s Tools" type="Item" source="Player’s Handbook 2024" id="ID_WOTC_PHB24_ITEM_TOOL_WEAVERS_TOOLS">
		<description>
			<h5>WEAVER’S TOOLS</h5>
			<table>
				<tr><td><b>Ability:</b> Dexterity</td><td><b>Weight:</b> 5 lb.</td></tr>
				<tr><td><b>Utilize:</b> Mend a tear in clothing (DC 10), or sew a Tiny design (DC 10)</td></tr>
				<tr><td><b>Craft:</b> Padded Armor, Basket, Bedroll, Blanket, Fine Clothes, Net, Robe, Rope, Sack, String, Tent, Traveler’s Clothes</td></tr>
			</table>
		</description>
		<setters>
			<set name="category">Tools</set>
			<set name="cost" currency="gp">1</set>
			<set name="weight" lb="5">5 lbs.</set>
			<set name="type">Tool</set>
			<set name="proficiency">ID_WOTC_PHB24_PROFICIENCY_TOOL_PROFICIENCY_WEAVERS_TOOLS</set>
		</setters>
	</element>
	<element name="Woodcarver’s Tools" type="Item" source="Player’s Handbook 2024" id="ID_WOTC_PHB24_ITEM_TOOL_WOODCARVERS_TOOLS">
		<description>
			<h5>WOODCARVER’S TOOLS</h5>
			<table>
				<tr><td><b>Ability:</b> Dexterity</td><td><b>Weight:</b> 5 lb.</td></tr>
				<tr><td><b>Utilize:</b> Carve a pattern in wood (DC 10)</td></tr>
				<tr><td><b>Craft:</b> Club, Greatclub, Quarterstaff, Ranged weapons (except Pistol, Musket, and Sling), Arcane Focus, Arrows, Bolts, Druidic Focus, Ink Pen, Needles</td></tr>
			</table>
		</description>
		<setters>
			<set name="category">Tools</set>
			<set name="cost" currency="gp">1</set>
			<set name="weight" lb="5">5 lbs.</set>
			<set name="type">Tool</set>
			<set name="proficiency">ID_WOTC_PHB24_PROFICIENCY_TOOL_PROFICIENCY_WOODCARVERS_TOOLS</set>
		</setters>
	</element>		
	<element name="Dice Set" type="Item" source="Player’s Handbook 2024" id="ID_WOTC_PHB24_ITEM_TOOL_DICE_SET">
		<description>
			<h5>DICE SET</h5>
			<table>
				<tr><td><b>Ability:</b> Wisdom</td><td><b>Weight:</b> — </td></tr>
				<tr><td><b>Utilize:</b> Discern whether someone is cheating (DC 10), or win the game (DC 20)</td></tr>
			</table>
		</description>
		<setters>
			<set name="keywords">game, gaming set</set>
			<set name="category">Tools</set>
			<set name="cost" currency="sp">1</set>
			<set name="weight" lb="0">—</set>
			<set name="type">Gaming Set</set>
			<set name="proficiency">ID_WOTC_PHB24_PROFICIENCY_GAMING_SET_PROFICIENCY_DICE_SET</set>
		</setters>
	</element>
	<element name="Dragonchess Set" type="Item" source="Player’s Handbook 2024" id="ID_WOTC_PHB24_ITEM_TOOL_DRAGONCHESS_SET">
		<description>
			<h5>DRAGONCHESS SET</h5>
			<table>
				<tr><td><b>Ability:</b> Wisdom</td><td><b>Weight:</b> — </td></tr>
				<tr><td><b>Utilize:</b> Discern whether someone is cheating (DC 10), or win the game (DC 20)</td></tr>
			</table>
		</description>
		<setters>
			<set name="keywords">game, gaming set</set>
			<set name="category">Tools</set>
			<set name="cost" currency="gp">1</set>
			<set name="weight" lb="0">—</set>
			<set name="type">Gaming Set</set>
			<set name="proficiency">ID_WOTC_PHB24_PROFICIENCY_GAMING_SET_PROFICIENCY_DRAGONCHESS_SET</set>
		</setters>
	</element>
	<element name="Playing Cards Set" type="Item" source="Player’s Handbook 2024" id="ID_WOTC_PHB24_ITEM_TOOL_PLAYING_CARDS_SET">
		<description>
			<h5>PLAYING CARDS SET</h5>
			<table>
				<tr><td><b>Ability:</b> Wisdom</td><td><b>Weight:</b> — </td></tr>
				<tr><td><b>Utilize:</b> Discern whether someone is cheating (DC 10), or win the game (DC 20)</td></tr>
			</table>
		</description>
		<setters>
			<set name="keywords">game, gaming set, cards</set>
			<set name="category">Tools</set>
			<set name="cost" currency="sp">5</set>
			<set name="weight" lb="0">—</set>
			<set name="type">Gaming Set</set>
			<set name="proficiency">ID_WOTC_PHB24_PROFICIENCY_GAMING_SET_PROFICIENCY_PLAYING_CARD_SET</set>
		</setters>
	</element>
	<element name="Three-Dragon Ante Set" type="Item" source="Player’s Handbook 2024" id="ID_WOTC_PHB24_ITEM_TOOL_THREE_DRAGON_ANTE_SET">
		<description>
			<h5>THREE DRAGON ANTE SET</h5>
			<table>
				<tr><td><b>Ability:</b> Wisdom</td><td><b>Weight:</b> — </td></tr>
				<tr><td><b>Utilize:</b> Discern whether someone is cheating (DC 10), or win the game (DC 20)</td></tr>
			</table>
		</description>
		<setters>
			<set name="keywords">game, gaming set, cards</set>
			<set name="category">Tools</set>
			<set name="cost" currency="gp">1</set>
			<set name="weight" lb="0">—</set>
			<set name="type">Gaming Set</set>
			<set name="proficiency">ID_WOTC_PHB24_PROFICIENCY_GAMING_SET_PROFICIENCY_THREE_DRAGON_ANTE_SET</set>
		</setters>
	</element>

</elements>
