<?xml version="1.0" encoding="utf-8" ?>
<elements>

	<element name="Lawful Good" type="Alignment" source="Player’s Handbook 2024" id="ID_WOTC_PHB24_ALIGNMENT_LAWFUL_GOOD">
		<supports />
		<description>
			<p>Lawful good (LG) creatures can be counted on to do the right thing as expected by society. Gold dragons, paladins, and most dwarves are lawful good.</p>
		</description>
		<setters>
			<set name="Abbreviation">LG</set>
		</setters>
		<rules />
	</element>
	<element name="Neutral Good" type="Alignment" source="Player’s Handbook 2024" id="ID_WOTC_PHB24_ALIGNMENT_NEUTRAL_GOOD">
		<supports />
		<description>
			<p>Neutral good (NG) folk do the best they can to help others according to their needs. Many celestials, some cloud giants, and most gnomes are neutral good.</p>
		</description>
		<setters>
			<set name="Abbreviation">NG</set>
		</setters>
		<rules />
	</element>
	<element name="Chaotic Good" type="Alignment" source="Player’s Handbook 2024" id="ID_WOTC_PHB24_ALIGNMENT_CHAOTIC_GOOD">
		<supports />
		<description>
			<p>Chaotic good (CG) creatures act as their conscience directs, with little regard for what others expect. Copper dragons, many elves, and unicorns are chaotic good.</p>
		</description>
		<setters>
			<set name="Abbreviation">CG</set>
		</setters>
		<rules />
	</element>
	<element name="Lawful Neutral" type="Alignment" source="Player’s Handbook 2024" id="ID_WOTC_PHB24_ALIGNMENT_LAWFUL_NEUTRAL">
		<supports />
		<description>
			<p>Lawful neutral (LN) individuals act in accordance with law, tradition, or personal codes. Many monks and some wizards are lawful neutral.</p>
		</description>
		<setters>
			<set name="Abbreviation">LW</set>
		</setters>
		<rules />
	</element>
	<element name="Neutral" type="Alignment" source="Player’s Handbook 2024" id="ID_WOTC_PHB24_ALIGNMENT_NEUTRAL">
		<supports />
		<description>
			<p>Neutral (N) is the alignment of those who prefer to steer clear of moral questions and don’t take sides, doing what seems best at the time. Lizardfolk, most druids, and many humans are neutral.</p>
		</description>
		<setters>
			<set name="Abbreviation">N</set>
		</setters>
		<rules />
	</element>
	<element name="Chaotic Neutral" type="Alignment" source="Player’s Handbook 2024" id="ID_WOTC_PHB24_ALIGNMENT_CHAOTIC_NEUTRAL">
		<supports />
		<description>
			<p>Chaotic neutral (CN) creatures follow their whims, holding their personal freedom above all else. Many barbarians and rogues, and some bards, are chaotic neutral.</p>
		</description>
		<setters>
			<set name="Abbreviation">CN</set>
		</setters>
		<rules />
	</element>
	<element name="Lawful Evil" type="Alignment" source="Player’s Handbook 2024" id="ID_WOTC_PHB24_ALIGNMENT_LAWFUL_EVIL">
		<supports />
		<description>
			<p>Lawful evil (LE) creatures methodically take what they want, within the limits of a code of tradition, loyalty, or order. Devils, blue dragons, and hobgoblins are lawful evil.</p>
		</description>
		<setters>
			<set name="Abbreviation">LE</set>
		</setters>
		<rules />
	</element>
	<element name="Neutral Evil" type="Alignment" source="Player’s Handbook 2024" id="ID_WOTC_PHB24_ALIGNMENT_NEUTRAL_EVIL">
		<supports />
		<description>
			<p>Neutral evil (NE) is the alignment of those who do whatever they can get away with, without compassion or qualms. Many drow, some cloud giants, and yugoloths are neutral evil.</p>
		</description>
		<setters>
			<set name="Abbreviation">NE</set>
		</setters>
		<rules />
	</element>
	<element name="Chaotic Evil" type="Alignment" source="Player’s Handbook 2024" id="ID_WOTC_PHB24_ALIGNMENT_CHAOTIC_EVIL">
		<supports />
		<description>
			<p>Chaotic evil (CE) creatures act with arbitrary violence, spurred by their greed, hatred, or bloodlust. Demons, red dragons, and orcs are chaotic evil.</p>
		</description>
		<setters>
			<set name="Abbreviation">CE</set>
		</setters>
		<rules />
	</element>
</elements>