<?xml version="1.0" encoding="utf-8" ?>
<elements>
	<info>
		<name>Expertise</name>
		<description></description>
		<author url="http://dnd.wizards.com/products/tabletop-games/rpg-products/rpg_playershandbook">Wizards of the Coast</author>
		<update version="0.0.2">
			<file name="expertise-skills.xml" url="https://raw.githubusercontent.com/Netrinil/Aurora/master/core/players-handbook-2024/misc/expertise-skills.xml" />
		</update>
	</info>
	<!-- Expertise -->
	<element name="Skill Expertise (Acrobatics)" type="Proficiency" source="Player’s Handbook 2024" id="ID_WOTC_PHB24_EXPERTISE_SKILL_ACROBATICS">
		<supports>Expertise, Skill, ID_INTERNAL_SUPPORT_EXPERTISE</supports>
		<requirements>ID_WOTC_PHB24_PROFICIENCY_SKILL_ACROBATICS</requirements>
		<description>
			<p>Your proficiency bonus is doubled for any Acrobatics check you make.</p>
			<div class="reference">
				<div element="ID_WOTC_PHB24_PROFICIENCY_SKILL_ACROBATICS" />
			</div>
		</description>
		<sheet display="false" />
		<rules>
			<stat name="acrobatics:proficiency" value="proficiency" bonus="double" />
		</rules>
	</element>
	<element name="Skill Expertise (Animal Handling)" type="Proficiency" source="Player’s Handbook 2024" id="ID_WOTC_PHB24_EXPERTISE_SKILL_ANIMALHANDLING">
		<supports>Expertise, Skill, ID_INTERNAL_SUPPORT_EXPERTISE</supports>
		<requirements>ID_WOTC_PHB24_PROFICIENCY_SKILL_ANIMALHANDLING</requirements>
		<description>
			<p>Your proficiency bonus is doubled for any Animal Handling check you make.</p>
			<div class="reference">
				<div element="ID_WOTC_PHB24_PROFICIENCY_SKILL_ANIMALHANDLING" />
			</div>
		</description>
		<sheet display="false" />
		<rules>
			<stat name="animal handling:proficiency" value="proficiency" bonus="double" />
		</rules>
	</element>
	<element name="Skill Expertise (Arcana)" type="Proficiency" source="Player’s Handbook 2024" id="ID_WOTC_PHB24_EXPERTISE_SKILL_ARCANA">
		<supports>Expertise, Skill, ID_INTERNAL_SUPPORT_EXPERTISE</supports>
		<requirements>ID_WOTC_PHB24_PROFICIENCY_SKILL_ARCANA</requirements>
		<description>
			<p>Your proficiency bonus is doubled for any Arcana check you make.</p>
			<div class="reference">
				<div element="ID_WOTC_PHB24_PROFICIENCY_SKILL_ARCANA" />
			</div>
		</description>
		<sheet display="false" />
		<rules>
			<stat name="arcana:proficiency" value="proficiency" bonus="double" />
		</rules>
	</element>
	<element name="Skill Expertise (Athletics)" type="Proficiency" source="Player’s Handbook 2024" id="ID_WOTC_PHB24_EXPERTISE_SKILL_ATHLETICS">
		<supports>Expertise, Skill, ID_INTERNAL_SUPPORT_EXPERTISE</supports>
		<requirements>ID_WOTC_PHB24_PROFICIENCY_SKILL_ATHLETICS</requirements>
		<description>
			<p>Your proficiency bonus is doubled for any Athletics check you make.</p>
			<div class="reference">
				<div element="ID_WOTC_PHB24_PROFICIENCY_SKILL_ATHLETICS" />
			</div>
		</description>
		<sheet display="false" />
		<rules>
			<stat name="athletics:proficiency" value="proficiency" bonus="double" />
		</rules>
	</element>
	<element name="Skill Expertise (Deception)" type="Proficiency" source="Player’s Handbook 2024" id="ID_WOTC_PHB24_EXPERTISE_SKILL_DECEPTION">
		<supports>Expertise, Skill, ID_INTERNAL_SUPPORT_EXPERTISE</supports>
		<requirements>ID_WOTC_PHB24_PROFICIENCY_SKILL_DECEPTION</requirements>
		<description>
			<p>Your proficiency bonus is doubled for any Deception check you make.</p>
			<div class="reference">
				<div element="ID_WOTC_PHB24_PROFICIENCY_SKILL_DECEPTION" />
			</div>
		</description>
		<sheet display="false" />
		<rules>
			<stat name="deception:proficiency" value="proficiency" bonus="double" />
		</rules>
	</element>
	<element name="Skill Expertise (History)" type="Proficiency" source="Player’s Handbook 2024" id="ID_WOTC_PHB24_EXPERTISE_SKILL_HISTORY">
		<supports>Expertise, Skill, ID_INTERNAL_SUPPORT_EXPERTISE</supports>
		<requirements>ID_WOTC_PHB24_PROFICIENCY_SKILL_HISTORY</requirements>
		<description>
			<p>Your proficiency bonus is doubled for any History check you make.</p>
			<div class="reference">
				<div element="ID_WOTC_PHB24_PROFICIENCY_SKILL_HISTORY" />
			</div>
		</description>
		<sheet display="false" />
		<rules>
			<stat name="history:proficiency" value="proficiency" bonus="double" />
		</rules>
	</element>
	<element name="Skill Expertise (Insight)" type="Proficiency" source="Player’s Handbook 2024" id="ID_WOTC_PHB24_EXPERTISE_SKILL_INSIGHT">
		<supports>Expertise, Skill, ID_INTERNAL_SUPPORT_EXPERTISE</supports>
		<requirements>ID_WOTC_PHB24_PROFICIENCY_SKILL_INSIGHT</requirements>
		<description>
			<p>Your proficiency bonus is doubled for any Insight check you make.</p>
			<div class="reference">
				<div element="ID_WOTC_PHB24_PROFICIENCY_SKILL_INSIGHT" />
			</div>
		</description>
		<sheet display="false" />
		<rules>
			<stat name="insight:proficiency" value="proficiency" bonus="double" />
		</rules>
	</element>
	<element name="Skill Expertise (Intimidation)" type="Proficiency" source="Player’s Handbook 2024" id="ID_WOTC_PHB24_EXPERTISE_SKILL_INTIMIDATION">
		<supports>Expertise, Skill, ID_INTERNAL_SUPPORT_EXPERTISE</supports>
		<requirements>ID_WOTC_PHB24_PROFICIENCY_SKILL_INTIMIDATION</requirements>
		<description>
			<p>Your proficiency bonus is doubled for any Intimidation check you make.</p>
			<div class="reference">
				<div element="ID_WOTC_PHB24_PROFICIENCY_SKILL_INTIMIDATION" />
			</div>
		</description>
		<sheet display="false" />
		<rules>
			<stat name="intimidation:proficiency" value="proficiency" bonus="double" />
		</rules>
	</element>
	<element name="Skill Expertise (Investigation)" type="Proficiency" source="Player’s Handbook 2024" id="ID_WOTC_PHB24_EXPERTISE_SKILL_INVESTIGATION">
		<supports>Expertise, Skill, ID_INTERNAL_SUPPORT_EXPERTISE</supports>
		<requirements>ID_WOTC_PHB24_PROFICIENCY_SKILL_INVESTIGATION</requirements>
		<description>
			<p>Your proficiency bonus is doubled for any Investigation check you make.</p>
			<div class="reference">
				<div element="ID_WOTC_PHB24_PROFICIENCY_SKILL_INVESTIGATION" />
			</div>
		</description>
		<sheet display="false" />
		<rules>
			<stat name="investigation:proficiency" value="proficiency" bonus="double" />
		</rules>
	</element>
	<element name="Skill Expertise (Medicine)" type="Proficiency" source="Player’s Handbook 2024" id="ID_WOTC_PHB24_EXPERTISE_SKILL_MEDICINE">
		<supports>Expertise, Skill, ID_INTERNAL_SUPPORT_EXPERTISE</supports>
		<requirements>ID_WOTC_PHB24_PROFICIENCY_SKILL_MEDICINE</requirements>
		<description>
			<p>Your proficiency bonus is doubled for any Medicine check you make.</p>
			<div class="reference">
				<div element="ID_WOTC_PHB24_PROFICIENCY_SKILL_MEDICINE" />
			</div>
		</description>
		<sheet display="false" />
		<rules>
			<stat name="medicine:proficiency" value="proficiency" bonus="double" />
		</rules>
	</element>
	<element name="Skill Expertise (Nature)" type="Proficiency" source="Player’s Handbook 2024" id="ID_WOTC_PHB24_EXPERTISE_SKILL_NATURE">
		<supports>Expertise, Skill, ID_INTERNAL_SUPPORT_EXPERTISE</supports>
		<requirements>ID_WOTC_PHB24_PROFICIENCY_SKILL_NATURE</requirements>
		<description>
			<p>Your proficiency bonus is doubled for any Nature check you make.</p>
			<div class="reference">
				<div element="ID_WOTC_PHB24_PROFICIENCY_SKILL_NATURE" />
			</div>
		</description>
		<sheet display="false" />
		<rules>
			<stat name="nature:proficiency" value="proficiency" bonus="double" />
		</rules>
	</element>
	<element name="Skill Expertise (Perception)" type="Proficiency" source="Player’s Handbook 2024" id="ID_WOTC_PHB24_EXPERTISE_SKILL_PERCEPTION">
		<supports>Expertise, Skill, ID_INTERNAL_SUPPORT_EXPERTISE</supports>
		<requirements>ID_WOTC_PHB24_PROFICIENCY_SKILL_PERCEPTION</requirements>
		<description>
			<p>Your proficiency bonus is doubled for any Perception check you make.</p>
			<div class="reference">
				<div element="ID_WOTC_PHB24_PROFICIENCY_SKILL_PERCEPTION" />
			</div>
		</description>
		<sheet display="false" />
		<rules>
			<stat name="perception:proficiency" value="proficiency" bonus="double" />
		</rules>
	</element>
	<element name="Skill Expertise (Performance)" type="Proficiency" source="Player’s Handbook 2024" id="ID_WOTC_PHB24_EXPERTISE_SKILL_PERFORMANCE">
		<supports>Expertise, Skill, ID_INTERNAL_SUPPORT_EXPERTISE</supports>
		<requirements>ID_WOTC_PHB24_PROFICIENCY_SKILL_PERFORMANCE</requirements>
		<description>
			<p>Your proficiency bonus is doubled for any Performance check you make.</p>
			<div class="reference">
				<div element="ID_WOTC_PHB24_PROFICIENCY_SKILL_PERFORMANCE" />
			</div>
		</description>
		<sheet display="false" />
		<rules>
			<stat name="performance:proficiency" value="proficiency" bonus="double" />
		</rules>
	</element>
	<element name="Skill Expertise (Persuasion)" type="Proficiency" source="Player’s Handbook 2024" id="ID_WOTC_PHB24_EXPERTISE_SKILL_PERSUASION">
		<supports>Expertise, Skill, ID_INTERNAL_SUPPORT_EXPERTISE</supports>
		<requirements>ID_WOTC_PHB24_PROFICIENCY_SKILL_PERSUASION</requirements>
		<description>
			<p>Your proficiency bonus is doubled for any Persuasion check you make.</p>
			<div class="reference">
				<div element="ID_WOTC_PHB24_PROFICIENCY_SKILL_PERSUASION" />
			</div>
		</description>
		<sheet display="false" />
		<rules>
			<stat name="persuasion:proficiency" value="proficiency" bonus="double" />
		</rules>
	</element>
	<element name="Skill Expertise (Religion)" type="Proficiency" source="Player’s Handbook 2024" id="ID_WOTC_PHB24_EXPERTISE_SKILL_RELIGION">
		<supports>Expertise, Skill, ID_INTERNAL_SUPPORT_EXPERTISE</supports>
		<requirements>ID_WOTC_PHB24_PROFICIENCY_SKILL_RELIGION</requirements>
		<description>
			<p>Your proficiency bonus is doubled for any Religion check you make.</p>
			<div class="reference">
				<div element="ID_WOTC_PHB24_PROFICIENCY_SKILL_RELIGION" />
			</div>
		</description>
		<sheet display="false" />
		<rules>
			<stat name="religion:proficiency" value="proficiency" bonus="double" />
		</rules>
	</element>
	<element name="Skill Expertise (Sleight of Hand)" type="Proficiency" source="Player’s Handbook 2024" id="ID_WOTC_PHB24_EXPERTISE_SKILL_SLEIGHTOFHAND">
		<supports>Expertise, Skill, ID_INTERNAL_SUPPORT_EXPERTISE</supports>
		<requirements>ID_WOTC_PHB24_PROFICIENCY_SKILL_SLEIGHTOFHAND</requirements>
		<description>
			<p>Your proficiency bonus is doubled for any Sleight of Hand check you make.</p>
			<div class="reference">
				<div element="ID_WOTC_PHB24_PROFICIENCY_SKILL_SLEIGHTOFHAND" />
			</div>
		</description>
		<sheet display="false" />
		<rules>
			<stat name="sleight of hand:proficiency" value="proficiency" bonus="double" />
		</rules>
	</element>
	<element name="Skill Expertise (Stealth)" type="Proficiency" source="Player’s Handbook 2024" id="ID_WOTC_PHB24_EXPERTISE_SKILL_STEALTH">
		<supports>Expertise, Skill, ID_INTERNAL_SUPPORT_EXPERTISE</supports>
		<requirements>ID_WOTC_PHB24_PROFICIENCY_SKILL_STEALTH</requirements>
		<description>
			<p>Your proficiency bonus is doubled for any Stealth check you make.</p>
			<div class="reference">
				<div element="ID_WOTC_PHB24_PROFICIENCY_SKILL_STEALTH" />
			</div>
		</description>
		<sheet display="false" />
		<rules>
			<stat name="stealth:proficiency" value="proficiency" bonus="double" />
		</rules>
	</element>
	<element name="Skill Expertise (Survival)" type="Proficiency" source="Player’s Handbook 2024" id="ID_WOTC_PHB24_EXPERTISE_SKILL_SURVIVAL">
		<supports>Expertise, Skill, ID_INTERNAL_SUPPORT_EXPERTISE</supports>
		<requirements>ID_WOTC_PHB24_PROFICIENCY_SKILL_SURVIVAL</requirements>
		<description>
			<p>Your proficiency bonus is doubled for any Survival check you make.</p>
			<div class="reference">
				<div element="ID_WOTC_PHB24_PROFICIENCY_SKILL_SURVIVAL" />
			</div>
		</description>
		<sheet display="false" />
		<rules>
			<stat name="survival:proficiency" value="proficiency" bonus="double" />
		</rules>
	</element>
	<element name="Tool Expertise (Thieves’ Tools)" type="Proficiency" source="Player’s Handbook 2024" id="ID_WOTC_PHB24_EXPERTISE_TOOL_THIEVES_TOOLS">
		<supports>Expertise, Tool, ID_INTERNAL_SUPPORT_EXPERTISE</supports>
		<requirements>ID_WOTC_PHB24_PROFICIENCY_TOOL_PROFICIENCY_THIEVES_TOOLS</requirements>
		<description>
			<p>Your proficiency bonus is doubled for any Thieves’ Tools check you make.</p>
			<div class="reference">
				<div element="ID_WOTC_PHB24_ITEM_TOOL_THIEVES_TOOLS" />
			</div>
		</description>
		<sheet display="false" />
		<rules>
			<stat name="thieves tools:proficiency" value="proficiency" bonus="double" />
		</rules>
	</element>
</elements>
