<?xml version="1.0" encoding="utf-8" ?>
<elements>
	
	<element name="Starting Language" type="Support" source="Internal" id="ID_INTERNAL_SUPPORT_LANGUAGE_STARTING" />
	<element name="Exotic Language" type="Support" source="Internal" id="ID_INTERNAL_SUPPORT_LANGUAGE_EXOTIC" />
	<element name="Secret Language" type="Support" source="Internal" id="ID_INTERNAL_SUPPORT_LANGUAGE_SECRET" /> 
  
	<element name="Abyssal" type="Language" source="Player’s Handbook 2024" id="ID_WOTC_PHB24_LANGUAGE_ABYSSAL">
		<supports>ID_INTERNAL_SUPPORT_LANGUAGE_EXOTIC</supports>
		<description>
			<p>Typically spoken by demons.</p>
		</description>
		<setters>
			<set name="Speakers">Demons</set>
			<set name="Script">Infernal</set>
			<set name="Exotic">true</set>
		</setters>
		<rules />
	</element>
	<element name="Celestial" type="Language" source="Player’s Handbook 2024" id="ID_WOTC_PHB24_LANGUAGE_CELESTIAL">
		<supports>ID_INTERNAL_SUPPORT_LANGUAGE_EXOTIC</supports>
		<description>
			<p>Typically spoken by celestials</p>
		</description>
		<setters>
			<set name="Speakers">Celestials</set>
			<set name="Script">Celestial</set>
			<set name="Exotic">true</set>
		</setters>
		<rules />
	</element>
	<element name="Common" type="Language" source="Player’s Handbook 2024" id="ID_WOTC_PHB24_LANGUAGE_COMMON">
		<supports>Standard,Starting, ID_INTERNAL_SUPPORT_LANGUAGE_STARTING, 2024 Starting</supports>
		<description>
			<p>Typically spoken by humans.</p>
		</description>
		<setters>
			<set name="Speakers">Humans</set>
			<set name="Script">Common</set>
			<set name="Exotic">false</set>
		</setters>
		<rules />
	</element>
	<element name="Common Sign Language" type="Language" source="Player’s Handbook 2024" id="ID_WOTC_PHB24_LANGUAGE_COMMON_SIGN">
		<supports>Standard,Starting, ID_INTERNAL_SUPPORT_LANGUAGE_STARTING, 2024 Starting</supports>
		<description>
			<p>Typically spoken by humans.</p>
		</description>
		<setters>
			<set name="Speakers">Humans</set>
			<set name="Script">Common</set>
			<set name="Exotic">false</set>
		</setters>
		<rules />
	</element>
	<element name="Deep Speech" type="Language" source="Player’s Handbook 2024" id="ID_WOTC_PHB24_LANGUAGE_DEEP_SPEECH">
		<supports>ID_INTERNAL_SUPPORT_LANGUAGE_EXOTIC</supports>
		<description>
			<p>Typically spoken by mind flayers and beholders.</p>
		</description>
		<setters>
			<set name="Speakers">Mind flayers, beholders</set>
			<set name="Script"></set>
			<set name="Exotic">true</set>
		</setters>
		<rules />
	</element>
	<element name="Draconic" type="Language" source="Player’s Handbook 2024" id="ID_WOTC_PHB24_LANGUAGE_DRACONIC">
		<supports>Standard,Starting, ID_INTERNAL_SUPPORT_LANGUAGE_STARTING, 2024 Starting</supports>
		<description>
			<p>Typically spoken by dragons and dragonborn.</p>
		</description>
		<setters>
			<set name="Speakers">Dragons, dragonborn</set>
			<set name="Script">Draconic</set>
			<set name="Exotic">false</set>
		</setters>
		<rules />
		</element>
	<element name="Dwarvish" type="Language" source="Player’s Handbook 2024" id="ID_WOTC_PHB24_LANGUAGE_DWARVISH">
		<supports>Standard,Starting, ID_INTERNAL_SUPPORT_LANGUAGE_STARTING, 2024 Starting</supports>
		<description>
			<p>Typically spoken by dwarves.</p>
		</description>
		<setters>
			<set name="Speakers">Dwarves</set>
			<set name="Script">Dwarvish</set>
			<set name="Exotic">false</set>
		</setters>
		<rules />
	</element>
	<element name="Elvish" type="Language" source="Player’s Handbook 2024" id="ID_WOTC_PHB24_LANGUAGE_ELVISH">
		<supports>Standard,Starting, ID_INTERNAL_SUPPORT_LANGUAGE_STARTING, 2024 Starting</supports>
		<description>
			<p>Typically spoken by elves.</p>
		</description>
		<setters>
			<set name="Speakers">Elves</set>
			<set name="Script">Elvish</set>
			<set name="Exotic">false</set>
		</setters>
		<rules />
	</element>
	<element name="Giant" type="Language" source="Player’s Handbook 2024" id="ID_WOTC_PHB24_LANGUAGE_GIANT">
		<supports>Standard,Starting, ID_INTERNAL_SUPPORT_LANGUAGE_STARTING, 2024 Starting</supports>
		<description>
			<p>Typically spoken by ogres and giants.</p>
		</description>
		<setters>
			<set name="Speakers">Ogres, giants</set>
			<set name="Script">Dwarvish</set>
			<set name="Exotic">false</set>
		</setters>
		<rules />
	</element>
	<element name="Gnomish" type="Language" source="Player’s Handbook 2024" id="ID_WOTC_PHB24_LANGUAGE_GNOMISH">
		<supports>Standard,Starting, ID_INTERNAL_SUPPORT_LANGUAGE_STARTING, 2024 Starting</supports>
		<description>
			<p>Typically spoken by gnomes.</p>
		</description>
		<setters>
			<set name="Speakers">Gnomes</set>
			<set name="Script">Dwarvish</set>
			<set name="Exotic">false</set>
		</setters>
		<rules />
	</element>
	<element name="Goblin" type="Language" source="Player’s Handbook 2024" id="ID_WOTC_PHB24_LANGUAGE_GOBLIN">
		<supports>Standard,Starting, ID_INTERNAL_SUPPORT_LANGUAGE_STARTING, 2024 Starting</supports>
		<description>
			<p>Typically spoken by goblinoids.</p>
		</description>
		<setters>
			<set name="Speakers">Goblinoids</set>
			<set name="Script">Dwarvish</set>
			<set name="Exotic">false</set>
		</setters>
		<rules />
	</element>
	<element name="Halfling" type="Language" source="Player’s Handbook 2024" id="ID_WOTC_PHB24_LANGUAGE_HALFLING">
		<supports>Standard,Starting, ID_INTERNAL_SUPPORT_LANGUAGE_STARTING, 2024 Starting</supports>
		<description>
			<p>Typically spoken by halflings.</p>
		</description>
		<setters>
			<set name="Speakers">Halflings</set>
			<set name="Script">Common</set>
			<set name="Exotic">false</set>
		</setters>
		<rules />
	</element>
	<element name="Infernal" type="Language" source="Player’s Handbook 2024" id="ID_WOTC_PHB24_LANGUAGE_INFERNAL">
		<supports>ID_INTERNAL_SUPPORT_LANGUAGE_EXOTIC</supports>
		<description>
			<p>Typically spoken by devils.</p>
		</description>
		<setters>
			<set name="Speakers">Devils</set>
			<set name="Script">Infernal</set>
			<set name="Exotic">true</set>
		</setters>
		<rules />
	</element>
	<element name="Orc" type="Language" source="Player’s Handbook 2024" id="ID_WOTC_PHB24_LANGUAGE_ORC">
		<supports>Standard,Starting, ID_INTERNAL_SUPPORT_LANGUAGE_STARTING, 2024 Starting</supports>
		<description>
			<p>Typically spoken by orcs.</p>
		</description>
		<setters>
			<set name="Speakers">Orcs</set>
			<set name="Script">Dwarvish</set>
			<set name="Exotic">false</set>
		</setters>
		<rules />
	</element>
	<element name="Primordial" type="Language" source="Player’s Handbook 2024" id="ID_WOTC_PHB24_LANGUAGE_PRIMORDIAL">
		<supports>ID_INTERNAL_SUPPORT_LANGUAGE_EXOTIC</supports>
		<description>
			<p>Typically spoken by elementals.</p>
		</description>
		<setters>
			<set name="Speakers">Elementals</set>
			<set name="Script">Dwarvish</set>
			<set name="Exotic">true</set>
		</setters>
		<rules />
	</element>
	<element name="Sylvan" type="Language" source="Player’s Handbook 2024" id="ID_WOTC_PHB24_LANGUAGE_SYLVAN">
		<supports>ID_INTERNAL_SUPPORT_LANGUAGE_EXOTIC</supports>
		<description>
			<p>Typically spoken by fey creatures.</p>
		</description>
		<setters>
			<set name="Speakers">Fey creatures</set>
			<set name="Script">Elvish</set>
			<set name="Exotic">true</set>
		</setters>
		<rules />
	</element>
	<element name="Undercommon" type="Language" source="Player’s Handbook 2024" id="ID_WOTC_PHB24_LANGUAGE_UNDERCOMMON">
		<supports>ID_INTERNAL_SUPPORT_LANGUAGE_EXOTIC</supports>
		<description>
			<p>Typically spoken by underdark traders.</p>
		</description>
		<setters>
			<set name="Speakers">Underdark traders</set>
			<set name="Script">Elvish</set>
			<set name="Exotic">true</set>
		</setters>
		<rules />
	</element>

	<element name="Druidic" type="Language" source="Player’s Handbook 2024" id="ID_WOTC_PHB24_LANGUAGE_DRUIDIC">
		<supports>Druid, ID_INTERNAL_SUPPORT_LANGUAGE_SECRET, Secret</supports>
		<requirements />
		<description>
			<p>The secret language of druids. You can speak the language and use it to leave hidden messages. You and others who know this language automatically spot such a message. Others spot the message’s presence with a successful DC 15 Wisdom (Perception) check but can’t decipher it without magic.</p>
		</description>
		<setters>
			<set name="Speakers">Druids</set>
			<set name="Script">Elvish</set>
			<set name="Exotic">true</set>
		</setters>
		<rules />
	</element>

	<element name="Thieves’ Cant" type="Language" source="Player’s Handbook 2024" id="ID_WOTC_PHB24_LANGUAGE_THIEVES_CANT">
		<supports>Secret</supports>
		<description>
			<p>A secret mix of dialect, jargon, and code that allows you to hide messages in seemingly normal conversation. Only another creature that knows thieves’ cant understands such messages. It takes four times longer to convey such a message than it does to speak the same idea plainly.</p>
		</description>
		<setters>
			<set name="secret">true</set>
			<set name="speakers">Rogues</set>
		</setters>
	</element>


	<element name="Auran" type="Language" source="Player’s Handbook 2024" id="ID_WOTC_PHB24_LANGUAGE_AURAN">
		<supports>ID_INTERNAL_SUPPORT_LANGUAGE_EXOTIC</supports>
		<requirements />
		<description>
			<p>Typically spoken by elementals.</p>
		</description>
		<setters>
			<set name="Speakers">Air elementals</set>
			<set name="Script"></set>
			<set name="Exotic">true</set>
		</setters>
		<rules />
	</element>
	<element name="Terran" type="Language" source="Player’s Handbook 2024" id="ID_WOTC_PHB24_LANGUAGE_TERRAN">
		<supports>ID_INTERNAL_SUPPORT_LANGUAGE_EXOTIC</supports>
		<requirements />
		<description>
			<p>Typically spoken by elementals.</p>
		</description>
		<setters>
			<set name="Speakers">Earth elementals</set>
			<set name="Script"></set>
			<set name="Exotic">true</set>
		</setters>
		<rules />
	</element>
	<element name="Aquan" type="Language" source="Player’s Handbook 2024" id="ID_WOTC_PHB24_LANGUAGE_AQUAN">
		<supports>ID_INTERNAL_SUPPORT_LANGUAGE_EXOTIC</supports>
		<requirements />
		<description>
			<p>Typically spoken by elementals.</p>
		</description>
		<setters>
			<set name="Speakers">Water elementals</set>
			<set name="Script"></set>
			<set name="Exotic">true</set>
		</setters>
		<rules />
	</element>
	<element name="Ignan" type="Language" source="Player’s Handbook 2024" id="ID_WOTC_PHB24_LANGUAGE_IGNAN">
		<supports>ID_INTERNAL_SUPPORT_LANGUAGE_EXOTIC</supports>
		<requirements />
		<description>
			<p>Typically spoken by elementals.</p>
		</description>
		<setters>
			<set name="Speakers">Fire elementals</set>
			<set name="Script"></set>
		<set name="Exotic">true</set>
		</setters>
		<rules />
	</element>

</elements>
