<?xml version="1.0" encoding="utf-8" ?>
<elements>
	<info>
		<name>Proficiencies</name>
		<description></description>
		<author url="http://dnd.wizards.com/products/tabletop-games/rpg-products/rpg_playershandbook">Wizards of the Coast</author>
		<update version="0.0.2">
			<file name="proficiencies-all.xml" url="https://raw.githubusercontent.com/Netrinil/Aurora/master/core/players-handbook-2024/misc/proficiencies-all.xml" />
		</update>
	</info>
	<!-- Armor -->
	<element name="Armor Proficiency (Light Armor)" type="Proficiency" source="Player’s Handbook 2024" id="ID_WOTC_PHB24_PROFICIENCY_ARMOR_PROFICIENCY_LIGHT_ARMOR">
		<description>
			<p>Made from supple and thin materials, light armor favors agile adventurers since it offers some protection without sacrificing mobility. If you wear light armor, you add your Dexterity modifier to the base number from your armor type to determine your Armor Class.</p>
		</description>
		<rules>
			<grant type="Proficiency" id="ID_WOTC_PHB24_PROFICIENCY_ARMOR_PROFICIENCY_PADDED" />
			<grant type="Proficiency" id="ID_WOTC_PHB24_PROFICIENCY_ARMOR_PROFICIENCY_LEATHER" />
			<grant type="Proficiency" id="ID_WOTC_PHB24_PROFICIENCY_ARMOR_PROFICIENCY_STUDDED_LEATHER" />
		</rules>
	</element>
	<element name="Armor Proficiency (Medium Armor)" type="Proficiency" source="Player’s Handbook 2024" id="ID_WOTC_PHB24_PROFICIENCY_ARMOR_PROFICIENCY_MEDIUM_ARMOR">
		<description>
			<p>Medium armor offers more protection than light armor, but it also impairs movement more. If you wear medium armor, you add your Dexterity modifier, to a maximum of +2, to the base number from your armor type to determine your Armor Class.</p>
		</description>
		<rules>
			<grant type="Proficiency" id="ID_WOTC_PHB24_PROFICIENCY_ARMOR_PROFICIENCY_HIDE" />
			<grant type="Proficiency" id="ID_WOTC_PHB24_PROFICIENCY_ARMOR_PROFICIENCY_CHAIN_SHIRT" />
			<grant type="Proficiency" id="ID_WOTC_PHB24_PROFICIENCY_ARMOR_PROFICIENCY_SCALE_MAIL" />
			<grant type="Proficiency" id="ID_WOTC_PHB24_PROFICIENCY_ARMOR_PROFICIENCY_BREASTPLATE" />
			<grant type="Proficiency" id="ID_WOTC_PHB24_PROFICIENCY_ARMOR_PROFICIENCY_HALF_PLATE" />
		</rules>
	</element>
	<element name="Armor Proficiency (Heavy Armor)" type="Proficiency" source="Player’s Handbook 2024" id="ID_WOTC_PHB24_PROFICIENCY_ARMOR_PROFICIENCY_HEAVY_ARMOR">
		<description>
			<p>Of all the armor categories, heavy armor offers the best protection. These suits of armor cover the entire body and are designed to stop a wide range of attacks. Only proficient warriors can manage their weight and bulk.</p>
			<p class="indent">Heavy armor doesn’t let you add your Dexterity modifier to your Armor Class, but it also doesn’t penalize you if your Dexterity modifier is negative.</p>
		</description>
		<rules>
			<grant type="Proficiency" id="ID_WOTC_PHB24_PROFICIENCY_ARMOR_PROFICIENCY_RING_MAIL" />
			<grant type="Proficiency" id="ID_WOTC_PHB24_PROFICIENCY_ARMOR_PROFICIENCY_CHAIN_MAIL" />
			<grant type="Proficiency" id="ID_WOTC_PHB24_PROFICIENCY_ARMOR_PROFICIENCY_SPLINT" />
			<grant type="Proficiency" id="ID_WOTC_PHB24_PROFICIENCY_ARMOR_PROFICIENCY_PLATE" />
		</rules>
	</element>
	<element name="Armor Proficiency (Shields)" type="Proficiency" source="Player’s Handbook 2024" id="ID_WOTC_PHB24_PROFICIENCY_ARMOR_PROFICIENCY_SHIELDS">
		<description>
			<p>A shield is made from wood or metal and is carried in one hand. Wielding a shield increases your Armor Class by 2. You can benefit from only one shield at a time.</p>
		</description>
		<rules>
			<grant type="Proficiency" id="ID_WOTC_PHB24_PROFICIENCY_ARMOR_PROFICIENCY_SHIELD" />
		</rules>
	</element>

	<!-- light armor -->
	<element name="Armor Proficiency (Padded)" type="Proficiency" source="Player’s Handbook 2024" id="ID_WOTC_PHB24_PROFICIENCY_ARMOR_PROFICIENCY_PADDED">
		<supports>Light Armor, ID_INTERNAL_ARMOR_GROUP_LIGHT</supports>
	</element>
	<element name="Armor Proficiency (Leather)" type="Proficiency" source="Player’s Handbook 2024" id="ID_WOTC_PHB24_PROFICIENCY_ARMOR_PROFICIENCY_LEATHER">
		<supports>Light Armor, ID_INTERNAL_ARMOR_GROUP_LIGHT</supports>
	</element>
	<element name="Armor Proficiency (Studded Leather)" type="Proficiency" source="Player’s Handbook 2024" id="ID_WOTC_PHB24_PROFICIENCY_ARMOR_PROFICIENCY_STUDDED_LEATHER">
		<supports>Light Armor, ID_INTERNAL_ARMOR_GROUP_LIGHT</supports>
	</element>

	<!-- medium armor -->
	<element name="Armor Proficiency (Hide)" type="Proficiency" source="Player’s Handbook 2024" id="ID_WOTC_PHB24_PROFICIENCY_ARMOR_PROFICIENCY_HIDE">
		<supports>Medium Armor, ID_INTERNAL_ARMOR_GROUP_MEDIUM</supports>
	</element>
	<element name="Armor Proficiency (Chain Shirt)" type="Proficiency" source="Player’s Handbook 2024" id="ID_WOTC_PHB24_PROFICIENCY_ARMOR_PROFICIENCY_CHAIN_SHIRT">
		<supports>Medium Armor, ID_INTERNAL_ARMOR_GROUP_MEDIUM</supports>
	</element>
	<element name="Armor Proficiency (Scale Mail)" type="Proficiency" source="Player’s Handbook 2024" id="ID_WOTC_PHB24_PROFICIENCY_ARMOR_PROFICIENCY_SCALE_MAIL">
		<supports>Medium Armor, ID_INTERNAL_ARMOR_GROUP_MEDIUM</supports>
	</element>
	<element name="Armor Proficiency (Breastplate)" type="Proficiency" source="Player’s Handbook 2024" id="ID_WOTC_PHB24_PROFICIENCY_ARMOR_PROFICIENCY_BREASTPLATE">
		<supports>Medium Armor, ID_INTERNAL_ARMOR_GROUP_MEDIUM</supports>
	</element>
	<element name="Armor Proficiency (Half Plate)" type="Proficiency" source="Player’s Handbook 2024" id="ID_WOTC_PHB24_PROFICIENCY_ARMOR_PROFICIENCY_HALF_PLATE">
		<supports>Medium Armor, ID_INTERNAL_ARMOR_GROUP_MEDIUM</supports>
	</element>

	<!-- heavy armor -->
	<element name="Armor Proficiency (Ring Mail)" type="Proficiency" source="Player’s Handbook 2024" id="ID_WOTC_PHB24_PROFICIENCY_ARMOR_PROFICIENCY_RING_MAIL">
		<supports>Heavy Armor, ID_INTERNAL_ARMOR_GROUP_HEAVY</supports>
	</element>
	<element name="Armor Proficiency (Chain Mail)" type="Proficiency" source="Player’s Handbook 2024" id="ID_WOTC_PHB24_PROFICIENCY_ARMOR_PROFICIENCY_CHAIN_MAIL">
		<supports>Heavy Armor, ID_INTERNAL_ARMOR_GROUP_HEAVY</supports>
	</element>
	<element name="Armor Proficiency (Splint)" type="Proficiency" source="Player’s Handbook 2024" id="ID_WOTC_PHB24_PROFICIENCY_ARMOR_PROFICIENCY_SPLINT">
		<supports>Heavy Armor, ID_INTERNAL_ARMOR_GROUP_HEAVY</supports>
	</element>
	<element name="Armor Proficiency (Plate)" type="Proficiency" source="Player’s Handbook 2024" id="ID_WOTC_PHB24_PROFICIENCY_ARMOR_PROFICIENCY_PLATE">
		<supports>Heavy Armor, ID_INTERNAL_ARMOR_GROUP_HEAVY</supports>
	</element>

	<!-- shield  -->
	<element name="Armor Proficiency (Shield)" type="Proficiency" source="Player’s Handbook 2024" id="ID_WOTC_PHB24_PROFICIENCY_ARMOR_PROFICIENCY_SHIELD">
		<supports>Shield, ID_INTERNAL_ARMOR_GROUP_SHIELD</supports>
	</element>
	
	<!-- Weapons -->
	<!-- simple -->
	<element name="Weapon Proficiency (Simple Weapons)" type="Proficiency" source="Player’s Handbook 2024" id="ID_WOTC_PHB24_PROFICIENCY_WEAPON_PROFICIENCY_SIMPLE_WEAPONS">
		<rules>
			<grant type="Proficiency" id="ID_WOTC_PHB24_PROFICIENCY_WEAPON_PROFICIENCY_SIMPLE_MELEE_WEAPONS" />
			<grant type="Proficiency" id="ID_WOTC_PHB24_PROFICIENCY_WEAPON_PROFICIENCY_SIMPLE_RANGED_WEAPONS" />
		</rules>
	</element>
	<element name="Weapon Proficiency (Simple Melee Weapons)" type="Proficiency" source="Player’s Handbook 2024" id="ID_WOTC_PHB24_PROFICIENCY_WEAPON_PROFICIENCY_SIMPLE_MELEE_WEAPONS">
		<rules>
			<grant type="Proficiency" id="ID_WOTC_PHB24_PROFICIENCY_WEAPON_PROFICIENCY_CLUB" />
			<grant type="Proficiency" id="ID_WOTC_PHB24_PROFICIENCY_WEAPON_PROFICIENCY_DAGGER" />
			<grant type="Proficiency" id="ID_WOTC_PHB24_PROFICIENCY_WEAPON_PROFICIENCY_GREATCLUB" />
			<grant type="Proficiency" id="ID_WOTC_PHB24_PROFICIENCY_WEAPON_PROFICIENCY_HANDAXE" />
			<grant type="Proficiency" id="ID_WOTC_PHB24_PROFICIENCY_WEAPON_PROFICIENCY_JAVELIN" />
			<grant type="Proficiency" id="ID_WOTC_PHB24_PROFICIENCY_WEAPON_PROFICIENCY_LIGHT_HAMMER" />
			<grant type="Proficiency" id="ID_WOTC_PHB24_PROFICIENCY_WEAPON_PROFICIENCY_MACE" />
			<grant type="Proficiency" id="ID_WOTC_PHB24_PROFICIENCY_WEAPON_PROFICIENCY_QUARTERSTAFF" />
			<grant type="Proficiency" id="ID_WOTC_PHB24_PROFICIENCY_WEAPON_PROFICIENCY_SICKLE" />
			<grant type="Proficiency" id="ID_WOTC_PHB24_PROFICIENCY_WEAPON_PROFICIENCY_SPEAR" />
			<grant type="Proficiency" id="ID_WOTC_PHB24_PROFICIENCY_WEAPON_PROFICIENCY_UNARMED_STRIKE" />
		</rules>
	</element>
	<element name="Weapon Proficiency (Simple Ranged Weapons)" type="Proficiency" source="Player’s Handbook 2024" id="ID_WOTC_PHB24_PROFICIENCY_WEAPON_PROFICIENCY_SIMPLE_RANGED_WEAPONS">
		<rules>
			<grant type="Proficiency" id="ID_WOTC_PHB24_PROFICIENCY_WEAPON_PROFICIENCY_CROSSBOW_LIGHT" />
			<grant type="Proficiency" id="ID_WOTC_PHB24_PROFICIENCY_WEAPON_PROFICIENCY_DART" />
			<grant type="Proficiency" id="ID_WOTC_PHB24_PROFICIENCY_WEAPON_PROFICIENCY_SHORTBOW" />
			<grant type="Proficiency" id="ID_WOTC_PHB24_PROFICIENCY_WEAPON_PROFICIENCY_SLING" />
		</rules>
	</element>

	<!-- martial -->
	<element name="Weapon Proficiency (Martial Weapons)" type="Proficiency" source="Player’s Handbook 2024" id="ID_WOTC_PHB24_PROFICIENCY_WEAPON_PROFICIENCY_MARTIAL_WEAPONS">
		<rules>
			<grant type="Proficiency" id="ID_WOTC_PHB24_PROFICIENCY_WEAPON_PROFICIENCY_MARTIAL_MELEE_WEAPONS" />
			<grant type="Proficiency" id="ID_WOTC_PHB24_PROFICIENCY_WEAPON_PROFICIENCY_MARTIAL_RANGED_WEAPONS" />
		</rules>
	</element>
	<element name="Weapon Proficiency (Martial Melee Weapons)" type="Proficiency" source="Player’s Handbook 2024" id="ID_WOTC_PHB24_PROFICIENCY_WEAPON_PROFICIENCY_MARTIAL_MELEE_WEAPONS">
		<rules>
			<grant type="Proficiency" id="ID_WOTC_PHB24_PROFICIENCY_WEAPON_PROFICIENCY_BATTLEAXE" />
			<grant type="Proficiency" id="ID_WOTC_PHB24_PROFICIENCY_WEAPON_PROFICIENCY_FLAIL" />
			<grant type="Proficiency" id="ID_WOTC_PHB24_PROFICIENCY_WEAPON_PROFICIENCY_GLAIVE" />
			<grant type="Proficiency" id="ID_WOTC_PHB24_PROFICIENCY_WEAPON_PROFICIENCY_GREATAXE" />
			<grant type="Proficiency" id="ID_WOTC_PHB24_PROFICIENCY_WEAPON_PROFICIENCY_GREATSWORD" />
			<grant type="Proficiency" id="ID_WOTC_PHB24_PROFICIENCY_WEAPON_PROFICIENCY_HALBERD" />
			<grant type="Proficiency" id="ID_WOTC_PHB24_PROFICIENCY_WEAPON_PROFICIENCY_LANCE" />
			<grant type="Proficiency" id="ID_WOTC_PHB24_PROFICIENCY_WEAPON_PROFICIENCY_LONGSWORD" />
			<grant type="Proficiency" id="ID_WOTC_PHB24_PROFICIENCY_WEAPON_PROFICIENCY_MAUL" />
			<grant type="Proficiency" id="ID_WOTC_PHB24_PROFICIENCY_WEAPON_PROFICIENCY_MORNINGSTAR" />
			<grant type="Proficiency" id="ID_WOTC_PHB24_PROFICIENCY_WEAPON_PROFICIENCY_PIKE" />
			<grant type="Proficiency" id="ID_WOTC_PHB24_PROFICIENCY_WEAPON_PROFICIENCY_RAPIER" />
			<grant type="Proficiency" id="ID_WOTC_PHB24_PROFICIENCY_WEAPON_PROFICIENCY_SCIMITAR" />
			<grant type="Proficiency" id="ID_WOTC_PHB24_PROFICIENCY_WEAPON_PROFICIENCY_SHORTSWORD" />
			<grant type="Proficiency" id="ID_WOTC_PHB24_PROFICIENCY_WEAPON_PROFICIENCY_TRIDENT" />
			<grant type="Proficiency" id="ID_WOTC_PHB24_PROFICIENCY_WEAPON_PROFICIENCY_WAR_PICK" />
			<grant type="Proficiency" id="ID_WOTC_PHB24_PROFICIENCY_WEAPON_PROFICIENCY_WARHAMMER" />
			<grant type="Proficiency" id="ID_WOTC_PHB24_PROFICIENCY_WEAPON_PROFICIENCY_WHIP" />
		</rules>
	</element>
	<element name="Weapon Proficiency (Martial Ranged Weapons)" type="Proficiency" source="Player’s Handbook 2024" id="ID_WOTC_PHB24_PROFICIENCY_WEAPON_PROFICIENCY_MARTIAL_RANGED_WEAPONS">
		<rules>
			<grant type="Proficiency" id="ID_WOTC_PHB24_PROFICIENCY_WEAPON_PROFICIENCY_BLOWGUN" />
			<grant type="Proficiency" id="ID_WOTC_PHB24_PROFICIENCY_WEAPON_PROFICIENCY_CROSSBOW_HAND" />
			<grant type="Proficiency" id="ID_WOTC_PHB24_PROFICIENCY_WEAPON_PROFICIENCY_CROSSBOW_HEAVY" />
			<grant type="Proficiency" id="ID_WOTC_PHB24_PROFICIENCY_WEAPON_PROFICIENCY_LONGBOW" />
			<grant type="Proficiency" id="ID_WOTC_PHB24_PROFICIENCY_WEAPON_PROFICIENCY_PISTOL" />
			<grant type="Proficiency" id="ID_WOTC_PHB24_PROFICIENCY_WEAPON_PROFICIENCY_MUSKET" />
		</rules>
	</element>

	<!-- simple -->
	<element name="Weapon Proficiency (Club)" type="Proficiency" source="Player’s Handbook 2024" id="ID_WOTC_PHB24_PROFICIENCY_WEAPON_PROFICIENCY_CLUB">
		<supports>Weapon, Simple, Melee, ID_INTERNAL_WEAPON_CATEGORY_SIMPLE_MELEE, ID_INTERNAL_DAMAGE_TYPE_BLUDGEONING, ID_WOTC_PHB24_WEAPON_PROPERTY_LIGHT, ID_INTERNAL_WEAPON_GROUP_CLUBS</supports>
	</element>
	<element name="Weapon Proficiency (Dagger)" type="Proficiency" source="Player’s Handbook 2024" id="ID_WOTC_PHB24_PROFICIENCY_WEAPON_PROFICIENCY_DAGGER">
		<supports>Weapon, Simple, Melee, ID_INTERNAL_WEAPON_CATEGORY_SIMPLE_MELEE, ID_INTERNAL_DAMAGE_TYPE_PIERCING, ID_WOTC_PHB24_WEAPON_PROPERTY_FINESSE, ID_WOTC_PHB24_WEAPON_PROPERTY_LIGHT, ID_WOTC_PHB24_WEAPON_PROPERTY_THROWN</supports>
	</element>
	<element name="Weapon Proficiency (Greatclub)" type="Proficiency" source="Player’s Handbook 2024" id="ID_WOTC_PHB24_PROFICIENCY_WEAPON_PROFICIENCY_GREATCLUB">
		<supports>Weapon, Simple, Melee, ID_INTERNAL_WEAPON_CATEGORY_SIMPLE_MELEE, ID_INTERNAL_DAMAGE_TYPE_BLUDGEONING, ID_WOTC_PHB24_WEAPON_PROPERTY_TWOHANDED, ID_INTERNAL_WEAPON_GROUP_CLUBS</supports>
	</element>
	<element name="Weapon Proficiency (Handaxe)" type="Proficiency" source="Player’s Handbook 2024" id="ID_WOTC_PHB24_PROFICIENCY_WEAPON_PROFICIENCY_HANDAXE">
		<supports>Weapon, Simple, Melee, ID_INTERNAL_WEAPON_CATEGORY_SIMPLE_MELEE, ID_INTERNAL_DAMAGE_TYPE_SLASHING, ID_WOTC_PHB24_WEAPON_PROPERTY_LIGHT, ID_WOTC_PHB24_WEAPON_PROPERTY_THROWN, ID_INTERNAL_WEAPON_GROUP_AXES</supports>
	</element>
	<element name="Weapon Proficiency (Javelin)" type="Proficiency" source="Player’s Handbook 2024" id="ID_WOTC_PHB24_PROFICIENCY_WEAPON_PROFICIENCY_JAVELIN">
		<supports>Weapon, Simple, Melee, ID_INTERNAL_WEAPON_CATEGORY_SIMPLE_MELEE, ID_INTERNAL_DAMAGE_TYPE_PIERCING, ID_WOTC_PHB24_WEAPON_PROPERTY_THROWN</supports>
	</element>
	<element name="Weapon Proficiency (Light Hammer)" type="Proficiency" source="Player’s Handbook 2024" id="ID_WOTC_PHB24_PROFICIENCY_WEAPON_PROFICIENCY_LIGHT_HAMMER">
		<supports>Weapon, Simple, Melee, ID_INTERNAL_WEAPON_CATEGORY_SIMPLE_MELEE, ID_INTERNAL_DAMAGE_TYPE_BLUDGEONING, ID_WOTC_PHB24_WEAPON_PROPERTY_LIGHT, ID_WOTC_PHB24_WEAPON_PROPERTY_THROWN, ID_INTERNAL_WEAPON_GROUP_HAMMERS</supports>
	</element>
	<element name="Weapon Proficiency (Mace)" type="Proficiency" source="Player’s Handbook 2024" id="ID_WOTC_PHB24_PROFICIENCY_WEAPON_PROFICIENCY_MACE">
		<supports>Weapon, Simple, Melee, ID_INTERNAL_WEAPON_CATEGORY_SIMPLE_MELEE, ID_INTERNAL_DAMAGE_TYPE_BLUDGEONING, ID_INTERNAL_WEAPON_GROUP_MACES</supports>
	</element>
	<element name="Weapon Proficiency (Quarterstaff)" type="Proficiency" source="Player’s Handbook 2024" id="ID_WOTC_PHB24_PROFICIENCY_WEAPON_PROFICIENCY_QUARTERSTAFF">
		<supports>Weapon, Simple, Melee, ID_INTERNAL_WEAPON_CATEGORY_SIMPLE_MELEE, ID_INTERNAL_DAMAGE_TYPE_BLUDGEONING, ID_WOTC_PHB24_WEAPON_PROPERTY_VERSATILE</supports>
	</element>
	<element name="Weapon Proficiency (Sickle)" type="Proficiency" source="Player’s Handbook 2024" id="ID_WOTC_PHB24_PROFICIENCY_WEAPON_PROFICIENCY_SICKLE">
		<supports>Weapon, Simple, Melee, ID_INTERNAL_WEAPON_CATEGORY_SIMPLE_MELEE, ID_INTERNAL_DAMAGE_TYPE_SLASHING, ID_WOTC_PHB24_WEAPON_PROPERTY_LIGHT</supports>
	</element>
	<element name="Weapon Proficiency (Spear)" type="Proficiency" source="Player’s Handbook 2024" id="ID_WOTC_PHB24_PROFICIENCY_WEAPON_PROFICIENCY_SPEAR">
		<supports>Weapon, Simple, Melee, ID_INTERNAL_WEAPON_CATEGORY_SIMPLE_MELEE, ID_INTERNAL_DAMAGE_TYPE_PIERCING, ID_WOTC_PHB24_WEAPON_PROPERTY_THROWN, ID_WOTC_PHB24_WEAPON_PROPERTY_VERSATILE, ID_INTERNAL_WEAPON_GROUP_SPEARS</supports>
	</element>

	<element name="Weapon Proficiency (Unarmed Strike)" type="Proficiency" source="Player’s Handbook 2024" id="ID_WOTC_PHB24_PROFICIENCY_WEAPON_PROFICIENCY_UNARMED_STRIKE">
		<supports>Weapon, Simple, Melee</supports>
	</element>

	<!-- simple ranged -->
	<element name="Weapon Proficiency (Crossbow, Light)" type="Proficiency" source="Player’s Handbook 2024" id="ID_WOTC_PHB24_PROFICIENCY_WEAPON_PROFICIENCY_CROSSBOW_LIGHT">
		<supports>Weapon, Simple, Ranged, ID_INTERNAL_WEAPON_CATEGORY_SIMPLE_RANGED, ID_INTERNAL_DAMAGE_TYPE_PIERCING, ID_WOTC_PHB24_WEAPON_PROPERTY_AMMUNITION, ID_WOTC_PHB24_WEAPON_PROPERTY_LOADING, ID_WOTC_PHB24_WEAPON_PROPERTY_TWOHANDED, ID_INTERNAL_WEAPON_GROUP_CROSSBOWS</supports>
	</element>
	<element name="Weapon Proficiency (Dart)" type="Proficiency" source="Player’s Handbook 2024" id="ID_WOTC_PHB24_PROFICIENCY_WEAPON_PROFICIENCY_DART">
		<supports>Weapon, Simple, Ranged, ID_INTERNAL_WEAPON_CATEGORY_SIMPLE_RANGED, ID_INTERNAL_DAMAGE_TYPE_PIERCING, ID_WOTC_PHB24_WEAPON_PROPERTY_FINESSE, ID_WOTC_PHB24_WEAPON_PROPERTY_THROWN</supports>
	</element>
	<element name="Weapon Proficiency (Shortbow)" type="Proficiency" source="Player’s Handbook 2024" id="ID_WOTC_PHB24_PROFICIENCY_WEAPON_PROFICIENCY_SHORTBOW">
		<supports>Weapon, Simple, Ranged, ID_INTERNAL_WEAPON_CATEGORY_SIMPLE_RANGED, ID_INTERNAL_DAMAGE_TYPE_PIERCING, ID_WOTC_PHB24_WEAPON_PROPERTY_AMMUNITION, ID_WOTC_PHB24_WEAPON_PROPERTY_TWOHANDED, ID_INTERNAL_WEAPON_GROUP_BOWS</supports>
	</element>
	<element name="Weapon Proficiency (Sling)" type="Proficiency" source="Player’s Handbook 2024" id="ID_WOTC_PHB24_PROFICIENCY_WEAPON_PROFICIENCY_SLING">
		<supports>Weapon, Simple, Ranged, ID_INTERNAL_WEAPON_CATEGORY_SIMPLE_RANGED, ID_INTERNAL_DAMAGE_TYPE_BLUDGEONING, ID_WOTC_PHB24_WEAPON_PROPERTY_AMMUNITION</supports>
	</element>

	<!-- martial -->
	<element name="Weapon Proficiency (Battleaxe)" type="Proficiency" source="Player’s Handbook 2024" id="ID_WOTC_PHB24_PROFICIENCY_WEAPON_PROFICIENCY_BATTLEAXE">
		<supports>Weapon, Martial, Melee, ID_INTERNAL_WEAPON_CATEGORY_MARTIAL_MELEE, ID_INTERNAL_DAMAGE_TYPE_SLASHING, ID_WOTC_PHB24_WEAPON_PROPERTY_VERSATILE, ID_INTERNAL_WEAPON_GROUP_AXES</supports>
	</element>
	<element name="Weapon Proficiency (Flail)" type="Proficiency" source="Player’s Handbook 2024" id="ID_WOTC_PHB24_PROFICIENCY_WEAPON_PROFICIENCY_FLAIL">
		<supports>Weapon, Martial, Melee, ID_INTERNAL_WEAPON_CATEGORY_MARTIAL_MELEE, ID_INTERNAL_DAMAGE_TYPE_BLUDGEONING</supports>
	</element>
	<element name="Weapon Proficiency (Glaive)" type="Proficiency" source="Player’s Handbook 2024" id="ID_WOTC_PHB24_PROFICIENCY_WEAPON_PROFICIENCY_GLAIVE">
		<supports>Weapon, Martial, Melee, ID_INTERNAL_WEAPON_CATEGORY_MARTIAL_MELEE, ID_INTERNAL_DAMAGE_TYPE_SLASHING, ID_WOTC_PHB24_WEAPON_PROPERTY_HEAVY, ID_WOTC_PHB24_WEAPON_PROPERTY_REACH, ID_WOTC_PHB24_WEAPON_PROPERTY_TWOHANDED</supports>
	</element>
	<element name="Weapon Proficiency (Greataxe)" type="Proficiency" source="Player’s Handbook 2024" id="ID_WOTC_PHB24_PROFICIENCY_WEAPON_PROFICIENCY_GREATAXE">
		<supports>Weapon, Martial, Melee, ID_INTERNAL_WEAPON_CATEGORY_MARTIAL_MELEE, ID_INTERNAL_DAMAGE_TYPE_SLASHING, ID_WOTC_PHB24_WEAPON_PROPERTY_HEAVY, ID_WOTC_PHB24_WEAPON_PROPERTY_TWOHANDED, ID_INTERNAL_WEAPON_GROUP_AXES</supports>
	</element>
	<element name="Weapon Proficiency (Greatsword)" type="Proficiency" source="Player’s Handbook 2024" id="ID_WOTC_PHB24_PROFICIENCY_WEAPON_PROFICIENCY_GREATSWORD">
		<supports>Weapon, Martial, Melee, ID_INTERNAL_WEAPON_CATEGORY_MARTIAL_MELEE, ID_INTERNAL_DAMAGE_TYPE_SLASHING, ID_WOTC_PHB24_WEAPON_PROPERTY_HEAVY, ID_WOTC_PHB24_WEAPON_PROPERTY_TWOHANDED, ID_INTERNAL_WEAPON_GROUP_SWORDS</supports>
	</element>
	<element name="Weapon Proficiency (Halberd)" type="Proficiency" source="Player’s Handbook 2024" id="ID_WOTC_PHB24_PROFICIENCY_WEAPON_PROFICIENCY_HALBERD">
		<supports>Weapon, Martial, Melee, ID_INTERNAL_WEAPON_CATEGORY_MARTIAL_MELEE, ID_INTERNAL_DAMAGE_TYPE_SLASHING, ID_WOTC_PHB24_WEAPON_PROPERTY_HEAVY, ID_WOTC_PHB24_WEAPON_PROPERTY_REACH, ID_WOTC_PHB24_WEAPON_PROPERTY_TWOHANDED</supports>
	</element>
	<element name="Weapon Proficiency (Lance)" type="Proficiency" source="Player’s Handbook 2024" id="ID_WOTC_PHB24_PROFICIENCY_WEAPON_PROFICIENCY_LANCE">
		<supports>Weapon, Martial, Melee, ID_INTERNAL_WEAPON_CATEGORY_MARTIAL_MELEE, ID_INTERNAL_DAMAGE_TYPE_PIERCING, ID_WOTC_PHB24_WEAPON_PROPERTY_REACH, ID_WOTC_PHB24_WEAPON_PROPERTY_HEAVY, ID_WOTC_PHB24_WEAPON_PROPERTY_TWOHANDED</supports>
	</element>
	<element name="Weapon Proficiency (Longsword)" type="Proficiency" source="Player’s Handbook 2024" id="ID_WOTC_PHB24_PROFICIENCY_WEAPON_PROFICIENCY_LONGSWORD">
		<supports>Weapon, Martial, Melee, ID_INTERNAL_WEAPON_CATEGORY_MARTIAL_MELEE, ID_INTERNAL_DAMAGE_TYPE_SLASHING, ID_WOTC_PHB24_WEAPON_PROPERTY_VERSATILE, ID_INTERNAL_WEAPON_GROUP_SWORDS</supports>
	</element>
	<element name="Weapon Proficiency (Maul)" type="Proficiency" source="Player’s Handbook 2024" id="ID_WOTC_PHB24_PROFICIENCY_WEAPON_PROFICIENCY_MAUL">
		<supports>Weapon, Martial, Melee, ID_INTERNAL_WEAPON_CATEGORY_MARTIAL_MELEE, ID_INTERNAL_DAMAGE_TYPE_BLUDGEONING, ID_WOTC_PHB24_WEAPON_PROPERTY_HEAVY, ID_WOTC_PHB24_WEAPON_PROPERTY_TWOHANDED, ID_INTERNAL_WEAPON_GROUP_MAULS</supports>
	</element>
	<element name="Weapon Proficiency (Morningstar)" type="Proficiency" source="Player’s Handbook 2024" id="ID_WOTC_PHB24_PROFICIENCY_WEAPON_PROFICIENCY_MORNINGSTAR">
		<supports>Weapon, Martial, Melee, ID_INTERNAL_WEAPON_CATEGORY_MARTIAL_MELEE, ID_INTERNAL_DAMAGE_TYPE_PIERCING</supports>
	</element>
	<element name="Weapon Proficiency (Pike)" type="Proficiency" source="Player’s Handbook 2024" id="ID_WOTC_PHB24_PROFICIENCY_WEAPON_PROFICIENCY_PIKE">
		<supports>Weapon, Martial, Melee, ID_INTERNAL_WEAPON_CATEGORY_MARTIAL_MELEE, ID_INTERNAL_DAMAGE_TYPE_PIERCING, ID_WOTC_PHB24_WEAPON_PROPERTY_HEAVY, ID_WOTC_PHB24_WEAPON_PROPERTY_REACH, ID_WOTC_PHB24_WEAPON_PROPERTY_TWOHANDED</supports>
	</element>
	<element name="Weapon Proficiency (Rapier)" type="Proficiency" source="Player’s Handbook 2024" id="ID_WOTC_PHB24_PROFICIENCY_WEAPON_PROFICIENCY_RAPIER">
		<supports>Weapon, Martial, Melee, ID_INTERNAL_WEAPON_CATEGORY_MARTIAL_MELEE, ID_INTERNAL_DAMAGE_TYPE_PIERCING, ID_WOTC_PHB24_WEAPON_PROPERTY_FINESSE</supports>
	</element>
	<element name="Weapon Proficiency (Scimitar)" type="Proficiency" source="Player’s Handbook 2024" id="ID_WOTC_PHB24_PROFICIENCY_WEAPON_PROFICIENCY_SCIMITAR">
		<supports>Weapon, Martial, Melee, ID_INTERNAL_WEAPON_CATEGORY_MARTIAL_MELEE, ID_INTERNAL_DAMAGE_TYPE_SLASHING, ID_WOTC_PHB24_WEAPON_PROPERTY_FINESSE, ID_WOTC_PHB24_WEAPON_PROPERTY_LIGHT</supports>
	</element>
	<element name="Weapon Proficiency (Shortsword)" type="Proficiency" source="Player’s Handbook 2024" id="ID_WOTC_PHB24_PROFICIENCY_WEAPON_PROFICIENCY_SHORTSWORD">
		<supports>Weapon, Martial, Melee, ID_INTERNAL_WEAPON_CATEGORY_MARTIAL_MELEE, ID_INTERNAL_DAMAGE_TYPE_PIERCING, ID_WOTC_PHB24_WEAPON_PROPERTY_FINESSE, ID_WOTC_PHB24_WEAPON_PROPERTY_LIGHT, ID_INTERNAL_WEAPON_GROUP_SWORDS</supports>
	</element>
	<element name="Weapon Proficiency (Trident)" type="Proficiency" source="Player’s Handbook 2024" id="ID_WOTC_PHB24_PROFICIENCY_WEAPON_PROFICIENCY_TRIDENT">
		<supports>Weapon, Martial, Melee, ID_INTERNAL_WEAPON_CATEGORY_MARTIAL_MELEE, ID_INTERNAL_DAMAGE_TYPE_PIERCING, ID_WOTC_PHB24_WEAPON_PROPERTY_THROWN, ID_WOTC_PHB24_WEAPON_PROPERTY_VERSATILE</supports>
	</element>
	<element name="Weapon Proficiency (War Pick)" type="Proficiency" source="Player’s Handbook 2024" id="ID_WOTC_PHB24_PROFICIENCY_WEAPON_PROFICIENCY_WAR_PICK">
		<supports>Weapon, Martial, Melee, ID_INTERNAL_WEAPON_CATEGORY_MARTIAL_MELEE, ID_INTERNAL_DAMAGE_TYPE_PIERCING, ID_WOTC_PHB24_WEAPON_PROPERTY_VERSATILE</supports>
	</element>
	<element name="Weapon Proficiency (Warhammer)" type="Proficiency" source="Player’s Handbook 2024" id="ID_WOTC_PHB24_PROFICIENCY_WEAPON_PROFICIENCY_WARHAMMER">
		<supports>Weapon, Martial, Melee, ID_INTERNAL_WEAPON_CATEGORY_MARTIAL_MELEE, ID_INTERNAL_DAMAGE_TYPE_BLUDGEONING, ID_WOTC_PHB24_WEAPON_PROPERTY_VERSATILE, ID_INTERNAL_WEAPON_GROUP_HAMMERS</supports>
	</element>
	<element name="Weapon Proficiency (Whip)" type="Proficiency" source="Player’s Handbook 2024" id="ID_WOTC_PHB24_PROFICIENCY_WEAPON_PROFICIENCY_WHIP">
		<supports>Weapon, Martial, Melee, ID_INTERNAL_WEAPON_CATEGORY_MARTIAL_MELEE, ID_INTERNAL_DAMAGE_TYPE_SLASHING, ID_WOTC_PHB24_WEAPON_PROPERTY_FINESSE, ID_WOTC_PHB24_WEAPON_PROPERTY_REACH</supports>
	</element>

	<!-- martial ranged -->
	<element name="Weapon Proficiency (Blowgun)" type="Proficiency" source="Player’s Handbook 2024" id="ID_WOTC_PHB24_PROFICIENCY_WEAPON_PROFICIENCY_BLOWGUN">
		<supports>Weapon, Martial, Ranged, ID_INTERNAL_WEAPON_CATEGORY_MARTIAL_RANGED, ID_INTERNAL_DAMAGE_TYPE_PIERCING, ID_WOTC_PHB24_WEAPON_PROPERTY_AMMUNITION, ID_WOTC_PHB24_WEAPON_PROPERTY_LOADING</supports>
	</element>
	<element name="Weapon Proficiency (Crossbow, Hand)" type="Proficiency" source="Player’s Handbook 2024" id="ID_WOTC_PHB24_PROFICIENCY_WEAPON_PROFICIENCY_CROSSBOW_HAND">
		<supports>Weapon, Martial, Ranged, ID_INTERNAL_WEAPON_CATEGORY_MARTIAL_RANGED,ID_INTERNAL_DAMAGE_TYPE_PIERCING,ID_WOTC_PHB24_WEAPON_PROPERTY_AMMUNITION,ID_WOTC_PHB24_WEAPON_PROPERTY_LIGHT,ID_WOTC_PHB24_WEAPON_PROPERTY_LOADING, ID_INTERNAL_WEAPON_GROUP_CROSSBOWS</supports>
		<sheet name="Crossbow (hand)" />
	</element>
	<element name="Weapon Proficiency (Crossbow, Heavy)" type="Proficiency" source="Player’s Handbook 2024" id="ID_WOTC_PHB24_PROFICIENCY_WEAPON_PROFICIENCY_CROSSBOW_HEAVY">
		<supports>Weapon, Martial, Ranged, ID_INTERNAL_WEAPON_CATEGORY_MARTIAL_RANGED, ID_INTERNAL_DAMAGE_TYPE_PIERCING, ID_WOTC_PHB24_WEAPON_PROPERTY_AMMUNITION, ID_WOTC_PHB24_WEAPON_PROPERTY_HEAVY, ID_WOTC_PHB24_WEAPON_PROPERTY_LOADING, ID_WOTC_PHB24_WEAPON_PROPERTY_TWOHANDED, ID_INTERNAL_WEAPON_GROUP_CROSSBOWS</supports>
	</element>
	<element name="Weapon Proficiency (Longbow)" type="Proficiency" source="Player’s Handbook 2024" id="ID_WOTC_PHB24_PROFICIENCY_WEAPON_PROFICIENCY_LONGBOW">
		<supports>Weapon, Martial, Ranged, ID_INTERNAL_WEAPON_CATEGORY_MARTIAL_RANGED, ID_INTERNAL_DAMAGE_TYPE_PIERCING, ID_WOTC_PHB24_WEAPON_PROPERTY_AMMUNITION, ID_WOTC_PHB24_WEAPON_PROPERTY_HEAVY, ID_WOTC_PHB24_WEAPON_PROPERTY_TWOHANDED, ID_INTERNAL_WEAPON_GROUP_BOWS</supports>
	</element>
	<element name="Weapon Proficiency (Pistol)" type="Proficiency" source="Dungeon Master’s Guide" id="ID_WOTC_PHB24_PROFICIENCY_WEAPON_PROFICIENCY_PISTOL">
		<supports>Weapon, Martial, Ranged, ID_INTERNAL_WEAPON_CATEGORY_MARTIAL_RANGED, ID_INTERNAL_DAMAGE_TYPE_PIERCING, ID_WOTC_PHB24_WEAPON_PROPERTY_AMMUNITION, ID_WOTC_PHB24_WEAPON_PROPERTY_LOADING</supports>
		<sheet alt="Pistol" />
	</element>
	<element name="Weapon Proficiency (Musket)" type="Proficiency" source="Dungeon Master’s Guide" id="ID_WOTC_PHB24_PROFICIENCY_WEAPON_PROFICIENCY_MUSKET">
		<supports>Weapon, Martial, Ranged, ID_INTERNAL_WEAPON_CATEGORY_MARTIAL_RANGED, ID_INTERNAL_DAMAGE_TYPE_PIERCING, ID_WOTC_PHB24_WEAPON_PROPERTY_AMMUNITION, ID_WOTC_PHB24_WEAPON_PROPERTY_LOADING, ID_WOTC_PHB24_WEAPON_PROPERTY_TWOHANDED</supports>
		<sheet alt="Musket" />
	</element>

	<!-- groups -->
	<element name="Weapon Proficiency (Swords)" type="Proficiency" source="Player’s Handbook 2024" id="ID_WOTC_PHB24_PROFICIENCY_GROUP_SWORDS">
		<supports>ID_WOTC_PHB24_PROFICIENCY_WEAPON, ID_WOTC_PHB24_PROFICIENCY_GROUP</supports>
		<rules>
			<grant type="Proficiency" id="ID_WOTC_PHB24_PROFICIENCY_WEAPON_PROFICIENCY_GREATSWORD" />
			<grant type="Proficiency" id="ID_WOTC_PHB24_PROFICIENCY_WEAPON_PROFICIENCY_LONGSWORD" />
			<grant type="Proficiency" id="ID_WOTC_PHB24_PROFICIENCY_WEAPON_PROFICIENCY_SHORTSWORD" />
		</rules>
	</element>
	<element name="Weapon Proficiency (Axes)" type="Proficiency" source="Player’s Handbook 2024" id="ID_WOTC_PHB24_PROFICIENCY_GROUP_AXES">
		<supports>ID_WOTC_PHB24_PROFICIENCY_WEAPON, ID_WOTC_PHB24_PROFICIENCY_GROUP</supports>
		<rules>
			<grant type="Proficiency" id="ID_WOTC_PHB24_PROFICIENCY_WEAPON_PROFICIENCY_HANDAXE" />
			<grant type="Proficiency" id="ID_WOTC_PHB24_PROFICIENCY_WEAPON_PROFICIENCY_BATTLEAXE" />
			<grant type="Proficiency" id="ID_WOTC_PHB24_PROFICIENCY_WEAPON_PROFICIENCY_GREATAXE" />
		</rules>
	</element>
	<element name="Weapon Proficiency (Maces)" type="Proficiency" source="Player’s Handbook 2024" id="ID_WOTC_PHB24_PROFICIENCY_GROUP_MACES">
		<supports>ID_WOTC_PHB24_PROFICIENCY_WEAPON, ID_WOTC_PHB24_PROFICIENCY_GROUP</supports>
		<rules>
			<grant type="Proficiency" id="ID_WOTC_PHB24_PROFICIENCY_WEAPON_PROFICIENCY_MACE" />
		</rules>
	</element>
	<element name="Weapon Proficiency (Hammers)" type="Proficiency" source="Player’s Handbook 2024" id="ID_WOTC_PHB24_PROFICIENCY_GROUP_HAMMERS">
		<supports>ID_WOTC_PHB24_PROFICIENCY_WEAPON, ID_WOTC_PHB24_PROFICIENCY_GROUP</supports>
		<rules>
			<grant type="Proficiency" id="ID_WOTC_PHB24_PROFICIENCY_WEAPON_PROFICIENCY_LIGHT_HAMMER" />
			<grant type="Proficiency" id="ID_WOTC_PHB24_PROFICIENCY_WEAPON_PROFICIENCY_WARHAMMER" />
		</rules>
	</element>
	<element name="Weapon Proficiency (Mauls)" type="Proficiency" source="Player’s Handbook 2024" id="ID_WOTC_PHB24_PROFICIENCY_GROUP_MAULS">
		<supports>ID_WOTC_PHB24_PROFICIENCY_WEAPON, ID_WOTC_PHB24_PROFICIENCY_GROUP</supports>
		<rules>
			<grant type="Proficiency" id="ID_WOTC_PHB24_PROFICIENCY_WEAPON_PROFICIENCY_MAUL" />
		</rules>
	</element>
	<element name="Weapon Proficiency (Bows)" type="Proficiency" source="Player’s Handbook 2024" id="ID_WOTC_PHB24_PROFICIENCY_GROUP_BOWS">
		<supports>ID_WOTC_PHB24_PROFICIENCY_WEAPON, ID_WOTC_PHB24_PROFICIENCY_GROUP</supports>
		<rules>
			<grant type="Proficiency" id="ID_WOTC_PHB24_PROFICIENCY_WEAPON_PROFICIENCY_SHORTBOW" />
			<grant type="Proficiency" id="ID_WOTC_PHB24_PROFICIENCY_WEAPON_PROFICIENCY_LONGBOW" />
		</rules>
	</element>
	<element name="Weapon Proficiency (Crossbows)" type="Proficiency" source="Player’s Handbook 2024" id="ID_WOTC_PHB24_PROFICIENCY_GROUP_CROSSBOWS">
		<supports>ID_WOTC_PHB24_PROFICIENCY_WEAPON, ID_WOTC_PHB24_PROFICIENCY_GROUP</supports>
		<rules>
			<grant type="Proficiency" id="ID_WOTC_PHB24_PROFICIENCY_WEAPON_PROFICIENCY_CROSSBOW_LIGHT" />
			<grant type="Proficiency" id="ID_WOTC_PHB24_PROFICIENCY_WEAPON_PROFICIENCY_CROSSBOW_HAND" />
			<grant type="Proficiency" id="ID_WOTC_PHB24_PROFICIENCY_WEAPON_PROFICIENCY_CROSSBOW_HEAVY" />
		</rules>
	</element>
	<element name="Weapon Proficiency (Spears)" type="Proficiency" source="Player’s Handbook 2024" id="ID_WOTC_PHB24_PROFICIENCY_GROUP_SPEARS">
		<supports>ID_WOTC_PHB24_PROFICIENCY_WEAPON, ID_WOTC_PHB24_PROFICIENCY_GROUP</supports>
		<rules>
			<grant type="Proficiency" id="ID_WOTC_PHB24_PROFICIENCY_WEAPON_PROFICIENCY_SPEAR" />
		</rules>
	</element>
	<element name="Weapon Proficiency (Clubs)" type="Proficiency" source="Player’s Handbook 2024" id="ID_WOTC_PHB24_PROFICIENCY_GROUP_CLUBS">
		<supports>ID_WOTC_PHB24_PROFICIENCY_WEAPON, ID_WOTC_PHB24_PROFICIENCY_GROUP</supports>
		<rules>
			<grant type="Proficiency" id="ID_WOTC_PHB24_PROFICIENCY_WEAPON_PROFICIENCY_CLUB" />
			<grant type="Proficiency" id="ID_WOTC_PHB24_PROFICIENCY_WEAPON_PROFICIENCY_GREATCLUB" />
		</rules>
	</element>

	<!-- Saving Throw -->
	<element name="Saving Throw Proficiency (Strength)" type="Proficiency" source="Player’s Handbook 2024" id="ID_WOTC_PHB24_PROFICIENCY_SAVINGTHROW_STRENGTH">
		<supports>Saving Throw</supports>
		<rules>
			<stat name="strength:save:proficiency" value="proficiency" bonus="proficiency" alt="Proficiency" />
		</rules>
	</element>
	<element name="Saving Throw Proficiency (Dexterity)" type="Proficiency" source="Player’s Handbook 2024" id="ID_WOTC_PHB24_PROFICIENCY_SAVINGTHROW_DEXTERITY">
		<supports>Saving Throw</supports>
		<rules>
			<stat name="dexterity:save:proficiency" value="proficiency" bonus="proficiency" alt="Proficiency" />
		</rules>
	</element>
	<element name="Saving Throw Proficiency (Constitution)" type="Proficiency" source="Player’s Handbook 2024" id="ID_WOTC_PHB24_PROFICIENCY_SAVINGTHROW_CONSTITUTION">
		<supports>Saving Throw</supports>
		<rules>
			<stat name="constitution:save:proficiency" value="proficiency" bonus="proficiency" alt="Proficiency" />
		</rules>
	</element>
	<element name="Saving Throw Proficiency (Intelligence)" type="Proficiency" source="Player’s Handbook 2024" id="ID_WOTC_PHB24_PROFICIENCY_SAVINGTHROW_INTELLIGENCE">
		<supports>Saving Throw</supports>
		<rules>
			<stat name="intelligence:save:proficiency" value="proficiency" bonus="proficiency" alt="Proficiency" />
		</rules>
	</element>
	<element name="Saving Throw Proficiency (Wisdom)" type="Proficiency" source="Player’s Handbook 2024" id="ID_WOTC_PHB24_PROFICIENCY_SAVINGTHROW_WISDOM">    <supports>Saving Throw</supports>
		<rules>
			<stat name="wisdom:save:proficiency" value="proficiency" bonus="proficiency" alt="Proficiency" />
		</rules>
	</element>
	<element name="Saving Throw Proficiency (Charisma)" type="Proficiency" source="Player’s Handbook 2024" id="ID_WOTC_PHB24_PROFICIENCY_SAVINGTHROW_CHARISMA">
		<supports>Saving Throw</supports>
		<rules>
			<stat name="charisma:save:proficiency" value="proficiency" bonus="proficiency" alt="Proficiency" />
		</rules>
	</element>

	<!-- Skills -->
	<element name="Acrobatics" type="Proficiency" id="ID_WOTC_PHB24_PROFICIENCY_SKILL_ACROBATICS" source="Player’s Handbook 2024">
		<supports>Skill, Skill 2024,Dexterity,ID_PROFICIENCY_SKILL,ID_WOTC_PHB24_CLASS_ROGUE,Rogue,ID_WOTC_PHB24_CLASS_BARD,Bard,ID_WOTC_PHB24_CLASS_FIGHTER,Fighter,ID_WOTC_PHB24_CLASS_MONK,Monk</supports>
		<description>
			<p>Your Dexterity (Acrobatics) check covers your attempt to stay on your feet in a tricky situation, such as when you’re trying to run across a sheet of ice, balance on a tightrope, or stay upright on a rocking ship’s deck. The GM might also call for a Dexterity (Acrobatics) check to see if you can perform acrobatic stunts, including dives, rolls, somersaults, and flips.</p>
		</description>
		<rules>
			<stat name="acrobatics:proficiency" value="proficiency" bonus="proficiency" />
		</rules>
	</element>
	
	<element name="Animal Handling" type="Proficiency" id="ID_WOTC_PHB24_PROFICIENCY_SKILL_ANIMALHANDLING" source="Player’s Handbook 2024">
		<supports>Skill, Skill 2024,Wisdom,ID_PROFICIENCY_SKILL,ID_WOTC_PHB24_CLASS_BARBARIAN,Barbarian,ID_WOTC_PHB24_CLASS_DRUID,Druid,ID_WOTC_PHB24_CLASS_BARD,Bard,ID_WOTC_PHB24_CLASS_FIGHTER,Fighter,ID_WOTC_PHB24_CLASS_RANGER,Ranger</supports>
		<description>
			<p>When there is any question whether you can calm down a domesticated animal, keep a mount from getting spooked, or intuit an animal’s intentions, the GM might call for a Wisdom (Animal Handling) check. You also make a Wisdom (Animal Handling) check to control your mount when you attempt a risky maneuver.</p>
		</description>
		<rules>
			<stat name="animal handling:proficiency" value="proficiency" bonus="proficiency" />
		</rules>
	</element>

	<element name="Arcana" type="Proficiency" id="ID_WOTC_PHB24_PROFICIENCY_SKILL_ARCANA" source="Player’s Handbook 2024">
		<supports>Skill, Skill 2024,Intelligence,ID_PROFICIENCY_SKILL,ID_WOTC_PHB24_CLASS_SORCERER,Sorcerer,ID_WOTC_PHB24_CLASS_DRUID,Druid,ID_WOTC_PHB24_CLASS_BARD,Bard,ID_WOTC_PHB24_CLASS_WARLOCK,Warlock,ID_WOTC_PHB24_CLASS_WIZARD,Wizard</supports>
		<description>
			<p>Your Intelligence (Arcana) check measures your ability to recall lore about spells, magic items, eldritch symbols, magical traditions, the planes of existence, and the inhabitants of those planes.</p>
		</description>
		<rules>
			<stat name="arcana:proficiency" value="proficiency" bonus="proficiency" />
		</rules>
	</element>

	<element name="Athletics" type="Proficiency" id="ID_WOTC_PHB24_PROFICIENCY_SKILL_ATHLETICS" source="Player’s Handbook 2024">
		<supports>Skill, Skill 2024,Strength,ID_PROFICIENCY_SKILL,ID_WOTC_PHB24_CLASS_BARBARIAN,Barbarian,ID_WOTC_PHB24_CLASS_ROGUE,Rogue,ID_WOTC_PHB24_CLASS_BARD,Bard,ID_WOTC_PHB24_CLASS_FIGHTER,Fighter,ID_WOTC_PHB24_CLASS_MONK,Monk,ID_WOTC_PHB24_CLASS_PALADIN,Paladin,ID_WOTC_PHB24_CLASS_RANGER,Ranger</supports>
		<description>
			<p>Your Strength (Athletics) check covers difficult situations you encounter while climbing, jumping, or swimming. Examples include the following activities:</p>
			<ul>
				<li>You attempt to climb a sheer or slippery cliff, avoid hazards while scaling a wall, or cling to a surface while something is trying to knock you off.</li>
				<li>You try to jump an unusually long distance or pull off a stunt midjump.</li>
				<li>You struggle to swim or stay afloat in treacherous currents, storm-tossed waves, or areas of thick seaweed. Or another creature tries to push or pull you underwater or otherwise interfere with your swimming.</li>
			</ul>
		</description>
		<rules>
			<stat name="athletics:proficiency" value="proficiency" bonus="proficiency" />
		</rules>
	</element>

	<element name="Deception" type="Proficiency" id="ID_WOTC_PHB24_PROFICIENCY_SKILL_DECEPTION" source="Player’s Handbook 2024">
		<supports>Skill, Skill 2024,Charisma,ID_PROFICIENCY_SKILL,ID_WOTC_PHB24_CLASS_ROGUE,Rogue,ID_WOTC_PHB24_CLASS_SORCERER,Sorcerer,ID_WOTC_PHB24_CLASS_BARD,Bard,ID_WOTC_PHB24_CLASS_WARLOCK,Warlock</supports>
		<description>
			<p>Your Charisma (Deception) check determines whether you can convincingly hide the truth, either verbally or through your actions. This deception can encompass everything from misleading others through ambiguity to telling outright lies. Typical situations include trying to fast-talk a guard, con a merchant, earn money through gambling, pass yourself off in a disguise, dull someone’s suspicions with false assurances, or maintain a straight face while telling a blatant lie.</p>
		</description>
		<rules>
			<stat name="deception:proficiency" value="proficiency" bonus="proficiency" />
		</rules>
	</element>

	<element name="History" type="Proficiency" id="ID_WOTC_PHB24_PROFICIENCY_SKILL_HISTORY" source="Player’s Handbook 2024">
		<supports>Skill, Skill 2024,Intelligence,ID_PROFICIENCY_SKILL,ID_WOTC_PHB24_CLASS_CLERIC,Cleric,ID_WOTC_PHB24_CLASS_BARD,Bard,ID_WOTC_PHB24_CLASS_FIGHTER,Fighter,ID_WOTC_PHB24_CLASS_MONK,Monk,ID_WOTC_PHB24_CLASS_WARLOCK,Warlock,ID_WOTC_PHB24_CLASS_WIZARD,Wizard</supports>
		<description>
			<p>Your Intelligence (History) check measures your ability to recall lore about historical events, legendary people, ancient kingdoms, past disputes, recent wars, and lost civilizations.</p>
		</description>
		<rules>
			<stat name="history:proficiency" value="proficiency" bonus="proficiency" />
		</rules>
	</element>

	<element name="Insight" type="Proficiency" id="ID_WOTC_PHB24_PROFICIENCY_SKILL_INSIGHT" source="Player’s Handbook 2024">
		<supports>Skill, Skill 2024,Wisdom,ID_PROFICIENCY_SKILL,ID_WOTC_PHB24_CLASS_ROGUE,Rogue,ID_WOTC_PHB24_CLASS_SORCERER,Sorcerer,ID_WOTC_PHB24_CLASS_CLERIC,Cleric,ID_WOTC_PHB24_CLASS_DRUID,Druid,ID_WOTC_PHB24_CLASS_BARD,Bard,ID_WOTC_PHB24_CLASS_FIGHTER,Fighter,ID_WOTC_PHB24_CLASS_MONK,Monk,ID_WOTC_PHB24_CLASS_PALADIN,Paladin,ID_WOTC_PHB24_CLASS_RANGER,Ranger,ID_WOTC_PHB24_CLASS_WIZARD,Wizard</supports>
		<description>
			<p>Your Wisdom (Insight) check decides whether you can determine the true intentions of a creature, such as when searching out a lie or predicting someone’s next move. Doing so involves gleaning clues from body language, speech habits, and changes in mannerisms.</p>
		</description>
		<rules>
			<stat name="insight:proficiency" value="proficiency" bonus="proficiency" />
		</rules>
	</element>

	<element name="Intimidation" type="Proficiency" id="ID_WOTC_PHB24_PROFICIENCY_SKILL_INTIMIDATION" source="Player’s Handbook 2024">
		<supports>Skill, Skill 2024,Charisma,ID_PROFICIENCY_SKILL,ID_WOTC_PHB24_CLASS_BARBARIAN,Barbarian,ID_WOTC_PHB24_CLASS_ROGUE,Rogue,ID_WOTC_PHB24_CLASS_SORCERER,Sorcerer,ID_WOTC_PHB24_CLASS_BARD,Bard,ID_WOTC_PHB24_CLASS_FIGHTER,Fighter,ID_WOTC_PHB24_CLASS_PALADIN,Paladin,ID_WOTC_PHB24_CLASS_WARLOCK,Warlock</supports>
		<description>
			<p>When you attempt to influence someone through overt threats, hostile actions, and physical violence, the GM might ask you to make a Charisma (Intimidation) check. Examples include trying to pry information out of a prisoner, convincing street thugs to back down from a confrontation, or using the edge of a broken bottle to convince a sneering vizier to reconsider a decision.</p>
		</description>
		<rules>
			<stat name="intimidation:proficiency" value="proficiency" bonus="proficiency" />
		</rules>
	</element>

	<element name="Investigation" type="Proficiency" id="ID_WOTC_PHB24_PROFICIENCY_SKILL_INVESTIGATION" source="Player’s Handbook 2024">
		<supports>Skill, Skill 2024,Intelligence,ID_PROFICIENCY_SKILL,ID_WOTC_PHB24_CLASS_ROGUE,Rogue,ID_WOTC_PHB24_CLASS_BARD,Bard,ID_WOTC_PHB24_CLASS_RANGER,Ranger,ID_WOTC_PHB24_CLASS_WARLOCK,Warlock,ID_WOTC_PHB24_CLASS_WIZARD,Wizard</supports>
		<description>
			<p>When you look around for clues and make deductions based on those clues, you make an Intelligence (Investigation) check. You might deduce the location of a hidden object, discern from the appearance of a wound what kind of weapon dealt it, or determine the weakest point in a tunnel that could cause it to collapse. Poring through ancient scrolls in search of a hidden fragment of knowledge might also call for an Intelligence (Investigation) check.</p>
		</description>
		<rules>
			<stat name="investigation:proficiency" value="proficiency" bonus="proficiency" />
		</rules>
	</element>

	<element name="Medicine" type="Proficiency" id="ID_WOTC_PHB24_PROFICIENCY_SKILL_MEDICINE" source="Player’s Handbook 2024">
		<supports>Skill, Skill 2024,Wisdom,ID_PROFICIENCY_SKILL,ID_WOTC_PHB24_CLASS_CLERIC,Cleric,ID_WOTC_PHB24_CLASS_DRUID,Druid,ID_WOTC_PHB24_CLASS_BARD,Bard,ID_WOTC_PHB24_CLASS_PALADIN,Paladin,ID_WOTC_PHB24_CLASS_WIZARD,Wizard</supports>
		<description>
			<p>A Wisdom (Medicine) check lets you try to stabilize a dying companion or diagnose an illness.</p>
		</description>
		<rules>
			<stat name="medicine:proficiency" value="proficiency" bonus="proficiency" />
		</rules>
	</element>

	<element name="Nature" type="Proficiency" id="ID_WOTC_PHB24_PROFICIENCY_SKILL_NATURE" source="Player’s Handbook 2024">
		<supports>Skill, Skill 2024,Intelligence,ID_PROFICIENCY_SKILL,ID_WOTC_PHB24_CLASS_BARBARIAN,Barbarian,ID_WOTC_PHB24_CLASS_DRUID,Druid,ID_WOTC_PHB24_CLASS_BARD,Bard,ID_WOTC_PHB24_CLASS_RANGER,Ranger,ID_WOTC_PHB24_CLASS_WARLOCK,Warlock</supports>
		<description>
			<p>Your Intelligence (Nature) check measures your ability to recall lore about terrain, plants and animals, the weather, and natural cycles.</p>
		</description>
		<rules>
			<stat name="nature:proficiency" value="proficiency" bonus="proficiency" />
		</rules>
	</element>

	<element name="Perception" type="Proficiency" id="ID_WOTC_PHB24_PROFICIENCY_SKILL_PERCEPTION" source="Player’s Handbook 2024">
		<supports>Skill, Skill 2024,Wisdom,ID_PROFICIENCY_SKILL,ID_WOTC_PHB24_CLASS_BARBARIAN,Barbarian,ID_WOTC_PHB24_CLASS_ROGUE,Rogue,ID_WOTC_PHB24_CLASS_DRUID,Druid,ID_WOTC_PHB24_CLASS_BARD,Bard,ID_WOTC_PHB24_CLASS_FIGHTER,Fighter,ID_WOTC_PHB24_CLASS_RANGER,Ranger</supports>
		<description>
			<p>Your Wisdom (Perception) check lets you spot, hear, or otherwise detect the presence of something. It measures your general awareness of your surroundings and the keenness of your senses. For example, you might try to hear a conversation through a closed door, eavesdrop under an open window, or hear monsters moving stealthily in the forest. Or you might try to spot things that are obscured or easy to miss, whether they are orcs lying in ambush on a road, thugs hiding in the shadows of an alley, or candlelight under a closed secret door.</p>
		</description>
		<rules>
			<stat name="perception:proficiency" value="proficiency" bonus="proficiency" />
		</rules>
	</element>

	<element name="Performance" type="Proficiency" id="ID_WOTC_PHB24_PROFICIENCY_SKILL_PERFORMANCE" source="Player’s Handbook 2024">
		<supports>Skill, Skill 2024,Charisma,ID_PROFICIENCY_SKILL,ID_WOTC_PHB24_CLASS_ROGUE,Rogue,ID_WOTC_PHB24_CLASS_BARD,Bard</supports>
		<description>
			<p>Your Charisma (Performance) check determines how well you can delight an audience with music, dance, acting, storytelling, or some other form of entertainment.</p>
		</description>
		<rules>
			<stat name="performance:proficiency" value="proficiency" bonus="proficiency" />
		</rules>
	</element>

	<element name="Persuasion" type="Proficiency" id="ID_WOTC_PHB24_PROFICIENCY_SKILL_PERSUASION" source="Player’s Handbook 2024">
		<supports>Skill, Skill 2024,Charisma,ID_PROFICIENCY_SKILL,ID_WOTC_PHB24_CLASS_ROGUE,Rogue,ID_WOTC_PHB24_CLASS_SORCERER,Sorcerer,ID_WOTC_PHB24_CLASS_CLERIC,Cleric,ID_WOTC_PHB24_CLASS_BARD,Bard,ID_WOTC_PHB24_CLASS_PALADIN,Paladin</supports>
		<description>
			<p>When you attempt to influence someone or a group of people with tact, social graces, or good nature, the GM might ask you to make a Charisma (Persuasion) check. Typically, you use persuasion when acting in good faith, to foster friendships, make cordial requests, or exhibit proper etiquette. Examples of persuading others include convincing a chamberlain to let your party see the king, negotiating peace between warring tribes, or inspiring a crowd of townsfolk.</p>
		</description>
		<rules>
			<stat name="persuasion:proficiency" value="proficiency" bonus="proficiency" />
		</rules>
	</element>

	<element name="Religion" type="Proficiency" id="ID_WOTC_PHB24_PROFICIENCY_SKILL_RELIGION" source="Player’s Handbook 2024">
		<supports>Skill, Skill 2024,Intelligence,ID_PROFICIENCY_SKILL,ID_WOTC_PHB24_CLASS_SORCERER,Sorcerer,ID_WOTC_PHB24_CLASS_CLERIC,Cleric,ID_WOTC_PHB24_CLASS_DRUID,Druid,ID_WOTC_PHB24_CLASS_BARD,Bard,ID_WOTC_PHB24_CLASS_MONK,Monk,ID_WOTC_PHB24_CLASS_PALADIN,Paladin,ID_WOTC_PHB24_CLASS_WARLOCK,Warlock,ID_WOTC_PHB24_CLASS_WIZARD,Wizard</supports>
		<description>
			<p>Your Intelligence (Religion) check measures your ability to recall lore about deities, rites and prayers, religious hierarchies, holy symbols, and the practices of secret cults.</p>
		</description>
		<rules>
			<stat name="religion:proficiency" value="proficiency" bonus="proficiency" />
		</rules>
	</element>

	<element name="Sleight of Hand" type="Proficiency" id="ID_WOTC_PHB24_PROFICIENCY_SKILL_SLEIGHTOFHAND" source="Player’s Handbook 2024">
		<supports>Skill, Skill 2024,Dexterity,ID_PROFICIENCY_SKILL,ID_WOTC_PHB24_CLASS_ROGUE,Rogue,ID_WOTC_PHB24_CLASS_BARD,Bard</supports>
		<description>
			<p>Whenever you attempt an act of legerdemain or manual trickery, such as planting something on someone else or concealing an object on your person, make a Dexterity (Sleight of Hand) check. The GM might also call for a Dexterity (Sleight of Hand) check to determine whether you can lift a coin purse off another person or slip something out of another person’s pocket.</p>
		</description>
		<rules>
			<stat name="sleight of hand:proficiency" value="proficiency" bonus="proficiency" />
		</rules>
	</element>

	<element name="Stealth" type="Proficiency" id="ID_WOTC_PHB24_PROFICIENCY_SKILL_STEALTH" source="Player’s Handbook 2024">
		<supports>Skill, Skill 2024,Dexterity,ID_PROFICIENCY_SKILL,ID_WOTC_PHB24_CLASS_ROGUE,Rogue,ID_WOTC_PHB24_CLASS_BARD,Bard,ID_WOTC_PHB24_CLASS_MONK,Monk,ID_WOTC_PHB24_CLASS_RANGER,Ranger</supports>
		<description>
			<p>Make a Dexterity (Stealth) check when you attempt to conceal yourself from enemies, slink past guards, slip away without being noticed, or sneak up on someone without being seen or heard.</p>
		</description>
		<rules>
			<stat name="stealth:proficiency" value="proficiency" bonus="proficiency" />
		</rules>
	</element>

	<element name="Survival" type="Proficiency" id="ID_WOTC_PHB24_PROFICIENCY_SKILL_SURVIVAL" source="Player’s Handbook 2024">
		<supports>Skill, Skill 2024,Wisdom,ID_PROFICIENCY_SKILL,ID_WOTC_PHB24_CLASS_BARBARIAN,Barbarian,ID_WOTC_PHB24_CLASS_DRUID,Druid,ID_WOTC_PHB24_CLASS_BARD,Bard,ID_WOTC_PHB24_CLASS_FIGHTER,Fighter,ID_WOTC_PHB24_CLASS_RANGER,Ranger</supports>
		<description>
			<p>The GM might ask you to make a Wisdom (Survival) check to follow tracks, hunt wild game, guide your group through frozen wastelands, identify signs that owlbears live nearby, predict the weather, or avoid quicksand and other natural hazards.</p>
		</description>
		<rules>
			<stat name="survival:proficiency" value="proficiency" bonus="proficiency" />
		</rules>
	</element>

	<!-- Artisan’s tools -->
	<element name="Tool Proficiency (Artisan’s tools)" type="Proficiency" source="Player’s Handbook 2024"  id="ID_WOTC_PHB24_PROFICIENCY_TOOL_PROFICIENCY_ARTISANS_TOOLS">
		<supports></supports>
		<requirements />
		<description>
			<p>These special tools include the items needed to pursue a craft or trade. The table shows examples of the most common types of tools, each providing items related to a single craft. Proficiency with a set of artisan’s tools lets you add your proficiency bonus to any ability checks you make using the tools in your craft. Each type of artisan’s tools requires a separate proficiency.</p>
		</description>
		<rules>
			<grant name="ID_WOTC_PHB24_PROFICIENCY_TOOL_PROFICIENCY_ALCHEMISTS_SUPPLIES" type="Proficiency" />
			<grant name="ID_WOTC_PHB24_PROFICIENCY_TOOL_PROFICIENCY_BREWERS_SUPPLIES" type="Proficiency" />
			<grant name="ID_WOTC_PHB24_PROFICIENCY_TOOL_PROFICIENCY_CALLIGRAPHERS_SUPPLIES" type="Proficiency" />
			<grant name="ID_WOTC_PHB24_PROFICIENCY_TOOL_PROFICIENCY_CARPENTERS_TOOLS" type="Proficiency" />
			<grant name="ID_WOTC_PHB24_PROFICIENCY_TOOL_PROFICIENCY_CARTOGRAPHERS_TOOLS" type="Proficiency" />
			<grant name="ID_WOTC_PHB24_PROFICIENCY_TOOL_PROFICIENCY_COBBLERS_TOOLS" type="Proficiency" />
			<grant name="ID_WOTC_PHB24_PROFICIENCY_TOOL_PROFICIENCY_COOKS_UTENSILS" type="Proficiency" />
			<grant name="ID_WOTC_PHB24_PROFICIENCY_TOOL_PROFICIENCY_GLASSBLOWERS_TOOLS" type="Proficiency" />
			<grant name="ID_WOTC_PHB24_PROFICIENCY_TOOL_PROFICIENCY_JEWELERS_TOOLS" type="Proficiency" />
			<grant name="ID_WOTC_PHB24_PROFICIENCY_TOOL_PROFICIENCY_LEATHERWORKERS_TOOLS" type="Proficiency" />
			<grant name="ID_WOTC_PHB24_PROFICIENCY_TOOL_PROFICIENCY_MASONS_TOOLS" type="Proficiency" />
			<grant name="ID_WOTC_PHB24_PROFICIENCY_TOOL_PROFICIENCY_PAINTERS_SUPPLIES" type="Proficiency" />
			<grant name="ID_WOTC_PHB24_PROFICIENCY_TOOL_PROFICIENCY_POTTERS_TOOLS" type="Proficiency" />
			<grant name="ID_WOTC_PHB24_PROFICIENCY_TOOL_PROFICIENCY_SMITHS_TOOLS" type="Proficiency" />
			<grant name="ID_WOTC_PHB24_PROFICIENCY_TOOL_PROFICIENCY_TINKERS_TOOLS" type="Proficiency" />
			<grant name="ID_WOTC_PHB24_PROFICIENCY_TOOL_PROFICIENCY_WEAVERS_TOOLS" type="Proficiency" />
			<grant name="ID_WOTC_PHB24_PROFICIENCY_TOOL_PROFICIENCY_WOODCARVERS_TOOLS" type="Proficiency" />
			<grant name="ID_WOTC_PHB24_PROFICIENCY_TOOL_PROFICIENCY_DISGUISE_KIT" type="Proficiency" />
			<grant name="ID_WOTC_PHB24_PROFICIENCY_TOOL_PROFICIENCY_FORGERY_KIT" type="Proficiency" />
		</rules>
	</element>


	<element name="Tool Proficiency (Alchemist’s supplies)" type="Proficiency" source="Player’s Handbook 2024"  id="ID_WOTC_PHB24_PROFICIENCY_TOOL_PROFICIENCY_ALCHEMISTS_SUPPLIES">
		<supports>Tool, Tool 2024, Artisan tools</supports>
		<requirements />
		<description>
			<p>These special tools include the items needed to pursue a craft or trade. Proficiency with a set of artisan’s tools lets you add your proficiency bonus to any ability checks you make using the tools in your craft.</p>
		</description>
		<rules />
	</element>
	<element name="Tool Proficiency (Brewer’s supplies)" type="Proficiency" source="Player’s Handbook 2024"  id="ID_WOTC_PHB24_PROFICIENCY_TOOL_PROFICIENCY_BREWERS_SUPPLIES">
		<supports>Tool, Tool 2024, Artisan tools</supports>
		<requirements />
		<description>
			<p>These special tools include the items needed to pursue a craft or trade. Proficiency with a set of artisan’s tools lets you add your proficiency bonus to any ability checks you make using the tools in your craft.</p>
		</description>
		<rules />
	</element>
	<element name="Tool Proficiency (Calligrapher's supplies)" type="Proficiency" source="Player’s Handbook 2024"  id="ID_WOTC_PHB24_PROFICIENCY_TOOL_PROFICIENCY_CALLIGRAPHERS_SUPPLIES">
		<supports>Tool, Tool 2024, Artisan tools</supports>
		<requirements />
		<description>
			<p>These special tools include the items needed to pursue a craft or trade. Proficiency with a set of artisan’s tools lets you add your proficiency bonus to any ability checks you make using the tools in your craft.</p>
		</description>
		<rules />
	</element>
	<element name="Tool Proficiency (Carpenter’s tools)" type="Proficiency" source="Player’s Handbook 2024"  id="ID_WOTC_PHB24_PROFICIENCY_TOOL_PROFICIENCY_CARPENTERS_TOOLS">
		<supports>Tool, Tool 2024, Artisan tools</supports>
		<requirements />
		<description>
			<p>These special tools include the items needed to pursue a craft or trade. Proficiency with a set of artisan’s tools lets you add your proficiency bonus to any ability checks you make using the tools in your craft.</p>
		</description>
		<rules />
	</element>
	<element name="Tool Proficiency (Cartographer’s tools)" type="Proficiency" source="Player’s Handbook 2024"  id="ID_WOTC_PHB24_PROFICIENCY_TOOL_PROFICIENCY_CARTOGRAPHERS_TOOLS">
		<supports>Tool, Tool 2024, Artisan tools</supports>
		<requirements />
		<description>
			<p>These special tools include the items needed to pursue a craft or trade. Proficiency with a set of artisan’s tools lets you add your proficiency bonus to any ability checks you make using the tools in your craft.</p>
		</description>
		<rules />
	</element>
	<element name="Tool Proficiency (Cobbler’s tools)" type="Proficiency" source="Player’s Handbook 2024"  id="ID_WOTC_PHB24_PROFICIENCY_TOOL_PROFICIENCY_COBBLERS_TOOLS">
		<supports>Tool, Tool 2024, Artisan tools</supports>
		<requirements />
		<description>
			<p>These special tools include the items needed to pursue a craft or trade. Proficiency with a set of artisan’s tools lets you add your proficiency bonus to any ability checks you make using the tools in your craft.</p>
		</description>
		<rules />
	</element>
	<element name="Tool Proficiency (Cook’s utensils)" type="Proficiency" source="Player’s Handbook 2024"  id="ID_WOTC_PHB24_PROFICIENCY_TOOL_PROFICIENCY_COOKS_UTENSILS">
		<supports>Tool, Tool 2024, Artisan tools</supports>
		<requirements />
		<description>
			<p>These special tools include the items needed to pursue a craft or trade. Proficiency with a set of artisan’s tools lets you add your proficiency bonus to any ability checks you make using the tools in your craft.</p>
		</description>
		<rules />
	</element>
	<element name="Tool Proficiency (Glassblower’s tools)" type="Proficiency" source="Player’s Handbook 2024"  id="ID_WOTC_PHB24_PROFICIENCY_TOOL_PROFICIENCY_GLASSBLOWERS_TOOLS">
		<supports>Tool, Tool 2024, Artisan tools</supports>
		<requirements />
		<description>
			<p>These special tools include the items needed to pursue a craft or trade. Proficiency with a set of artisan’s tools lets you add your proficiency bonus to any ability checks you make using the tools in your craft.</p>
		</description>
		<rules />
	</element>
	<element name="Tool Proficiency (Jeweler’s tools)" type="Proficiency" source="Player’s Handbook 2024"  id="ID_WOTC_PHB24_PROFICIENCY_TOOL_PROFICIENCY_JEWELERS_TOOLS">
		<supports>Tool, Tool 2024, Artisan tools</supports>
		<requirements />
		<description>
			<p>These special tools include the items needed to pursue a craft or trade. Proficiency with a set of artisan’s tools lets you add your proficiency bonus to any ability checks you make using the tools in your craft.</p>
		</description>
		<rules />
	</element>
	<element name="Tool Proficiency (Leatherworker’s tools)" type="Proficiency" source="Player’s Handbook 2024"  id="ID_WOTC_PHB24_PROFICIENCY_TOOL_PROFICIENCY_LEATHERWORKERS_TOOLS">
		<supports>Tool, Tool 2024, Artisan tools</supports>
		<requirements />
		<description>
			<p>These special tools include the items needed to pursue a craft or trade. Proficiency with a set of artisan’s tools lets you add your proficiency bonus to any ability checks you make using the tools in your craft.</p>
		</description>
		<rules />
	</element>
	<element name="Tool Proficiency (Mason’s tools)" type="Proficiency" source="Player’s Handbook 2024"  id="ID_WOTC_PHB24_PROFICIENCY_TOOL_PROFICIENCY_MASONS_TOOLS">
		<supports>Tool, Tool 2024, Artisan tools</supports>
		<requirements />
		<description>
			<p>These special tools include the items needed to pursue a craft or trade. Proficiency with a set of artisan’s tools lets you add your proficiency bonus to any ability checks you make using the tools in your craft.</p>
		</description>
		<rules />
	</element>
	<element name="Tool Proficiency (Painter’s supplies)" type="Proficiency" source="Player’s Handbook 2024"  id="ID_WOTC_PHB24_PROFICIENCY_TOOL_PROFICIENCY_PAINTERS_SUPPLIES">
		<supports>Tool, Tool 2024, Artisan tools</supports>
		<requirements />
		<description>
			<p>These special tools include the items needed to pursue a craft or trade. Proficiency with a set of artisan’s tools lets you add your proficiency bonus to any ability checks you make using the tools in your craft.</p>
		</description>
		<rules />
	</element>
	<element name="Tool Proficiency (Potter’s tools)" type="Proficiency" source="Player’s Handbook 2024"  id="ID_WOTC_PHB24_PROFICIENCY_TOOL_PROFICIENCY_POTTERS_TOOLS">
		<supports>Tool, Tool 2024, Artisan tools</supports>
		<requirements />
		<description>
			<p>These special tools include the items needed to pursue a craft or trade. Proficiency with a set of artisan’s tools lets you add your proficiency bonus to any ability checks you make using the tools in your craft.</p>
		</description>
		<rules />
	</element>
	<element name="Tool Proficiency (Smith’s tools)" type="Proficiency" source="Player’s Handbook 2024"  id="ID_WOTC_PHB24_PROFICIENCY_TOOL_PROFICIENCY_SMITHS_TOOLS">
		<supports>Tool, Tool 2024, Artisan tools</supports>
		<requirements />
		<description>
			<p>These special tools include the items needed to pursue a craft or trade. Proficiency with a set of artisan’s tools lets you add your proficiency bonus to any ability checks you make using the tools in your craft.</p>
		</description>
		<rules />
	</element>
	<element name="Tool Proficiency (Tinker’s tools)" type="Proficiency" source="Player’s Handbook 2024"  id="ID_WOTC_PHB24_PROFICIENCY_TOOL_PROFICIENCY_TINKERS_TOOLS">
		<supports>Tool, Tool 2024, Artisan tools</supports>
		<requirements />
		<description>
			<p>These special tools include the items needed to pursue a craft or trade. Proficiency with a set of artisan’s tools lets you add your proficiency bonus to any ability checks you make using the tools in your craft.</p>
		</description>
		<rules />
	</element>
	<element name="Tool Proficiency (Weaver’s tools)" type="Proficiency" source="Player’s Handbook 2024"  id="ID_WOTC_PHB24_PROFICIENCY_TOOL_PROFICIENCY_WEAVERS_TOOLS">
		<supports>Tool, Tool 2024, Artisan tools</supports>
		<requirements />
		<description>
			<p>These special tools include the items needed to pursue a craft or trade. Proficiency with a set of artisan’s tools lets you add your proficiency bonus to any ability checks you make using the tools in your craft.</p>
		</description>
		<rules />
	</element>
	<element name="Tool Proficiency (Woodcarver’s tools)" type="Proficiency" source="Player’s Handbook 2024"  id="ID_WOTC_PHB24_PROFICIENCY_TOOL_PROFICIENCY_WOODCARVERS_TOOLS">
		<supports>Tool, Tool 2024, Artisan tools</supports>
		<requirements />
		<description>
			<p>These special tools include the items needed to pursue a craft or trade. Proficiency with a set of artisan’s tools lets you add your proficiency bonus to any ability checks you make using the tools in your craft.</p>
		</description>
		<rules />
	</element>
	
	<!-- Other tools -->
	<element name="Tool Proficiency (Navigator’s tools)" type="Proficiency" source="Player’s Handbook 2024"  id="ID_WOTC_PHB24_PROFICIENCY_TOOL_PROFICIENCY_NAVIGATORS_TOOLS">
		<supports>Tool</supports>
		<requirements />
		<description>
			<p>This set of instruments is used for navigation at sea. Proficiency with navigator’s tools lets you chart a ship’s course and follow navigation charts. In addition, these tools allow you to add your proficiency bonus to any ability check you make to avoid getting lost at sea.</p>
		</description>
		<rules />
	</element>
	<element name="Tool Proficiency (Thieves’ tools)" type="Proficiency" source="Player’s Handbook 2024"  id="ID_WOTC_PHB24_PROFICIENCY_TOOL_PROFICIENCY_THIEVES_TOOLS">
		<supports>Tool, Tool 2024, Thieves tools</supports>
		<requirements />
		<description>
			<p>You gain proficiency with Thieves’ tools.</p>
			<p class="indent">This set of tools includes a small file, a set of lock picks, a small mirror mounted on a metal handle, a set of narrow-bladed scissors, and a pair of pliers. Proficiency with these tools lets you add your proficiency bonus to any ability checks you make to disarm traps or open locks.</p>
		</description>
		<rules />
	</element>
	<element name="Tool Proficiency (Vehicles (land))" type="Proficiency" source="Player’s Handbook 2024"  id="ID_WOTC_PHB24_PROFICIENCY_TOOL_PROFICIENCY_VEHICLES_LAND">
		<supports>Tool, Tool 2024, Vehicles</supports>
		<requirements />
		<description>
			<p></p>
		</description>
		<rules />
	</element>
	<element name="Tool Proficiency (Vehicles (water))" type="Proficiency" source="Player’s Handbook 2024"  id="ID_WOTC_PHB24_PROFICIENCY_TOOL_PROFICIENCY_VEHICLES_WATER">
		<supports>Tool, Tool 2024, Vehicles</supports>
		<requirements />
		<description>
			<p>You gain proficiency with Vehicles (water).</p>
		</description>
		<rules />
	</element>
	
	<!-- Kits -->
	<element name="Tool Proficiency (Disguise kit)" type="Proficiency" source="Player’s Handbook 2024"  id="ID_WOTC_PHB24_PROFICIENCY_TOOL_PROFICIENCY_DISGUISE_KIT">
		<supports>Tool, Tool 2024, Kit</supports>
		<requirements />
		<description>
			<p>This pouch of cosmetics, hair dye, and small props lets you create disguises that change your physical appearance. Proficiency with this kit lets you add your proficiency bonus to any ability checks you make to create a visual disguise.</p>
		</description>
		<rules />
	</element>
	<element name="Tool Proficiency (Forgery kit)" type="Proficiency" source="Player’s Handbook 2024"  id="ID_WOTC_PHB24_PROFICIENCY_TOOL_PROFICIENCY_FORGERY_KIT">
		<supports>Tool, Tool 2024, Kit</supports>
		<requirements />
		<description>
			<p>This small box contains a variety of papers and parchments, pens and inks, seals and sealing wax, gold and silver leaf, and other supplies necessary to create convincing forgeries of physical documents. Proficiency with this kit lets you add your proficiency bonus to any ability checks you make to create a physical forgery of a document.</p>
		</description>
		<rules />
	</element>
	<element name="Tool Proficiency (Herbalism kit)" type="Proficiency" source="Player’s Handbook 2024"  id="ID_WOTC_PHB24_PROFICIENCY_TOOL_PROFICIENCY_HERBALISM_KIT">
		<supports>Tool, Tool 2024, Kit</supports>
		<requirements />
		<description>
			<p>This kit contains a variety of instruments such as clippers, mortar and pestle, and pouches and vials used by herbalists to create remedies and potions. Proficiency with this kit lets you add your proficiency bonus to any ability checks you make to identify or apply herbs. Also, proficiency with this kit is required to create antitoxin and potions of healing.</p>
		</description>
		<rules />
	</element>
	<element name="Tool Proficiency (Poisoner’s kit)" type="Proficiency" source="Player’s Handbook 2024"  id="ID_WOTC_PHB24_PROFICIENCY_TOOL_PROFICIENCY_POISONERS_KIT">
		<supports>Tool, Tool 2024, Kit</supports>
		<requirements />
		<description>
			<p>A poisoner’s kit includes the vials, chemicals, and other equipment necessary for the creation of poisons. Proficiency with this kit lets you add your proficiency bonus to any ability checks you make to craft or use poisons.</p>
		</description>
		<rules />
	</element>

	<!-- Musical Instruments -->
	<element name="Tool Proficiency (Musical instrument)" type="Proficiency" source="Player’s Handbook 2024"  id="ID_WOTC_PHB24_PROFICIENCY_TOOL_PROFICIENCY_MUSICAL_INSTRUMENT">
		<supports></supports>
		<requirements />
		<description>
			<p>Several of the most common types of musical instruments are shown on the table as examples. If you have proficiency with a given musical instrument, you can add your proficiency bonus to any ability checks you make to play music with the instrument. A bard can use a musical instrument as a spellcasting focus, as described in chapter 10. Each type of musical instrument requires a separate proficiency.</p>
		</description>
		<rules>
			<grant name="ID_WOTC_PHB24_PROFICIENCY_TOOL_PROFICIENCY_BAGPIPES" type="Proficiency" />
			<grant name="ID_WOTC_PHB24_PROFICIENCY_TOOL_PROFICIENCY_DRUM" type="Proficiency" />
			<grant name="ID_WOTC_PHB24_PROFICIENCY_TOOL_PROFICIENCY_DULCIMER" type="Proficiency" />
			<grant name="ID_WOTC_PHB24_PROFICIENCY_TOOL_PROFICIENCY_FLUTE" type="Proficiency" />
			<grant name="ID_WOTC_PHB24_PROFICIENCY_TOOL_PROFICIENCY_LUTE" type="Proficiency" />
			<grant name="ID_WOTC_PHB24_PROFICIENCY_TOOL_PROFICIENCY_LYRE" type="Proficiency" />
			<grant name="ID_WOTC_PHB24_PROFICIENCY_TOOL_PROFICIENCY_HORN" type="Proficiency" />
			<grant name="ID_WOTC_PHB24_PROFICIENCY_TOOL_PROFICIENCY_PAN_FLUTE" type="Proficiency" />
			<grant name="ID_WOTC_PHB24_PROFICIENCY_TOOL_PROFICIENCY_SHAWM" type="Proficiency" />
			<grant name="ID_WOTC_PHB24_PROFICIENCY_TOOL_PROFICIENCY_VIOL" type="Proficiency" />
		</rules>
	</element>
	
	<element name="Tool Proficiency (Bagpipes)" type="Proficiency" source="Player’s Handbook 2024"  id="ID_WOTC_PHB24_PROFICIENCY_TOOL_PROFICIENCY_BAGPIPES">
		<supports>Tool, Tool 2024, ID_PROFICIENCY_MUSICAL_INSTRUMENT, Musical Instrument</supports>
		<requirements />
		<description>
			<p></p>
		</description>
		<rules />
	</element>
	<element name="Tool Proficiency (Drum)" type="Proficiency" source="Player’s Handbook 2024"  id="ID_WOTC_PHB24_PROFICIENCY_TOOL_PROFICIENCY_DRUM">
		<supports>Tool, Tool 2024, ID_PROFICIENCY_MUSICAL_INSTRUMENT, Musical Instrument</supports>
		<requirements />
		<description>
			<p></p>
		</description>
		<rules />
	</element>
	<element name="Tool Proficiency (Dulcimer)" type="Proficiency" source="Player’s Handbook 2024"  id="ID_WOTC_PHB24_PROFICIENCY_TOOL_PROFICIENCY_DULCIMER">
		<supports>Tool, Tool 2024, ID_PROFICIENCY_MUSICAL_INSTRUMENT, Musical Instrument</supports>
		<requirements />
		<description>
			<p></p>
		</description>
		<rules />
	</element>
	<element name="Tool Proficiency (Flute)" type="Proficiency" source="Player’s Handbook 2024"  id="ID_WOTC_PHB24_PROFICIENCY_TOOL_PROFICIENCY_FLUTE">
		<supports>Tool, Tool 2024, ID_PROFICIENCY_MUSICAL_INSTRUMENT, Musical Instrument</supports>
		<requirements />
		<description>
			<p></p>
		</description>
		<rules />
	</element>
	<element name="Tool Proficiency (Lute)" type="Proficiency" source="Player’s Handbook 2024"  id="ID_WOTC_PHB24_PROFICIENCY_TOOL_PROFICIENCY_LUTE">
		<supports>Tool, Tool 2024, ID_PROFICIENCY_MUSICAL_INSTRUMENT, Musical Instrument</supports>
		<requirements />
		<description>
			<p></p>
		</description>
		<rules />
	</element>
	<element name="Tool Proficiency (Lyre)" type="Proficiency" source="Player’s Handbook 2024"  id="ID_WOTC_PHB24_PROFICIENCY_TOOL_PROFICIENCY_LYRE">
		<supports>Tool, Tool 2024, ID_PROFICIENCY_MUSICAL_INSTRUMENT, Musical Instrument</supports>
		<requirements />
		<description>
			<p></p>
		</description>
		<rules />
	</element>
	<element name="Tool Proficiency (Horn)" type="Proficiency" source="Player’s Handbook 2024"  id="ID_WOTC_PHB24_PROFICIENCY_TOOL_PROFICIENCY_HORN">
		<supports>Tool, Tool 2024, ID_PROFICIENCY_MUSICAL_INSTRUMENT, Musical Instrument</supports>
		<requirements />
		<description>
			<p></p>
		</description>
		<rules />
	</element>
	<element name="Tool Proficiency (Pan flute)" type="Proficiency" source="Player’s Handbook 2024"  id="ID_WOTC_PHB24_PROFICIENCY_TOOL_PROFICIENCY_PAN_FLUTE">
		<supports>Tool, Tool 2024, ID_PROFICIENCY_MUSICAL_INSTRUMENT, Musical Instrument</supports>
		<requirements />
		<description>
			<p></p>
		</description>
		<rules />
	</element>
	<element name="Tool Proficiency (Shawm)" type="Proficiency" source="Player’s Handbook 2024"  id="ID_WOTC_PHB24_PROFICIENCY_TOOL_PROFICIENCY_SHAWM">
		<supports>Tool, Tool 2024, ID_PROFICIENCY_MUSICAL_INSTRUMENT, Musical Instrument</supports>
		<requirements />
		<description>
			<p></p>
		</description>
		<rules />
	</element>
	<element name="Tool Proficiency (Viol)" type="Proficiency" source="Player’s Handbook 2024"  id="ID_WOTC_PHB24_PROFICIENCY_TOOL_PROFICIENCY_VIOL">
		<supports>Tool, Tool 2024, ID_PROFICIENCY_MUSICAL_INSTRUMENT, Musical Instrument</supports>
		<requirements />
		<description>
			<p></p>
		</description>
		<rules />
	</element>
	
	<!-- Gaming Set -->
	<element name="Tool Proficiency (Gaming set)" type="Proficiency" source="Player’s Handbook 2024"  id="ID_WOTC_PHB24_PROFICIENCY_GAMING_SET_PROFICIENCY_GAMING_SET">
		<supports></supports>
		<requirements />
		<description>
			<p>This item encompasses a wide range of game pieces, including dice and decks of cards (for games such as Three-Dragon Ante). A few common examples appear on the Tools table, but other kinds of gaming sets exist. If you are proficient with a gaming set, you can add your proficiency bonus to ability checks you make to play a game with that set. Each type of gaming set requires a separate proficiency.</p>
		</description>
		<rules>
    			<grant name="ID_WOTC_PHB24_PROFICIENCY_GAMING_SET_PROFICIENCY_DICE_SET" type="Proficiency" />
    			<grant name="ID_WOTC_PHB24_PROFICIENCY_GAMING_SET_PROFICIENCY_DRAGONCHESS_SET" type="Proficiency" />
			<grant name="ID_WOTC_PHB24_PROFICIENCY_GAMING_SET_PROFICIENCY_PLAYING_CARD_SET" type="Proficiency" />
			<grant name="ID_WOTC_PHB24_PROFICIENCY_GAMING_SET_PROFICIENCY_THREE_DRAGON_ANTE_SET" type="Proficiency" />
		</rules>
	</element>

	<element name="Tool Proficiency (Dice set)" type="Proficiency" source="Player’s Handbook 2024"  id="ID_WOTC_PHB24_PROFICIENCY_GAMING_SET_PROFICIENCY_DICE_SET">
		<supports>Tool, Tool 2024, Gaming Set</supports>
		<requirements />
		<description>
			<p></p>
		</description>
		<rules />
	</element>
	<element name="Tool Proficiency (Dragonchess set)" type="Proficiency" source="Player’s Handbook 2024"  id="ID_WOTC_PHB24_PROFICIENCY_GAMING_SET_PROFICIENCY_DRAGONCHESS_SET">
		<supports>Tool, Tool 2024, Gaming Set</supports>
		<requirements />
		<description>
			<p></p>
		</description>
		<rules />
	</element>
	<element name="Tool Proficiency (Playing card set)" type="Proficiency" source="Player’s Handbook 2024"  id="ID_WOTC_PHB24_PROFICIENCY_GAMING_SET_PROFICIENCY_PLAYING_CARD_SET">
		<supports>Tool, Tool 2024, Gaming Set</supports>
		<requirements />
		<description>
			<p></p>
		</description>
		<rules />
	</element>
	<element name="Tool Proficiency (Three-Dragon Ante set)" type="Proficiency" source="Player’s Handbook 2024"  id="ID_WOTC_PHB24_PROFICIENCY_GAMING_SET_PROFICIENCY_THREE_DRAGON_ANTE_SET">
		<supports>Tool, Tool 2024, Gaming Set</supports>
		<requirements />
		<description>
			<p></p>
		</description>
		<rules />
	</element>

</elements>
