<?xml version="1.0" encoding="utf-8" ?>
<elements>
	<info>
		<name>Mastery Properties</name>
		<description>The Mastery Properties for martials from the new Player’s Handbook.</description>
		<author url="http://dnd.wizards.com/products/tabletop-games/rpg-products/rpg_playershandbook">Wizards of the Coast</author>
		<update version="0.0.1">
			<file name="weapon-mastery-properties.xml" url="https://raw.githubusercontent.com/Netrinil/Aurora/master/core/players-handbook-2024/misc/weapon-mastery-properties.xml" />
		</update>
	</info>

	<element name="Cleave" type="Class Feature" source="Player’s Handbook 2024" id="ID_WOTC_PHB24_CLASS_FEATURE_WPM_CLEAVE">
		<compendium display="false" />
		<supports>Weapon Mastery</supports>
		<requirements>(ID_WOTC_PHB24_PROFICIENCY_WEAPON_PROFICIENCY_GREATAXE||ID_WOTC_PHB24_PROFICIENCY_WEAPON_PROFICIENCY_HALBERD)</requirements>
		<description>
			<p>If you hit a creature with a melee attack roll using this weapon, you can make a melee attack roll with the weapon against a second creature within 5 feet of the first that is also within your reach. On a hit, the second creature takes the weapon's damage, but don't add your ability modifier to that damage unless that modifier is negative. You can make this extra attack only once per turn.</p>
		</description>
		<sheet usage="1/Turn">
			<description>If you hit a creature with a melee attack roll using this weapon, you can make a melee attack roll with the weapon against a second creature within 5 feet of the first that is also within your reach. On a hit, the second creature takes the weapon's damage, but don't add your ability modifier to that damage unless that modifier is negative.</description>
		</sheet>
	</element>
	<element name="Cleave" type="Weapon Property" source="Player’s Handbook 2024" id="ID_WOTC_PHB24_WEAPON_PROPERTY_CLEAVE">
		<description>
			<p>If you hit a creature with a melee attack roll using this weapon, you can make a melee attack roll with the weapon against a second creature within 5 feet of the first that is also within your reach. On a hit, the second creature takes the weapon's damage, but don't add your ability modifier to that damage unless that modifier is negative. You can make this extra attack only once per turn.</p>
		</description>
	</element>

	<element name="Graze" type="Class Feature" source="Player’s Handbook 2024" id="ID_WOTC_PHB24_CLASS_FEATURE_WPM_GRAZE">
		<compendium display="false" />
		<supports>Weapon Mastery</supports>
		<requirements>(ID_WOTC_PHB24_PROFICIENCY_WEAPON_PROFICIENCY_GLAIVE||ID_WOTC_PHB24_PROFICIENCY_WEAPON_PROFICIENCY_GREATSWORD)</requirements>
		<description>
			<p>If your attack roll with this weapon misses a creature, you can deal damage to that creature equal to the ability modifier you used to make the attack roll. This damage is the same type dealt by the weapon, and the damage can be increased only by increasing the ability modifier.</p>
		</description>
		<sheet>
			<description>If your attack roll with this weapon misses a creature, you can deal damage to that creature equal to the ability modifier you used to make the attack roll. This damage is the same type dealt by the weapon, and the damage can be increased only by increasing the ability modifier.</description>
		</sheet>
	</element>
	<element name="Graze" type="Weapon Property" source="Player’s Handbook 2024" id="ID_WOTC_PHB24_WEAPON_PROPERTY_GRAZE">
		<description>
			<p>If your attack roll with this weapon misses a creature, you can deal damage to that creature equal to the ability modifier you used to make the attack roll. This damage is the same type dealt by the weapon, and the damage can be increased only by increasing the ability modifier.</p>
		</description>
	</element>

	<element name="Nick" type="Class Feature" source="Player’s Handbook 2024" id="ID_WOTC_PHB24_CLASS_FEATURE_WPM_NICK">
		<compendium display="false" />
		<supports>Weapon Mastery</supports>
		<requirements>(ID_WOTC_PHB24_PROFICIENCY_WEAPON_PROFICIENCY_DAGGER||ID_WOTC_PHB24_PROFICIENCY_WEAPON_PROFICIENCY_LIGHT_HAMMER||ID_WOTC_PHB24_PROFICIENCY_WEAPON_PROFICIENCY_SICKLE||ID_WOTC_PHB24_PROFICIENCY_WEAPON_PROFICIENCY_SCIMITAR)</requirements>
		<description>
			<p>When you make the extra attack of the Light property, you can make it as part of the Attack action instead of as a Bonus Action. You can make this extra attack only once per turn.</p>
		</description>
		<sheet usage="1/Turn">
			<description>When you make the extra attack of the Light property, you can make it as part of the Attack action instead of as a Bonus Action.</description>
		</sheet>
	</element>
	<element name="Nick" type="Weapon Property" source="Player’s Handbook 2024" id="ID_WOTC_PHB24_WEAPON_PROPERTY_NICK">
		<description>
			<p>When you make the extra attack of the Light property, you can make it as part of the Attack action instead of as a Bonus Action. You can make this extra attack only once per turn.</p>
		</description>
	</element>

	<element name="Push" type="Class Feature" source="Player’s Handbook 2024" id="ID_WOTC_PHB24_CLASS_FEATURE_WPM_PUSH">
		<compendium display="false" />
		<supports>Weapon Mastery</supports>
		<requirements>(ID_WOTC_PHB24_PROFICIENCY_WEAPON_PROFICIENCY_GREATCLUB||ID_WOTC_PHB24_PROFICIENCY_WEAPON_PROFICIENCY_PIKE||ID_WOTC_PHB24_PROFICIENCY_WEAPON_PROFICIENCY_WARHAMMER||ID_WOTC_PHB24_PROFICIENCY_WEAPON_PROFICIENCY_CROSSBOW_HEAVY)</requirements>
		<description>
			<p>If you hit a creature with this weapon, you can push the creature up to 10 feet straight away from yourself if it is Large or smaller.</p>
		</description>
		<sheet>
			<description>If you hit a creature with this weapon, you can push the creature up to 10 feet straight away from yourself if it is Large or smaller.</description>
		</sheet>
	</element>
	<element name="Push" type="Weapon Property" source="Player’s Handbook 2024" id="ID_WOTC_PHB24_WEAPON_PROPERTY_PUSH">
		<description>
			<p>If you hit a creature with this weapon, you can push the creature up to 10 feet straight away from yourself if it is Large or smaller.</p>
		</description>
	</element>

	<element name="Sap" type="Class Feature" source="Player’s Handbook 2024" id="ID_WOTC_PHB24_CLASS_FEATURE_WPM_SAP">
		<compendium display="false" />
		<supports>Weapon Mastery</supports>
		<requirements>(ID_WOTC_PHB24_PROFICIENCY_WEAPON_PROFICIENCY_MACE||ID_WOTC_PHB24_PROFICIENCY_WEAPON_PROFICIENCY_SPEAR||ID_WOTC_PHB24_PROFICIENCY_WEAPON_PROFICIENCY_FLAIL||ID_WOTC_PHB24_PROFICIENCY_WEAPON_PROFICIENCY_LONGSWORD||ID_WOTC_PHB24_PROFICIENCY_WEAPON_PROFICIENCY_MORNINGSTAR||ID_WOTC_PHB24_PROFICIENCY_WEAPON_PROFICIENCY_WAR_PICK)</requirements>
		<description>
			<p>If you hit a creature with this weapon, that creature has Disadvantage on its next attack roll before the start of your next turn.</p>
		</description>
		<sheet>
			<description>If you hit a creature with this weapon, that creature has Disadvantage on its next attack roll before the start of your next turn.</description>
		</sheet>
	</element>
	<element name="Sap" type="Weapon Property" source="Player’s Handbook 2024" id="ID_WOTC_PHB24_WEAPON_PROPERTY_SAP">
		<description>
			<p>If you hit a creature with this weapon, that creature has Disadvantage on its next attack roll before the start of your next turn.</p>
		</description>
	</element>

	<element name="Slow" type="Class Feature" source="Player’s Handbook 2024" id="ID_WOTC_PHB24_CLASS_FEATURE_WPM_SLOW">
		<compendium display="false" />
		<supports>Weapon Mastery</supports>
		<requirements>(ID_WOTC_PHB24_PROFICIENCY_WEAPON_PROFICIENCY_CLUB||ID_WOTC_PHB24_PROFICIENCY_WEAPON_PROFICIENCY_JAVELIN||ID_WOTC_PHB24_PROFICIENCY_WEAPON_PROFICIENCY_CROSSBOW_LIGHT||ID_WOTC_PHB24_PROFICIENCY_WEAPON_PROFICIENCY_LONGSWORD||ID_WOTC_PHB24_PROFICIENCY_WEAPON_PROFICIENCY_MORNINGSTAR||ID_WOTC_PHB24_PROFICIENCY_WEAPON_PROFICIENCY_WHIP)</requirements>
		<description>
			<p>If you hit a creature with this weapon and deal damage to it, you can reduce its Speed by 10 feet until the start of your next turn. If the creature is hit more than once by weapons that have this property, the Speed reduction doesn't exceed 10 feet.</p>
		</description>
		<sheet>
			<description>If you hit a creature with this weapon and deal damage to it, you can reduce its Speed by 10 feet until the start of your next turn. If the creature is hit more than once by weapons that have this property, the Speed reduction doesn't exceed 10 feet.</description>
		</sheet>
	</element>
	<element name="Slow" type="Weapon Property" source="Player’s Handbook 2024" id="ID_WOTC_PHB24_WEAPON_PROPERTY_SLOW">
		<description>
			<p>If you hit a creature with this weapon and deal damage to it, you can reduce its Speed by 10 feet until the start of your next turn. If the creature is hit more than once by weapons that have this property, the Speed reduction doesn't exceed 10 feet.</p>
		</description>
	</element>

	<element name="Topple" type="Class Feature" source="Player’s Handbook 2024" id="ID_WOTC_PHB24_CLASS_FEATURE_WPM_TOPPLE">
		<compendium display="false" />
		<supports>Weapon Mastery</supports>
		<requirements>(ID_WOTC_PHB24_PROFICIENCY_WEAPON_PROFICIENCY_QUARTERSTAFF||ID_WOTC_PHB24_PROFICIENCY_WEAPON_PROFICIENCY_BATTLEAXE||ID_WOTC_PHB24_PROFICIENCY_WEAPON_PROFICIENCY_LANCE||ID_WOTC_PHB24_PROFICIENCY_WEAPON_PROFICIENCY_MAUL||ID_WOTC_PHB24_PROFICIENCY_WEAPON_PROFICIENCY_TRIDENT)</requirements>
		<description>
			<p>If you hit a creature with this weapon, you can force the creature to make a Constitution saving throw (DC 8 plus the ability modifier used to make the attack roll and your Proficiency Bonus). On a failed save, the creature has the Prone condition.</p>
		</description>
		<sheet>
			<description>If you hit a creature with this weapon, you can force the creature to make a Constitution saving throw (DC 8 + the ability modifier used to make the attack roll and your PB). On a failed save, the creature has the Prone condition.</description>
		</sheet>
	</element>
	<element name="Topple" type="Weapon Property" source="Player’s Handbook 2024" id="ID_WOTC_PHB24_WEAPON_PROPERTY_TOPPLE">
		<description>
			<p>If you hit a creature with this weapon, you can force the creature to make a Constitution saving throw (DC 8 plus the ability modifier used to make the attack roll and your Proficiency Bonus). On a failed save, the creature has the Prone condition.</p>
		</description>
	</element>

	<element name="Vex" type="Class Feature" source="Player’s Handbook 2024" id="ID_WOTC_PHB24_CLASS_FEATURE_WPM_VEX">
		<compendium display="false" />
		<supports>Weapon Mastery</supports>
		<requirements>(ID_WOTC_PHB24_PROFICIENCY_WEAPON_PROFICIENCY_HANDAXE||ID_WOTC_PHB24_PROFICIENCY_WEAPON_PROFICIENCY_DART||ID_WOTC_PHB24_PROFICIENCY_WEAPON_PROFICIENCY_SHORTBOW||ID_WOTC_PHB24_PROFICIENCY_WEAPON_PROFICIENCY_RAPIER||ID_WOTC_PHB24_PROFICIENCY_WEAPON_PROFICIENCY_SHORTSWORD||ID_WOTC_PHB24_PROFICIENCY_WEAPON_PROFICIENCY_BLOWGUN||ID_WOTC_PHB24_PROFICIENCY_WEAPON_PROFICIENCY_CROSSBOW_HAND||ID_WOTC_PHB24_PROFICIENCY_WEAPON_PROFICIENCY_PISTOL)</requirements>
		<description>
			<p>If you hit a creature with this weapon and deal damage to the creature, you have Advantage on your next attack roll against that creature before the end of your next turn.</p>
		</description>
		<sheet>
			<description>If you hit a creature with this weapon and deal damage to the creature, you have Advantage on your next attack roll against that creature before the end of your next turn.</description>
		</sheet>
	</element>
	<element name="Vex" type="Weapon Property" source="Player’s Handbook 2024" id="ID_WOTC_PHB24_WEAPON_PROPERTY_VEX">
		<description>
			<p>If you hit a creature with this weapon and deal damage to the creature, you have Advantage on your next attack roll against that creature before the end of your next turn.</p>
		</description>
	</element>

</elements>