<?xml version="1.0" encoding="utf-8" ?>
<elements>
	<info>
		<name>Druid</name>
		<description>The Druid class from the Player’s Handbook 2024.</description>

		<author url="https://dndstore.wizards.com/us/en/product/1001494/2024-player-s-handbook-digital-plus-physical-bundle">Wizards of the Coast</author>
		<update version="0.0.7">
			<file name="class-druid.xml" url="https://raw.githubusercontent.com/Netrinil/Aurora/master/core/players-handbook-2024/classes/class-druid.xml" />
		</update>
	</info>

	<element name="Druid" type="Class" source="Player’s Handbook 2024" id="ID_WOTC_PHB24_CLASS_DRUID">
		<description>
			<p>Druids belong to ancient orders that call on the forces of nature. Harnessing the magic of animals, plants, and the four elements, Druids heal, transform into animals, and wield elemental destruction.</p>
			<p class="indent">Revering nature above all, individual Druids gain their magic from nature, a nature deity, or both, and they typically unite with other Druids to perform rites that mark the passage of the seasons and other natural cycles.</p>
			<p class="indent">Druids are concerned with the delicate ecological balance that sustains plant and animal life and with the need for people to live in harmony with nature. Druids often guard sacred sites or watch over regions of unspoiled nature, but when a significant danger arises, Druids take a more active role as adventurers who combat the threat.</p>
			<table>
				<thead>
					<tr><td>Core Druid Traits</td></tr>
				</thead>
				<tr><td>Primary Ability</td><td class="left">Wisdom </td></tr>
				<tr><td>Hit Point Die</td><td class="left">D8 per Druid level</td></tr>
				<tr><td>Saving Throw Proficiencies</td><td class="left">Intelligence and Wisdom</td></tr>
				<tr><td>Skill Proficiencies</td><td class="left"><i>Choose 2:</i>  Arcana, Animal Handling, Insight, Medicine, Nature, Perception, Religion, or Survival</td></tr>
				<tr><td>Weapon Proficiencies</td><td class="left">Simple weapons</td></tr>
				<tr><td>Tool Proficiencies</td><td class="left">Herbalism Kit</td></tr>
				<tr><td>Armor Training</td><td class="left">Light armor and Shields</td></tr>
				<tr><td>Starting Equipment</td><td class="left"><i> Choose A or B:</i> (A) Leather Armor, Shield, Sickle, Druidic Focus (Quarterstaff), Explorer’s Pack, Herbalism kit, 9 GP; or (B) 50 GP</td></tr>
			</table>
			<h3>BECOMING A DRUID ...</h3>
			<h4>As A Level 1 Character</h4>
			<ul>
				<li>Gain all the traits in the Core Druid Traits table.</li>
				<li>Gain the Druid’s level 1 features which are listed in the Druid Features table.</li>
			</ul>
			<h4>As A Multiclass Character</h4>
			<ul>
				<li>Gain the Hit Point Die trait from the Core Druid Traits table.</li>
				<li>Gain the Druid’s level 1 features which are listed in the Druid Features table</li>
				<li>Gain training with Light armor and Shields</li>
			</ul>
			<h5 class="caption">DRUID FEATURES</h5>
			<table class="class-features">
				<thead>
					<tr><td class="col-5">Level</td><td class="left">Features</td><td class="col-5">Wild Shapes</td><td class="col-5">Cantrips</td><td class="col-10">Prepared Spells</td><td>1st</td><td>2nd</td><td>3rd</td><td>4th</td><td>5th</td><td>6th</td><td>7th</td><td>8th</td><td>9th</td></tr>
				</thead>
				<tr><td> 1st</td><td class="left">Druidic, Primal Order, Spellcasting</td><td>—</td><td>2</td><td>4</td><td>2</td><td>—</td><td>—</td><td>—</td><td>—</td><td>—</td><td>—</td><td>—</td><td>—</td></tr>
				<tr><td> 2nd</td><td class="left">Wild Companion, Wild Shape</td><td>2</td><td>2</td><td>5</td><td>3</td><td>—</td><td>—</td><td>—</td><td>—</td><td>—</td><td>—</td><td>—</td><td>—</td></tr>
				<tr><td> 3rd</td><td class="left">Druid Subclass</td><td>2</td><td>2</td><td>6</td><td>4</td><td>2</td><td>—</td><td>—</td><td>—</td><td>—</td><td>—</td><td>—</td><td>—</td></tr>
				<tr><td> 4th</td><td class="left">Ability Score Improvement</td><td>2</td><td>3</td><td>7</td><td>4</td><td>3</td><td>—</td><td>—</td><td>—</td><td>—</td><td>—</td><td>—</td><td>—</td></tr>
				<tr><td> 5th</td><td class="left">Wild Resurgence</td><td>2</td><td>3</td><td>9</td><td>4</td><td>3</td><td>2</td><td>—</td><td>—</td><td>—</td><td>—</td><td>—</td><td>—</td></tr>
				<tr><td> 6th</td><td class="left">Subclass Feature</td><td>3</td><td>3</td><td>10</td><td>4</td><td>3</td><td>3</td><td>—</td><td>—</td><td>—</td><td>—</td><td>—</td><td>—</td></tr>
				<tr><td> 7th</td><td class="left">Elemental Fury</td><td>3</td><td>3</td><td>11</td><td>4</td><td>3</td><td>3</td><td>1</td><td>—</td><td>—</td><td>—</td><td>—</td><td>—</td></tr>
				<tr><td> 8th</td><td class="left">Ability Score Improvement</td><td>3</td><td>3</td><td>12</td><td>4</td><td>3</td><td>3</td><td>2</td><td>—</td><td>—</td><td>—</td><td>—</td><td>—</td></tr>
				<tr><td> 9th</td><td class="left">—</td><td>3</td><td>3</td><td>14</td><td>4</td><td>3</td><td>3</td><td>3</td><td>1</td><td>—</td><td>—</td><td>—</td><td>—</td></tr>
				<tr><td>10th</td><td class="left">Subclass Feature</td><td>3</td><td>4</td><td>15</td><td>4</td><td>3</td><td>3</td><td>3</td><td>2</td><td>—</td><td>—</td><td>—</td><td>—</td></tr>
				<tr><td>11th</td><td class="left">—</td><td>3</td><td>4</td><td>16</td><td>4</td><td>3</td><td>3</td><td>3</td><td>2</td><td>1</td><td>—</td><td>—</td><td>—</td></tr>
				<tr><td>12th</td><td class="left">Ability Score Improvement</td><td>3</td><td>4</td><td>16</td><td>4</td><td>3</td><td>3</td><td>3</td><td>2</td><td>1</td><td>—</td><td>—</td><td>—</td></tr>
				<tr><td>13th</td><td class="left">—</td><td>3</td><td>4</td><td>17</td><td>4</td><td>3</td><td>3</td><td>3</td><td>2</td><td>1</td><td>1</td><td>—</td><td>—</td></tr>
				<tr><td>14th</td><td class="left">Subclass Feature</td><td>3</td><td>4</td><td>17</td><td>4</td><td>3</td><td>3</td><td>3</td><td>2</td><td>1</td><td>1</td><td>—</td><td>—</td></tr>
				<tr><td>15th</td><td class="left">Improved Elemental Fury</td><td>3</td><td>4</td><td>18</td><td>4</td><td>3</td><td>3</td><td>3</td><td>2</td><td>1</td><td>1</td><td>1</td><td>—</td></tr>
				<tr><td>16th</td><td class="left">Ability Score Improvement</td><td>3</td><td>4</td><td>18</td><td>4</td><td>3</td><td>3</td><td>3</td><td>2</td><td>1</td><td>1</td><td>1</td><td>—</td></tr>
				<tr><td>17th</td><td class="left">—</td><td>4</td><td>4</td><td>19</td><td>4</td><td>3</td><td>3</td><td>3</td><td>2</td><td>1</td><td>1</td><td>1</td><td>1</td></tr>
				<tr><td>18th</td><td class="left">Beast Spells</td><td>4</td><td>4</td><td>20</td><td>4</td><td>3</td><td>3</td><td>3</td><td>3</td><td>1</td><td>1</td><td>1</td><td>1</td></tr>
				<tr><td>19th</td><td class="left">Epic Boon</td><td>4</td><td>4</td><td>21</td><td>4</td><td>3</td><td>3</td><td>3</td><td>3</td><td>2</td><td>1</td><td>1</td><td>1</td></tr>
				<tr><td>20th</td><td class="left">Archdruid</td><td>4</td><td>4</td><td>22</td><td>4</td><td>3</td><td>3</td><td>3</td><td>3</td><td>2</td><td>2</td><td>1</td><td>1</td></tr>
			</table>
			<h3>DRUID CLASS FEATURES</h3>
			<p>As a Druid, you gain the following class features when you reach the specified Druid levels. These features are listed in the Druid Features table.</p>
			<div element="ID_WOTC_PHB24_CLASS_FEATURE_DRUID_DRUIDIC"/>
			<div element="ID_WOTC_PHB24_CLASS_FEATURE_DRUID_PRIMAL_ORDER"/>
			<div element="ID_WOTC_PHB24_CLASS_FEATURE_DRUID_SPELLCASTING"/>
			<div element="ID_WOTC_PHB24_CLASS_FEATURE_DRUID_WILD_COMPANION"/>
			<div element="ID_WOTC_PHB24_CLASS_FEATURE_DRUID_WILD_SHAPE"/>
			<div element="ID_WOTC_PHB24_CLASS_FEATURE_DRUID_DRUID_CIRCLE"/>
			<div element="ID_WOTC_PHB24_CLASS_FEATURE_DRUID_ABILITY_SCORE_IMPROVEMENT"/>
			<div element="ID_WOTC_PHB24_CLASS_FEATURE_DRUID_WILD_RESURGENCE"/>
			<div element="ID_WOTC_PHB24_CLASS_FEATURE_DRUID_ELEMENTAL_FURY"/>
			<div element="ID_WOTC_PHB24_CLASS_FEATURE_DRUID_IMPROVED_ELEMENTAL_FURY"/>
			<div element="ID_WOTC_PHB24_CLASS_FEATURE_DRUID_BEAST_SPELLS"/>
			<div element="ID_WOTC_PHB24_CLASS_FEATURE_DRUID_EPIC_BOON"/>
			<div element="ID_WOTC_PHB24_CLASS_FEATURE_DRUID_ARCHDRUID"/>
		</description>
		<sheet display="false">
			<description>A Nature Priest of Primal Power</description>
		</sheet>
		<setters>
			<set name="short">A Nature Priest of Primal Power</set>
			<set name="hd">d8</set>
		</setters>
		<rules>
			<grant type="Proficiency" id="ID_WOTC_PHB24_PROFICIENCY_WEAPON_PROFICIENCY_SIMPLE_WEAPONS" requirements="!ID_WOTC_PHB24_MULTICLASS_DRUID"/>
			<grant type="Proficiency" id="ID_WOTC_PHB24_PROFICIENCY_ARMOR_PROFICIENCY_LIGHT_ARMOR" requirements="!ID_WOTC_PHB24_MULTICLASS_DRUID"/>
			<grant type="Proficiency" id="ID_WOTC_PHB24_PROFICIENCY_ARMOR_PROFICIENCY_SHIELDS" requirements="!ID_WOTC_PHB24_MULTICLASS_DRUID"/>
			<grant type="Proficiency" id="ID_PROFICIENCY_WEAPON_PROFICIENCY_SIMPLE_WEAPONS" requirements="!ID_WOTC_PHB24_MULTICLASS_DRUID, ID_WOTC_SOURCE_PLAYERS_HANDBOOK"/>
			<grant type="Proficiency" id="ID_PROFICIENCY_ARMOR_PROFICIENCY_LIGHT_ARMOR" requirements="!ID_WOTC_PHB24_MULTICLASS_DRUID, ID_WOTC_SOURCE_PLAYERS_HANDBOOK"/>
			<grant type="Proficiency" id="ID_PROFICIENCY_ARMOR_PROFICIENCY_SHIELDS" requirements="!ID_WOTC_PHB24_MULTICLASS_DRUID, ID_WOTC_SOURCE_PLAYERS_HANDBOOK"/>
			<grant type="Proficiency" id="ID_WOTC_PHB24_PROFICIENCY_SAVINGTHROW_INTELLIGENCE" requirements="!ID_WOTC_PHB24_MULTICLASS_DRUID"/>
			<grant type="Proficiency" id="ID_WOTC_PHB24_PROFICIENCY_SAVINGTHROW_WISDOM" requirements="!ID_WOTC_PHB24_MULTICLASS_DRUID"/>
			<select type="Proficiency" name="Skill Proficiency (Druid)" supports="Skill 2024,Druid,!Expertise" number="2" requirements="!ID_WOTC_PHB24_MULTICLASS_DRUID" />
			<grant type="Class Feature" id="ID_WOTC_PHB24_CLASS_FEATURE_DRUID_DRUIDIC" level="1" />
			<grant type="Class Feature" id="ID_WOTC_PHB24_CLASS_FEATURE_DRUID_PRIMAL_ORDER" level="1"/>
			<grant type="Class Feature" id="ID_WOTC_PHB24_CLASS_FEATURE_DRUID_SPELLCASTING" level="1"/>
			<grant type="Class Feature" id="ID_WOTC_PHB24_CLASS_FEATURE_DRUID_WILD_COMPANION" level="2"/>
			<grant type="Class Feature" id="ID_WOTC_PHB24_CLASS_FEATURE_DRUID_WILD_SHAPE" level="2"/>
			<grant type="Class Feature" id="ID_WOTC_PHB24_CLASS_FEATURE_DRUID_DRUID_CIRCLE" level="3" />
			<grant type="Class Feature" id="ID_WOTC_PHB24_CLASS_FEATURE_DRUID_ABILITY_SCORE_IMPROVEMENT" level="4" />
			<grant type="Class Feature" id="ID_WOTC_PHB24_CLASS_FEATURE_DRUID_WILD_RESURGENCE" level="5" />
			<grant type="Class Feature" id="ID_WOTC_PHB24_CLASS_FEATURE_DRUID_ELEMENTAL_FURY" level="7" />
			<grant type="Class Feature" id="ID_WOTC_PHB24_CLASS_FEATURE_DRUID_IMPROVED_ELEMENTAL_FURY" level="15" />
			<grant type="Class Feature" id="ID_WOTC_PHB24_CLASS_FEATURE_DRUID_BEAST_SPELLS" level="18" />
			<grant type="Class Feature" id="ID_WOTC_PHB24_CLASS_FEATURE_DRUID_EPIC_BOON" level="19" />
			<grant type="Class Feature" id="ID_WOTC_PHB24_CLASS_FEATURE_DRUID_ARCHDRUID" level="20" />
		</rules>
		<multiclass id="ID_WOTC_PHB24_MULTICLASS_DRUID">
			<prerequisite>Wisdom 13</prerequisite>
			<requirements>[wis:13]</requirements>
			<setters>
				<set name="multiclass proficiencies">Light armor and Shields</set>
			</setters>
			<rules>
				<grant type="Grants" id="ID_INTERNAL_GRANT_MULTICLASS" />
				<grant type="Proficiency" id="ID_WOTC_PHB24_PROFICIENCY_ARMOR_PROFICIENCY_LIGHT_ARMOR" />
				<grant type="Proficiency" id="ID_WOTC_PHB24_PROFICIENCY_ARMOR_PROFICIENCY_SHIELDS" />
				<grant type="Proficiency" id="ID_PROFICIENCY_ARMOR_PROFICIENCY_LIGHT_ARMOR" requirements="ID_WOTC_SOURCE_PLAYERS_HANDBOOK"/>
				<grant type="Proficiency" id="ID_PROFICIENCY_ARMOR_PROFICIENCY_SHIELDS" requirements="ID_WOTC_SOURCE_PLAYERS_HANDBOOK"/>
			</rules>
		</multiclass>
	</element>

	<element name="Level 1: Druidic" type="Class Feature" source="Player’s Handbook 2024" id="ID_WOTC_PHB24_CLASS_FEATURE_DRUID_DRUIDIC">
		<requirements>!ID_INTERNAL_FEATURE_REPLACEMENT_DRUID_24_DRUIDIC</requirements>
		<description>
			<p>You know Druidic, the secret language of Druids. While learning this ancient tongue, you also unlocked the magic of communicating with animals; you always have the <i>Speak with Animals</i> spell prepared.</p>
			<p class="indent">You can use Druidic to leave hidden messages. You and others who know Druidic automatically spot such a message. Others spot the message’s presence with a successful DC 15 Intelligence (Investigation) check but can’t decipher it without magic.</p>
			<div class="reference">
				<!--<div element="ID_PHB_SPELL_SPEAK_WITH_ANIMALS" />-->
				<div element="ID_WOTC_PHB24_SPELL_SPEAK_WITH_ANIMALS" />
			</div>
		</description>
		<sheet alt="Druidic">
			<description>You can use Druidic to leave hidden messages. You and others who know Druidic automatically spot such a message. Others spot the message’s presence with a successful DC 15 Intelligence (Investigation) check but can’t decipher it without magic.</description>
		</sheet>
		<rules>
			<grant type="Spell" id="ID_WOTC_PHB24_SPELL_SPEAK_WITH_ANIMALS" spellcasting="Druid" prepared="true" />
			<grant type="Language" id="ID_WOTC_PHB24_LANGUAGE_DRUIDIC" />
		</rules>
	</element>
	<element name="Level 1: Primal Order" type="Class Feature" source="Player’s Handbook 2024" id="ID_WOTC_PHB24_CLASS_FEATURE_DRUID_PRIMAL_ORDER">
		<requirements>!ID_INTERNAL_FEATURE_REPLACEMENT_DRUID_24_PRIMAL_ORDER</requirements>
		<description>
			<p>You have dedicated yourself to one of the following sacred roles of your choice.</p>
			<p class="indent"><em><strong>Magician.</strong></em> You know one extra cantrip from the Druid spell list. In addition, your mystical connection to nature gives you a bonus to your Intelligence (Arcana or Nature) checks. The bonus equals your Wisdom modifier (minimum bonus of +1).</p>
			<p class="indent"><em><strong>Warden.</strong></em> Trained for battle, you gain proficiency with Martial weapons and training with Medium armor.</p>
		</description>
		<sheet display="false" />
		<rules>
			<select type="Class Feature" name="Primal Order (Druid)" supports="Primal Order" number="1" />
		</rules>
	</element>
	<element name="Magician" type="Class Feature" source="Player’s Handbook 2024" id="ID_WOTC_PHB24_CLASS_FEATURE_DRUID_PRIMAL_ORDER_MAGICIAN">
		<supports>Primal Order</supports>
		<requirements>!ID_INTERNAL_FEATURE_REPLACEMENT_DRUID_24_PRIMAL_ORDER_MAGICIAN</requirements>
		<description>
			<p>You know one extra cantrip from the Druid spell list. In addition, your mystical connection to nature gives you a bonus to your Intelligence (Arcana or Nature) checks. The bonus equals your Wisdom modifier (minimum bonus of +1).</p>
		</description>
		<sheet alt="Primal Order: Magician" >
			<description>Your mystical connection to nature gives you a +{{primal order:magician bonus}} to your Intelligence (Arcana or Nature) checks. (already included in your skill modifiers)</description>
		</sheet>
		<rules>
			<select type="Spell" name="Primal Order (Magician)" supports="$(spellcasting:list), 0" number="1" spellcasting="Druid" />
			<stat name="primal order:magician bonus" value="1" bonus="primal order" />
			<stat name="primal order:magician bonus" value="wisdom:modifier" bonus="primal order" />
			<stat name="arcana:misc" value="primal order:magician bonus" />
			<stat name="nature:misc" value="primal order:magician bonus" />
		</rules>
	</element>
	<element name="Warden" type="Class Feature" source="Player’s Handbook 2024" id="ID_WOTC_PHB24_CLASS_FEATURE_DRUID_PRIMAL_ORDER_WARDEN">
		<supports>Primal Order</supports>
		<requirements>!ID_INTERNAL_FEATURE_REPLACEMENT_DRUID_24_PRIMAL_ORDER_WARDEN</requirements>
		<description>
			<p>Trained for battle, you gain proficiency with Martial weapons and training with Medium armor.</p>
		</description>
		<sheet alt="Primal Order: Warden" >
			<description>Trained for battle, you gain proficiency with Martial weapons and training with Medium armor.</description>
		</sheet>
		<rules>
				<grant type="Proficiency" id="ID_PROFICIENCY_WEAPON_PROFICIENCY_MARTIAL_WEAPONS" />
				<grant type="Proficiency" id="ID_PROFICIENCY_ARMOR_PROFICIENCY_MEDIUM_ARMOR" />
		</rules>
	</element>

	<element name="Level 1: Spellcasting" type="Class Feature" source="Player’s Handbook 2024" id="ID_WOTC_PHB24_CLASS_FEATURE_DRUID_SPELLCASTING">
		<requirements>!ID_INTERNAL_FEATURE_REPLACEMENT_DRUID_24_SPELLCASTING</requirements>
		<description>
			<p>You have learned to cast spells through studying the mystical forces of nature. See chapter 7 for the rules on spellcasting. The information below details how you use those rules with Druid spells, which appear on the Druid spell list later in the class’s description.</p>
			<p><em><strong>Cantrips.</strong></em> You know two cantrips of your choice from the Druid spell list. <i>Druidcraft</i> and <i>Produce Flame</i> are recommended.</p>
			<p class="indent">Whenever you gain a Druid level, you can replace one of your cantrips with another cantrip of your choice from the Druid spell list.</p>
			<p class="indent">When you reach Druid levels 4 and 10, you learn another cantrip of your choice from the Druid spell list, as shown in the Cantrips column of the Druid Features table.</p>
			<p><em><strong>Spell Slots.</strong></em> The Druid Features table shows how many spell slots you have to cast your level 1+ spells. You regain all expended slots when you finish a Long Rest.</p>
			<p><em><strong>Prepared Spells of Level 1+.</strong></em> You prepare the list of level 1+ spells that are available for you to cast with this feature. To start, choose four level 1 spells from the Druid spell list. <i>Animal Friendship</i>, <i>Cure Wounds</i>, <i>Faerie Fire</i>, and <i>Thunderwave</i> are recommended.</p>
			<p class="indent">The number of spells on your list increases as you gain Druid levels, as shown in the Prepared Spells column of the Druid Features table. Whenever that number increases, choose additional spells from the Druid spell list until the number of spells on your list matches the number on the table. The chosen spells must be of a level for which you have spell slots. For example, if you’re a level 3 Druid, your list of prepared spells can include six spells of levels 1 and 2 in any combination.</p>
			<p class="indent">If another Druid feature gives you spells that you always have prepared, those spells don’t count against the number of spells you can prepare with this feature, but those spells otherwise count as Druid spells for you.</p>
			<p><em><strong>Changing Your Prepared Spells.</strong></em> Whenever you finish a Long Rest, you can change your list of prepared spells, replacing any of the spells with other Druid spells for which you have spell slots.</p>
			<p><em><strong>Spellcasting Ability</strong></em> Wisdom is your spellcasting ability for your druid spells, since your magic draws upon your devotion and attunement to nature. You use your Wisdom whenever a spell refers to your spellcasting ability. In addition, you use your Wisdom modifier when setting the saving throw DC for a druid spell you cast and when making an attack roll with one.</p>
			<center>
				<p><strong>Spell save DC</strong> = 8 + your proficiency bonus + your Wisdom modifier</p>
				<p><strong>Spell attack modifier</strong> = your proficiency bonus + your Wisdom modifier</p>
			</center>
			<p><em><strong>Spellcasting Focus</strong></em> You can use a Druidic Focus as a Spellcasting Focus for your Druid spells.</p>
		</description>
		<sheet display="false" />
		<spellcasting name="Druid" ability="Wisdom" prepare="true">
			<list known="true">Druid</list>
		</spellcasting>
		<rules>
			<grant type="Grants" id="ID_INTERNAL_GRANT_MULTICLASS_SPELLCASTING_SLOTS_FULL" requirements="ID_INTERNAL_GRANT_MULTICLASS"/>
			<grant type="Grants" id="ID_INTERNAL_RITUAL_CASTING" />
			<stat name="druid:spellcasting:slots:1" value="2" level="1" />
			<stat name="druid:spellcasting:slots:1" value="1" level="2" />
			<stat name="druid:spellcasting:slots:1" value="1" level="3" />
			<stat name="druid:spellcasting:slots:2" value="2" level="3" />
			<stat name="druid:spellcasting:slots:2" value="1" level="4" />
			<stat name="druid:spellcasting:slots:3" value="2" level="5" />
			<stat name="druid:spellcasting:slots:3" value="1" level="6" />
			<stat name="druid:spellcasting:slots:4" value="1" level="7" />
			<stat name="druid:spellcasting:slots:4" value="1" level="8" />
			<stat name="druid:spellcasting:slots:4" value="1" level="9" />
			<stat name="druid:spellcasting:slots:5" value="1" level="9" />
			<stat name="druid:spellcasting:slots:5" value="1" level="10" />
			<stat name="druid:spellcasting:slots:5" value="1" level="18" />
			<stat name="druid:spellcasting:slots:6" value="1" level="11" />
			<stat name="druid:spellcasting:slots:6" value="1" level="19" />
			<stat name="druid:spellcasting:slots:7" value="1" level="13" />
			<stat name="druid:spellcasting:slots:7" value="1" level="20" />
			<stat name="druid:spellcasting:slots:8" value="1" level="15" />
			<stat name="druid:spellcasting:slots:9" value="1" level="17" />

			<stat name="druid:spellcasting:prepare" value="4" level="1"/>
			<stat name="druid:spellcasting:prepare" value="1" level="2"/>
			<stat name="druid:spellcasting:prepare" value="1" level="3"/>
			<stat name="druid:spellcasting:prepare" value="1" level="4"/>
			<stat name="druid:spellcasting:prepare" value="2" level="5"/>
			<stat name="druid:spellcasting:prepare" value="1" level="6"/>
			<stat name="druid:spellcasting:prepare" value="1" level="7"/>
			<stat name="druid:spellcasting:prepare" value="1" level="8"/>
			<stat name="druid:spellcasting:prepare" value="2" level="9"/>
			<stat name="druid:spellcasting:prepare" value="1" level="10"/>
			<stat name="druid:spellcasting:prepare" value="1" level="11"/>
			<stat name="druid:spellcasting:prepare" value="1" level="13"/>
			<stat name="druid:spellcasting:prepare" value="1" level="15"/>
			<stat name="druid:spellcasting:prepare" value="1" level="17"/>
			<stat name="druid:spellcasting:prepare" value="1" level="18"/>
			<stat name="druid:spellcasting:prepare" value="1" level="19"/>
			<stat name="druid:spellcasting:prepare" value="1" level="20"/>

			<select type="Spell" name="Cantrip (Druid)" supports="$(spellcasting:list), 0" level="1" number="2" spellcasting="Druid" />
			<select type="Spell" name="Cantrip (Druid)" supports="$(spellcasting:list), 0" level="4" number="1" spellcasting="Druid" />
			<select type="Spell" name="Cantrip (Druid)" supports="$(spellcasting:list), 0" level="10" number="1" spellcasting="Druid" />
		</rules>
	</element>

	<element name="Level 2: Wild Companion" type="Class Feature" source="Player’s Handbook 2024" id="ID_WOTC_PHB24_CLASS_FEATURE_DRUID_WILD_COMPANION">
		<requirements>!ID_INTERNAL_FEATURE_REPLACEMENT_DRUID_24_WILD_COMPANION</requirements>
		<description>
			<p>You can summon a nature spirit that assumes an animal form to aid you. As a Magic action, you can expend a spell slot or a use of Wild Shape to cast the Find Familiar spell without Material components.</p>
			<p class="indent">When you cast the spell in this way, the familiar is Fey and disappears when you finish a Long Rest.</p>
			<div class="reference">
				<!--<div element="ID_PHB_SPELL_FIND_FAMILIAR" />-->
				<div element="ID_WOTC_PHB24_SPELL_FIND_FAMILIAR" />
			</div>
		</description>
		<sheet alt="Wild Companion" action="Magic Action" usage="Wild Shape">
			<description>you can expend a spell slot or a use of Wild Shape to cast the Find Familiar spell without Material components. This familiar is Fey and disappears when you finish a Long Rest.</description>
		</sheet>
		<rules>
			<!--<grant type="Spell" id="ID_PHB_SPELL_FIND_FAMILIAR" spellcasting="Druid" prepared="true" />-->
			<grant type="Spell" id="ID_WOTC_PHB24_SPELL_FIND_FAMILIAR" spellcasting="Druid" prepared="true" />
		</rules>
	</element>
	<element name="Level 2: Wild Shape" type="Class Feature" source="Player’s Handbook 2024" id="ID_WOTC_PHB24_CLASS_FEATURE_DRUID_WILD_SHAPE">
		<requirements>!ID_INTERNAL_FEATURE_REPLACEMENT_DRUID_24_WILD_SHAPE</requirements>
		<description>
			<p>The power of nature allows you to assume the form of an animal. As a Bonus Action, you shape-shift into a Beast form that you have learned for this feature (see "Known Forms" below). You stay in that form for a number of hours equal to half your Druid level or until you use Wild Shape again, have the Incapacitated condition, or die. You can also leave the form early as a Bonus Action.</p>
			<p><em><strong>Number of Uses.</strong></em> You can use Wild Shape twice. You regain one expended use when you finish a Short Rest, and you regain all expended uses when you finish a Long Rest.</p>
			<p class="indent">You gain additional uses when you reach certain Druid levels, as shown in the Wild Shape column of the Druid Features table.</p>
			<p><em><strong>Known Forms.</strong></em> You know four Beast forms for this feature, chosen from among Beast stat blocks that have a maximum Challenge Rating of 1/4 and that lack a Fly Speed (see appendix B for stat block options). The Rat, Riding Horse, Spider, and Wolf are recommended. Whenever you finish a Long Rest, you can replace one of your known forms with another eligible form.</p>
			<p class="indent">When you reach certain Druid levels, your number of known forms and the maximum Challenge Rating for those forms increases, as shown in the Beast Shapes table. In addition, starting at level 8, you can adopt a form that has a Fly Speed.</p>
			<p class="indent">When choosing known forms, you may look in the Monster Manual or elsewhere for eligible Beasts if the Dungeon Master permits you to do so.</p>
			<h3 class="caption">Beast Shapes</h3>
			<table class="class-features">
				<thead>
					<tr><td class="col-5">Druid Level</td><td>Known Forms</td><td>Max CR</td><td class="left">Fly Speed</td></tr>
				</thead>
				<tr><td> 2</td><td> 4</td><td>1/4</td><td class="left">No</td></tr>
				<tr><td> 4</td><td> 6</td><td>1/2</td><td class="left">No</td></tr>
				<tr><td> 8</td><td> 8</td><td>1</td><td class="left">Yes</td></tr>
			</table>
			<p><em><strong>Rules While Transformed.</strong></em> While in a form, you retain your personality, memories, and ability to speak, and the following rules apply:</p>
			<ul>
				<li><strong>Temporary Hit Points.</strong> When you assume a Wild Shape form, you gain a number of Temporary Hit Points equal to your Druid level.</li>
				<li><strong>Game Statistics.</strong> Your game statistics are replaced by the Beast’s stat block, but you retain your creature type; Hit Points; Hit Point Dice; Intelligence, Wisdom, and Charisma scores; class features; languages; and feats. You also retain your skill and saving throw proficiencies and use your Proficiency Bonus for them, in addition to gaining the proficiencies of the creature. If a skill or saving throw modifier in the Beast’s stat block is higher than yours, use the one in the stat block.</li>
				<li><strong>No Spellcasting.</strong> You can’t cast spells, but shape-shifting doesn’t break your Concentration or otherwise interfere with a spell you’ve already cast.</li>
				<li><strong>Objects.</strong> Your ability to handle objects is determined by the form’s limbs rather than your own. In addition, you choose whether your equipment falls in your space, merges into your new form, or is worn by it. Worn equipment functions as normal, but the DM decides whether it’s practical for the new form to wear a piece of equipment based on the creature’s size and shape. Your equipment doesn’t change size or shape to match the new form, and any equipment that the new form can’t wear must either fall to the ground or merge with the form. Equipment that merges with the form has no effect while you’re in that form.</li>
			</ul>
		</description>
		<sheet alt="Wild Shape" action="Bonus Action" usage="{{druid wild shape:uses}}/Long Rest">
			<description>You can magically assume the form of a Beast you have learned (you can have {{druid wild shape:forms}} Known Forms). You can stay in that form for {{druid wild shape:hours}} hours or until you use Wild Shape again, have the Incapacitated condition, or die. You can also leave the form early as a Bonus Action. &#13;
			You regain one expended use of your Wild Shape when you finish a Short Rest.</description>
		</sheet>
		<rules>
			<grant type="Class Feature" id="ID_WOTC_PHB24_CLASS_FEATURE_DRUID_WILD_SHAPE_FORMS" requirement="!ID_INTERNAL_FEATURE_REPLACEMENT_DRUID_24_WILD_SHAPE_FORMS" />
			<stat name="druid wild shape:forms" value="2" level="2"/>
			<stat name="druid wild shape:forms" value="2" level="4"/>
			<stat name="druid wild shape:forms" value="4" level="8"/>
			<stat name="druid wild shape:uses" value="2" level="2"/>
			<stat name="druid wild shape:uses" value="1" level="6"/>
			<stat name="druid wild shape:uses" value="1" level="17"/>
			<stat name="druid wild shape:hours" value="level:druid:half" />
			<stat name="druid wild shape:thp" value="level:druid" />
		</rules>
	</element>
	<element name="Wild Shape Forms" type="Class Feature" source="Player’s Handbook 2024" id="ID_WOTC_PHB24_CLASS_FEATURE_DRUID_WILD_SHAPE_FORMS">
		<requirements>!ID_INTERNAL_FEATURE_REPLACEMENT_DRUID_24_WILD_SHAPE_FORMS</requirements>
		<compendium display="false" />
		<description />
		<sheet alt="">
			<description>When assuming a Wild Shape form: &#13;
			• The maximum CR of your form is CR 1/4 &#13;
			• You gain {{druid wild shape:thp}} Temporary Hit Points
			• You cannot choose a form with a Fly Speed.</description>
			<description level="4">When assuming a Wild Shape form: &#13;
			• The maximum CR of your form is CR 1/2 &#13;
			• You gain {{druid wild shape:thp}} Temporary Hit Points
			• You cannot choose a form with a Fly Speed.</description>
			<description level="8">When assuming a Wild Shape form: &#13;
			• The maximum CR of your form is CR 1 &#13;
			• You gain {{druid wild shape:thp}} Temporary Hit Points &#13;
			• You can choose a form with a Fly Speed.</description>
		</sheet>
	</element>

	<element name="Level 3: Druid Subclass" type="Class Feature" source="Player’s Handbook 2024" id="ID_WOTC_PHB24_CLASS_FEATURE_DRUID_DRUID_CIRCLE">
		<requirements>!ID_INTERNAL_FEATURE_REPLACEMENT_DRUID_24_DRUID_CIRCLE</requirements>
		<description>
			<p>You gain a Druid subclass of your choice. The Circle of the Land, Circle of the Moon, Circle of the Sea, and Circle of the Stars subclasses are detailed after this class’s description. A subclass is a specialization that grants you features at certain Druid levels. For the rest of your career, you gain each of your subclass’s features that are of your Druid level or lower.</p>
		</description>
		<sheet display="false"/>
		<rules>
			<select type="Archetype" name="Druid Circle" supports="Druid Circle" level="3"/>
		</rules>
	</element>

	<element name="Level 4: Ability Score Improvement" type="Class Feature" source="Player’s Handbook 2024" id="ID_WOTC_PHB24_CLASS_FEATURE_DRUID_ABILITY_SCORE_IMPROVEMENT">
		<requirements>!ID_INTERNAL_FEATURE_REPLACEMENT_DRUID_24_ABILITY_SCORE_IMPROVEMENT</requirements>
		<compendium display="false" />
		<description>
			<p>You gain the Ability Score Improvement feat or another feat of your choice for which you qualify. You gain this feature again at Druid levels 8, 12, and 16.</p>
		</description>
		<sheet display="false" />
		<rules>
			<select type="Feat" name="Ability Score Improvement (Druid 4)" level="4" />
			<select type="Feat" name="Ability Score Improvement (Druid 8)" level="8" />
			<select type="Feat" name="Ability Score Improvement (Druid 12)" level="12" />
			<select type="Feat" name="Ability Score Improvement (Druid 16)" level="16" />
		</rules>
	</element>

	<element name="Level 5: Wild Resurgence" type="Class Feature" source="Player’s Handbook 2024" id="ID_WOTC_PHB24_CLASS_FEATURE_DRUID_WILD_RESURGENCE">
		<requirements>!ID_INTERNAL_FEATURE_REPLACEMENT_DRUID_24_WILD_RESURGENCE</requirements>
		<description>
			<p>Once on each of your turns, if you have no uses of Wild Shape left, you can give yourself one use by expending a spell slot (no action required).</p>
			<p class="indent">In addition, you can expend one use of Wild Shape (no action required) to give yourself a level 1 spell slot, but you can’t do so again until you finish a Long Rest.</p>
		</description>
		<sheet alt="Wild Resurgence" usage="1/Turn">
			<description>If you have no uses of Wild Shape left, you can give yourself one use by expending a spell slot (no action required). &#13;
			In addition, once per Long Rest you can expend one use of Wild Shape (no action required) to give yourself a level 1 spell slot.</description>
		</sheet>

	</element>

	<element name="Level 7: Elemental Fury" type="Class Feature" source="Player’s Handbook 2024" id="ID_WOTC_PHB24_CLASS_FEATURE_DRUID_ELEMENTAL_FURY">
		<requirements>!ID_INTERNAL_FEATURE_REPLACEMENT_DRUID_24_ELEMENTAL_FURY</requirements>
		<description>
			<p>The might of the elements flows through you. You gain one of the following options of your choice.</p>
			<p><em><strong>Potent Spellcasting.</strong></em> Add your Wisdom modifier to the damage you deal with any Druid cantrip.</p>
			<p><em><strong>Primal Strike.</strong></em> Once on each of your turns when you hit a creature with an attack roll using a weapon or a Beast form’s attack in Wild Shape, you can cause the target to take an extra 1d8 Cold, Fire, Lightning, or Thunder damage (choose when you hit).</p>
		</description>
		<sheet display="false" />
		<rules>
			<select type="Class Feature" name="Elemental Fury Option (Druid 7)" supports="Elemental Fury" />
		</rules>
	</element>
	<element name="Potent Spellcasting" type="Class Feature" source="Player’s Handbook 2024" id="ID_WOTC_PHB24_CLASS_FEATURE_DRUID_ELEMENTAL_FURY_POTENT_SPELLCASTING">
		<supports>Elemental Fury</supports>
		<requirements>!ID_INTERNAL_FEATURE_REPLACEMENT_DRUID_24_ELEMENTAL_FURY_POTENT_SPELLCASTING</requirements>
		<description>
			<p>Add your Wisdom modifier to the damage you deal with any Druid cantrip.</p>
		</description>
		<sheet alt="Elemental Fury: Potent Spellcasting">
			<description>Your Druid cantrips deal an additional {{wisdom:modifier}} damage.</description>
			<description level="15">Your Druid cantrips deal an additional {{wisdom:modifier}} damage, and have a range of 300 ft.</description>
		</sheet>
	</element>
	<element name="Primal Strike" type="Class Feature" source="Player’s Handbook 2024" id="ID_WOTC_PHB24_CLASS_FEATURE_DRUID_ELEMENTAL_FURY_PRIMAL_STRIKE">
		<supports>Elemental Fury</supports>
		<requirements>!ID_INTERNAL_FEATURE_REPLACEMENT_DRUID_24_ELEMENTAL_FURY_PRIMAL_STRIKE</requirements>
		<description>
			<p>Once on each of your turns when you hit a creature with an attack roll using a weapon or a Beast form’s attack in Wild Shape, you can cause the target to take an extra 1d8 Cold, Fire, Lightning, or Thunder damage (choose when you hit).</p>
		</description>
		<sheet alt="Elemental Fury: Primal Strike" usage="1/Turn">
			<description>When you hit a creature with an attack roll using a weapon or a Beast form’s attack in Wild Shape, you can cause the target to take an extra 1d8 Cold, Fire, Lightning, or Thunder damage (choose when you hit).</description>
			<description level="15">When you hit a creature with an attack roll using a weapon or a Beast form’s attack in Wild Shape, you can cause the target to take an extra 2d8 Cold, Fire, Lightning, or Thunder damage (choose when you hit).</description>
		</sheet>
	</element>

	<element name="Level 15: Improved Elemental Fury" type="Class Feature" source="Player’s Handbook 2024" id="ID_WOTC_PHB24_CLASS_FEATURE_DRUID_IMPROVED_ELEMENTAL_FURY">
		<requirements>!ID_INTERNAL_FEATURE_REPLACEMENT_DRUID_24_IMPROVED_ELEMENTAL_FURY</requirements>
		<description>
			<p>The option you chose for Elemental Fury grows more powerful, as detailed below.</p>
			<p><em><strong>Potent Spellcasting.</strong></em> When you cast a Druid cantrip with a range of 10 feet or greater, the spell’s range increases by 300 feet.</p>
			<p><em><strong>Primal Strike.</strong></em> The extra damage of your Primal Strike increases to 2d8.</p>
		</description>
		<sheet display="false" />
	</element>

	<element name="Level 18: Beast Spells" type="Class Feature" source="Player’s Handbook 2024" id="ID_WOTC_PHB24_CLASS_FEATURE_DRUID_BEAST_SPELLS">
		<requirements>!ID_INTERNAL_FEATURE_REPLACEMENT_DRUID_24_BEAST_SPELLS</requirements>
		<description>
			<p>While using Wild Shape, you can cast spells in Beast form, except for any spell that has a Material component with a cost specified or that consumes its Material component.</p>
		</description>
		<sheet alt="Beast Spells">
			<description>While using Wild Shape, you can cast spells in Beast form, except for any spell that has a Material component with a cost specified or that consumes its Material component.</description>
		</sheet>
	</element>

	<element name="Level 19: Epic Boon" type="Class Feature" source="Player’s Handbook 2024" id="ID_WOTC_PHB24_CLASS_FEATURE_DRUID_EPIC_BOON">
		<requirements>!ID_INTERNAL_FEATURE_REPLACEMENT_DRUID_24_EPIC_BOON</requirements>
		<description>
			<p>You gain an Epic Boon feat or another feat of your choice for which you qualify. Boon of Dimensional Travel is recommended.</p>
		</description>
		<sheet display="false">
		</sheet>
		<rules>
			<select type="Feat" name="Epic Boon (Druid 19)" level="19" />
			
		</rules>
	</element>

	<element name="Level 20: Archdruid" type="Class Feature" source="Player’s Handbook 2024" id="ID_WOTC_PHB24_CLASS_FEATURE_DRUID_ARCHDRUID">
		<requirements>!ID_INTERNAL_FEATURE_REPLACEMENT_DRUID_24_ARCHDRUID</requirements>
		<description>
			<p>The vitality of nature constantly blooms within you, granting you the following benefits.</p>
			<p><em><strong>Evergreen Wild Shape.</strong></em> Whenever you roll Initiative and have no uses of Wild Shape left, you regain one expended use of it.</p>
			<p><em><strong>Nature Magician.</strong></em> You can convert uses of Wild Shape into a spell slot (no action required). Choose a number of your unexpended uses of Wild Shape and convert them into a single spell slot, with each use contributing 2 spell levels. For example, if you convert two uses of Wild Shape, you produce a level 4 spell slot. Once you use this benefit, you can’t do so again until you finish a Long Rest.</p>
			<p><em><strong>Longevity.</strong></em> The primal magic that you wield causes you to age more slowly. For every ten years that pass, your body ages only one year.</p>
		</description>
		<sheet alt="Archdruid">
			<description>The vitality of nature constantly blooms within you, granting you the following benefits. &#13;
			• Whenever you roll Initiative and have no uses of Wild Shape left, you regain one expended use. &#13;
			• You can convert Wild Shape uses into a single spell slot, with each use contributing 2 spell levels. Once you use this benefit, you can’t do so again until you finish a Long Rest. &#13;
			• Your body ages only one year for every ten years that pass.</description>
		</sheet>
	</element>

	<!--Feature Replacement Grants-->
	<element name="Druidic Feature Replacement" type="Grants" source="Internal" id="ID_INTERNAL_FEATURE_REPLACEMENT_DRUID_24_DRUIDIC" />
	<element name="Primal Order Feature Replacement" type="Grants" source="Internal" id="ID_INTERNAL_FEATURE_REPLACEMENT_DRUID_24_PRIMAL_ORDER" />
	<element name="Primal Order: Magician Feature Replacement" type="Grants" source="Internal" id="ID_INTERNAL_FEATURE_REPLACEMENT_DRUID_24_PRIMAL_ORDER_MAGICIAN" />
	<element name="Primal Order: Warden Feature Replacement" type="Grants" source="Internal" id="ID_INTERNAL_FEATURE_REPLACEMENT_DRUID_24_PRIMAL_ORDER_WARDEN" />
	<element name="Druid Spellcasting Feature Replacement" type="Grants" source="Internal" id="ID_INTERNAL_FEATURE_REPLACEMENT_DRUID_24_SPELLCASTING" />
	<element name="Wild Companion Feature Replacement" type="Grants" source="Internal" id="ID_INTERNAL_FEATURE_REPLACEMENT_DRUID_24_WILD_COMPANION" />
	<element name="Wild Shape Feature Replacement" type="Grants" source="Internal" id="ID_INTERNAL_FEATURE_REPLACEMENT_DRUID_24_WILD_SHAPE" />
	<element name="Wild Shape Forms Replacement" type="Grants" source="Internal" id="ID_INTERNAL_FEATURE_REPLACEMENT_DRUID_24_WILD_SHAPE_FORMS" />
	<element name="Druid Subclass Feature Replacement" type="Grants" source="Internal" id="ID_INTERNAL_FEATURE_REPLACEMENT_DRUID_24_DRUID_CIRCLE" />
	<element name="Ability Score Improvement Feature Replacement" type="Grants" source="Internal" id="ID_INTERNAL_FEATURE_REPLACEMENT_DRUID_24_ABILITY_SCORE_IMPROVEMENT" />
	<element name="Wild Resurgence Feature Replacement" type="Grants" source="Internal" id="ID_INTERNAL_FEATURE_REPLACEMENT_DRUID_24_WILD_RESURGENCE" />
	<element name="Elemental Fury Feature Replacement" type="Grants" source="Internal" id="ID_INTERNAL_FEATURE_REPLACEMENT_DRUID_24_ELEMENTAL_FURY" />
	<element name="Elemental Fury: Potent Spellcasting Feature Replacement" type="Grants" source="Internal" id="ID_INTERNAL_FEATURE_REPLACEMENT_DRUID_24_ELEMENTAL_FURY_POTENT_SPELLCASTING" />
	<element name="Elemental Fury: Primal Strike Feature Replacement" type="Grants" source="Internal" id="ID_INTERNAL_FEATURE_REPLACEMENT_DRUID_24_ELEMENTAL_FURY_PRIMAL_STRIKE" />
	<element name="Improved Elemental Fury Feature Replacement" type="Grants" source="Internal" id="ID_INTERNAL_FEATURE_REPLACEMENT_DRUID_24_IMPROVED_ELEMENTAL_FURY" />
	<element name="Beast Spells Feature Replacement" type="Grants" source="Internal" id="ID_INTERNAL_FEATURE_REPLACEMENT_DRUID_24_BEAST_SPELLS" />
	<element name="Druid Epic Boon Feature Replacement" type="Grants" source="Internal" id="ID_INTERNAL_FEATURE_REPLACEMENT_DRUID_24_EPIC_BOON" />
	<element name="Archdruid Feature Replacement" type="Grants" source="Internal" id="ID_INTERNAL_FEATURE_REPLACEMENT_DRUID_24_ARCHDRUID" />

</elements>
