<?xml version="1.0" encoding="utf-8" ?>
<elements>
	<info>
		<name>Wizard</name>
		<description>The Wizard class from the Player’s Handbook 2024.</description>

		<author url="https://dndstore.wizards.com/us/en/product/1001494/2024-player-s-handbook-digital-plus-physical-bundle">Wizards of the Coast</author>
		<update version="0.0.1">
			<file name="class-wizard.xml" url="https://raw.githubusercontent.com/Netrinil/Aurora/master/core/players-handbook-2024/classes/class-wizard.xml" />
		</update>
	</info>

	<element name="Wizard" type="Class" source="Player’s Handbook 2024" id="ID_WOTC_PHB24_CLASS_WIZARD">
		<description>
			<p>Wizards are defined by their exhaustive study of magic's inner workings. They cast spells of explosive fire, arcing lightning, subtle deception, and spectacular transformations. Their magic conjures monsters from other planes of existence, glimpses the future, or forms protective barriers. Their mightiest spells change one substance into another, call meteors from the sky, or open portals to other worlds.</p>
			<p class="indent">Most Wizards share a scholarly approach to magic. They examine the theoretical underpinnings of magic, particularly the categorization of spells into schools of magic. Renowned Wizards such as Bigby, Tasha, Mordenkainen and Yolande have built on their studies to invent iconic spells now used across the multiverse.</p>
			<p class="indent">The closest a Wizard is likely to come to an ordinary life is working as a sage or lecturer. Other Wizards sell their services as advisers, serve in military forces, or pursue lives of crime or domination.</p>
			<p class="indent">But the lure of knowledge calls even the most unadventurous Wizards from the safety of their libraries and laboratories and into crumbling ruins and lost cities. Most Wizards believe that their counterparts in ancient civilizations knew secrets of magic that have been lost to the ages, and discovering those secrets could unlock the path to a power greater than any magic available in the present age.</p>

			<table>
				<thead>
					<tr><td>Core Wizard Traits</td></tr>
				</thead>
				<tr><td>Primary Ability</td><td class="left">Intelligence </td> </tr>
				<tr><td>Hit Point Die</td><td class="left">D6 per Wizard level</td></tr>
				<tr><td>Saving Throw Proficiencies</td><td class="left">Intelligence and Wisdom</td></tr>
				<tr><td>Skill Proficiencies</td><td class="left"><i>Choose 2:</i> Arcana, History, Insight, Investigation, Medicine, Nature, Religion</td></tr>
				<tr><td>Weapon Proficiencies</td><td class="left">Simple weapons</td></tr>
				<tr><td>Armor Training</td><td class="left">None</td></tr>
				<tr><td>Starting Equipment</td><td class="left"><i> Choose A or B:</i> (A) 2 Daggers, Arcane Focus (Quarterstaff), Robe, Spellbook, Scholar's Pack, and 5 GP; or (B) 55 GP</td></tr>
			</table>
			<h3>BECOMING A WIZARD ...</h3>
			<h4>As A Level 1 Character</h4>
			<ul>
				<li>Gain all the traits in the Core Wizard Traits table.</li>
				<li>Gain the Wizard's level 1 features which are listed in the Wizard Features table.</li>
			</ul>
			<h4>As A Multiclass Character</h4>
			<ul>
				<li>Gain the Hit Point Die trait from the Core Wizard Traits table.</li>
				<li>Gain the Wizard's level 1 features, which are listed in the Wizard Features table. See the multiclassing rules in chapter 2 to determine your available spell slots.</li>
			</ul>
			<h5 class="caption">WIZARD FEATURES</h5>
			<table class="class-features">
				<thead>
					<tr><td class="col-5">Level</td><td class="left">Features</td><td class="col-10">Cantrips Known</td><td>Prepared Spells</td><td>1st</td><td>2nd</td><td>3rd</td><td>4th</td><td>5th</td><td>6th</td><td>7th</td><td>8th</td><td>9th</td></tr>
				</thead>
				<tr><td> 1st</td><td class="left">Spellcasting, Ritual Adept, Arcane Recovery</td><td>3</td><td>4</td><td>2</td><td>—</td><td>—</td><td>—</td><td>—</td><td>—</td><td>—</td><td>—</td><td>—</td></tr>
				<tr><td> 2nd</td><td class="left">Scholar</td><td>3</td><td>5</td><td>3</td><td>—</td><td>—</td><td>—</td><td>—</td><td>—</td><td>—</td><td>—</td><td>—</td></tr>
				<tr><td> 3rd</td><td class="left">Wizard Subclass</td><td>3</td><td>6</td><td>4</td><td>2</td><td>—</td><td>—</td><td>—</td><td>—</td><td>—</td><td>—</td><td>—</td></tr>
				<tr><td> 4th</td><td class="left">Ability Score Improvement</td><td>4</td><td>7</td><td>4</td><td>3</td><td>—</td><td>—</td><td>—</td><td>—</td><td>—</td><td>—</td><td>—</td></tr>
				<tr><td> 5th</td><td class="left">Memorize Spell</td><td>4</td><td>9</td><td>4</td><td>3</td><td>2</td><td>—</td><td>—</td><td>—</td><td>—</td><td>—</td><td>—</td></tr>
				<tr><td> 6th</td><td class="left">Subclass feature</td><td>4</td><td>10</td><td>4</td><td>3</td><td>3</td><td>—</td><td>—</td><td>—</td><td>—</td><td>—</td><td>—</td></tr>
				<tr><td> 7th</td><td class="left">—</td><td>4</td><td>11</td><td>4</td><td>3</td><td>3</td><td>1</td><td>—</td><td>—</td><td>—</td><td>—</td><td>—</td></tr>
				<tr><td> 8th</td><td class="left">Ability Score Improvement</td><td>4</td><td>12</td><td>4</td><td>3</td><td>3</td><td>2</td><td>—</td><td>—</td><td>—</td><td>—</td><td>—</td></tr>
				<tr><td> 9th</td><td class="left">—</td><td>4</td><td>14</td><td>4</td><td>3</td><td>3</td><td>3</td><td>1</td><td>—</td><td>—</td><td>—</td><td>—</td></tr>
				<tr><td>10th</td><td class="left">Subclass feature</td><td>5</td><td>15</td><td>4</td><td>3</td><td>3</td><td>3</td><td>2</td><td>—</td><td>—</td><td>—</td><td>—</td></tr>
				<tr><td>11th</td><td class="left">—</td><td>5</td><td>16</td><td>4</td><td>3</td><td>3</td><td>3</td><td>2</td><td>1</td><td>—</td><td>—</td><td>—</td></tr>
				<tr><td>12th</td><td class="left">Ability Score Improvement</td><td>5</td><td>16</td><td>4</td><td>3</td><td>3</td><td>3</td><td>2</td><td>1</td><td>—</td><td>—</td><td>—</td></tr>
				<tr><td>13th</td><td class="left">—</td><td>5</td><td>17</td><td>4</td><td>3</td><td>3</td><td>3</td><td>2</td><td>1</td><td>1</td><td>—</td><td>—</td></tr>
				<tr><td>14th</td><td class="left">Subclass feature</td><td>5</td><td>18</td><td>4</td><td>3</td><td>3</td><td>3</td><td>2</td><td>1</td><td>1</td><td>—</td><td>—</td></tr>
				<tr><td>15th</td><td class="left">—</td><td>5</td><td>19</td><td>4</td><td>3</td><td>3</td><td>3</td><td>2</td><td>1</td><td>1</td><td>1</td><td>—</td></tr>
				<tr><td>16th</td><td class="left">Ability Score Improvement</td><td>5</td><td>21</td><td>4</td><td>3</td><td>3</td><td>3</td><td>2</td><td>1</td><td>1</td><td>1</td><td>—</td></tr>
				<tr><td>17th</td><td class="left">—</td><td>5</td><td>22</td><td>4</td><td>3</td><td>3</td><td>3</td><td>2</td><td>1</td><td>1</td><td>1</td><td>1</td></tr>
				<tr><td>18th</td><td class="left">Spell Mastery</td><td>5</td><td>23</td><td>4</td><td>3</td><td>3</td><td>3</td><td>3</td><td>1</td><td>1</td><td>1</td><td>1</td></tr>
				<tr><td>19th</td><td class="left">Epic Boon</td><td>5</td><td>24</td><td>4</td><td>3</td><td>3</td><td>3</td><td>3</td><td>2</td><td>1</td><td>1</td><td>1</td></tr>
				<tr><td>20th</td><td class="left">Signature Spell</td><td>5</td><td>25</td><td>4</td><td>3</td><td>3</td><td>3</td><td>3</td><td>2</td><td>2</td><td>1</td><td>1</td></tr>
			</table>
			<div element="ID_WOTC_PHB24_CLASS_FEATURE_WIZARD_SPELLCASTING_WIZARD" />
			<div element="ID_WOTC_PHB24_CLASS_FEATURE_WIZARD_RITUAL_ADEPT" />
			<div element="ID_WOTC_PHB24_CLASS_FEATURE_WIZARD_ARCANE_RECOVERY" />
			<div element="ID_WOTC_PHB24_CLASS_FEATURE_WIZARD_SCHOLAR" />
			<div element="ID_WOTC_PHB24_CLASS_FEATURE_WIZARD_ARCANE_TRADITION" />
			<div element="ID_WOTC_PHB24_CLASS_FEATURE_WIZARD_ABILITYSCOREIMPROVEMENT_WIZARD" />
			<div element="ID_WOTC_PHB24_CLASS_FEATURE_WIZARD_MEMORIZE_SPELL" />
			<div element="ID_WOTC_PHB24_CLASS_FEATURE_WIZARD_SPELL_MASTERY" />
			<div element="ID_WOTC_PHB24_CLASS_FEATURE_WIZARD_EPIC_BOON" />
			<div element="ID_WOTC_PHB24_CLASS_FEATURE_WIZARD_SIGNATURE_SPELLS" />
		</description>
		<sheet display="false">
			<description>A scholarly magic-user capable of manipulating the structures of reality.</description>
		</sheet>
		<setters>
			<set name="short">A scholarly magic-user capable of manipulating the structures of reality.</set>
			<set name="hd">d6</set>
		</setters>
		<rules>
			<grant type="Grants" id="ID_INTERNAL_GRANT_MULTICLASS_SPELLCASTING_SLOTS_FULL" requirements="ID_INTERNAL_GRANT_MULTICLASS"/>
			<grant type="Proficiency" id="ID_WOTC_PHB24_PROFICIENCY_WEAPON_PROFICIENCY_SIMPLE_WEAPONS" requirements="!ID_WOTC_PHB24_MULTICLASS_WIZARD"/>
			<grant type="Proficiency" id="ID_WOTC_PHB24_PROFICIENCY_SAVINGTHROW_INTELLIGENCE" requirements="!ID_WOTC_PHB24_MULTICLASS_WIZARD"/>
			<grant type="Proficiency" id="ID_WOTC_PHB24_PROFICIENCY_SAVINGTHROW_WISDOM" requirements="!ID_WOTC_PHB24_MULTICLASS_WIZARD"/>
			<select type="Proficiency" name="Skill Proficiency (Wizard)" supports="Skill 2024,Wizard,!Expertise" number="2" requirements="!ID_WOTC_PHB24_MULTICLASS_WIZARD"/>
			<grant type="Class Feature" id="ID_WOTC_PHB24_CLASS_FEATURE_WIZARD_SPELLCASTING_WIZARD" level="1"/>
			<grant type="Class Feature" id="ID_WOTC_PHB24_CLASS_FEATURE_WIZARD_RITUAL_ADEPT" level="1" />
			<grant type="Class Feature" id="ID_WOTC_PHB24_CLASS_FEATURE_WIZARD_ARCANE_RECOVERY" level="1" />
			<grant type="Class Feature" id="ID_WOTC_PHB24_CLASS_FEATURE_WIZARD_SCHOLAR" level="2" />
			<grant type="Class Feature" id="ID_WOTC_PHB24_CLASS_FEATURE_WIZARD_ARCANE_TRADITION" level="3" />
			<grant type="Class Feature" id="ID_WOTC_PHB24_CLASS_FEATURE_WIZARD_ABILITYSCOREIMPROVEMENT_WIZARD" level="4" />
			<grant type="Class Feature" id="ID_WOTC_PHB24_CLASS_FEATURE_WIZARD_MEMORIZE_SPELL" level="5" />
			<grant type="Class Feature" id="ID_WOTC_PHB24_CLASS_FEATURE_WIZARD_SPELL_MASTERY" level="18" />
			<grant type="Class Feature" id="ID_WOTC_PHB24_CLASS_FEATURE_WIZARD_EPIC_BOON" level="19" />
			<grant type="Class Feature" id="ID_WOTC_PHB24_CLASS_FEATURE_WIZARD_SIGNATURE_SPELLS" level="20" />
		</rules>
		<multiclass id="ID_WOTC_PHB24_MULTICLASS_WIZARD">
			<prerequisite>Intelligence 13</prerequisite>
			<requirements>[int:13]</requirements>
			<setters>
				<set name="multiclass proficiencies">—</set>
			</setters>
			<rules>
				<grant type="Grants" id="ID_INTERNAL_GRANT_MULTICLASS" />
			</rules>
		</multiclass>
	</element>

	<element name="Level 1: Spellcasting" type="Class Feature" source="Player’s Handbook 2024" id="ID_WOTC_PHB24_CLASS_FEATURE_WIZARD_SPELLCASTING_WIZARD">
		<requirements>!ID_INTERNAL_FEATURE_REPLACEMENT_WIZARD_SPELLCASTING</requirements>
		<description>
			<p>As a student of arcane magic, you have learned to cast spells. See chapter 7 for the rules on spellcasting. The information below details how you use those rules with Wizard spells, which appear in the Wizard spell list later in the class's description.</p>
			<h5>CANTRIPS</h5>
			<p>You know three Wizard cantrips of your choice. <i>Light</i>, <i>Mage Hand</i>, and <i>Ray of Frost</i> are recommended. Whenever you finish a long rest, you can replace one of your cantrips from this feature with another Wizard cantrip of your choice.</p>
			<p class="indent">When you reach Wizard levels 4 and 10, you learn another Wizard cantrip of your choice, as shown in the Cantrips column of the Wizard Features table.</p>
			<h5>SPELLBOOK</h5>
			<p>Your wizardly apprenticeship culminated in the creation of a unique book: your spellbook. It is a tiny object that weights 3 pounds, contains 100 pages and can be read only by you or someone casting <i>Identify</i>. You determine the book's appearance and materials, such as a gilt-edged tome or a collection of vellum bound with twine.</p>
			<p class="indent">The book contains the level 1+ spells you know. It starts with six level 1 Wizard spells of your choice. <i>Detect Magic</i>, <i>Feather Fall</i>, <i>Mage Armor</i>, <i>Magic Missile</i>, <i>Sleep</i>, and <i>Thunderwave</i> are recommended. </p>
			<p class="indent">Whenever you gain a Wizard level after 1, add two Wizard spells of your choice to your spellbook. Each of these spells must be of a level for which you have spell slots, as shown in the Wizard Features table. The spells are the culmination of arcane research you do regularly. </p>
			<h5>SPELL SLOTS</h5>
			<p>The Wizard Features table shows how many spell slots you have to cast your level 1+ spells. You regain all expended slots when you finish a long rest.</p>
			<h5>PREPARED SPELLS OF LEVEL 1+</h5>
			<p>You prepare the list of level 1+ spells that are available for you to cast with this feature. To do so, choose four spells from your spellbook. The chosen spells must be of a level for which you have spell slots.</p>
			<p class="indent">The number of spells on your list increases as you gain Wizard levels, as shown in the Prepared Spells column of the Wizard Features table. Whenever that number increases, choose additional Wizard spells until the number of spells on your list matches the number in the table. The chosen spells must be of a level for which you have spell slots. For example, if you're a level 3 Wizard, your list of prepared spells can include six spells of levels 1 and 2 in any combination, chosen from your spellbook.</p>
			<p class="indent">If another Wizard feature gives you spells that you always have prepared, those spells don't count against the number of spells you can prepare with this feature, but those spells otherwise count as Wizard spells for you.</p>
			<h5>CHANGING YOUR PREPARED SPELLS</h5>
			<p class="indent">Whenever you finish a long rest, you can change your list of prepared spells, replacing any of the spells there with spells from your spellbook</p>
			<h5>SPELLCASTING ABILITY</h5>
			<p>Intelligence is your spellcasting ability for your wizard spells, since you learn your spells through dedicated study and memorization. You use your Intelligence whenever a spell refers to your spellcasting ability. In addition, you use your Intelligence modifier when setting the saving throw DC for a wizard spell you cast and when making an attack roll with one.</p>
			<center>
				<p><strong>Spell save DC</strong> = 8 + your proficiency bonus + your Intelligence modifier</p>
				<p><strong>Spell attack modifier</strong> = your proficiency bonus + your Intelligence modifier</p>
			</center>
			<h5>SPELLCASTING FOCUS</h5>
			<p>You can use an arcane focus or your spellbook as a Spellcasting Focus for your wizard spells.</p>
			<h5>LEARNING SPELLS OF 1ST LEVEL AND HIGHER</h5>
			<p>Each time you gain a wizard level, you can add two wizard spells of your choice to your spellbook for free. Each of these spells must be of a level for which you have spell slots, as shown on the Wizard table. On your adventures, you might find other spells that you can add to your spellbook. If it's a Wizard spell, you can copy it into your spellbook if it's of a level you can prepare and if you have time to copy it. For each level of the spell, the transcription takes 2 hours and costs 50 GP. Afterward you can prepare the spell like the other spells in your spellbook.</p>
			<h5>COPYING THE BOOK</h5>
			<p>You can copy a spell from your spellbook into another book. This is like copying a new spell into your spellbook, but faster, since you already know how to cast the spell. You need spend only 1 hour and 10 GP for each level of the copied spell.</p>
			<p class="indent">If you lose your spellbook, you can use the same procedure to transcribe the Wizard spells that you have prepared into a new spellbook. Filling out the remainder of the new book requires you to find new spells to do so. For this reason, many wizards keep a backup spellbook.</p> 
		</description>
		<sheet display="false">
			<description>You can prepare {{wizard:spellcasting:prepare}} spells from the your spellbook. You use an arcane focus to cast spells. and can also cast wizard spells as a ritual.</description>
		</sheet>
		<spellcasting name="Wizard" ability="Intelligence" prepare="true">
			<list>Wizard</list>
		</spellcasting>
		<rules>
			<grant type="Grants" id="ID_INTERNAL_RITUAL_CASTING" />
			<grant type="Proficiency" id="ID_INTERNAL_PROFICIENCY_SPELLFOCUS_GROUP_ARCANE_FOCUS" />

			<stat name="wizard:spellcasting:slots:1" value="2" level="1" />
			<stat name="wizard:spellcasting:slots:1" value="1" level="2" />
			<stat name="wizard:spellcasting:slots:1" value="1" level="3" />

			<stat name="wizard:spellcasting:slots:2" value="2" level="3" />
			<stat name="wizard:spellcasting:slots:2" value="1" level="4" />
			<stat name="wizard:spellcasting:slots:3" value="2" level="5" />
			<stat name="wizard:spellcasting:slots:3" value="1" level="6" />
			<stat name="wizard:spellcasting:slots:4" value="1" level="7" />
			<stat name="wizard:spellcasting:slots:4" value="1" level="8" />
			<stat name="wizard:spellcasting:slots:4" value="1" level="9" />
			<stat name="wizard:spellcasting:slots:5" value="1" level="9" />
			<stat name="wizard:spellcasting:slots:5" value="1" level="10" />
			<stat name="wizard:spellcasting:slots:5" value="1" level="18" />
			<stat name="wizard:spellcasting:slots:6" value="1" level="11" />
			<stat name="wizard:spellcasting:slots:6" value="1" level="19" />
			<stat name="wizard:spellcasting:slots:7" value="1" level="13" />
			<stat name="wizard:spellcasting:slots:7" value="1" level="20" />
			<stat name="wizard:spellcasting:slots:8" value="1" level="15" />
			<stat name="wizard:spellcasting:slots:9" value="1" level="17" />

			<stat name="wizard:spellcasting:prepare" value="4" level="1" />
			<stat name="wizard:spellcasting:prepare" value="1" level="2" />
			<stat name="wizard:spellcasting:prepare" value="1" level="3" />
			<stat name="wizard:spellcasting:prepare" value="1" level="4" />
			<stat name="wizard:spellcasting:prepare" value="2" level="5" />
			<stat name="wizard:spellcasting:prepare" value="1" level="6" />
			<stat name="wizard:spellcasting:prepare" value="1" level="7" />
			<stat name="wizard:spellcasting:prepare" value="1" level="8" />
			<stat name="wizard:spellcasting:prepare" value="2" level="9" />
			<stat name="wizard:spellcasting:prepare" value="1" level="10" />
			<stat name="wizard:spellcasting:prepare" value="1" level="11" />
			<stat name="wizard:spellcasting:prepare" value="1" level="13" />
			<stat name="wizard:spellcasting:prepare" value="1" level="14" />
			<stat name="wizard:spellcasting:prepare" value="1" level="15" />
			<stat name="wizard:spellcasting:prepare" value="2" level="16" />
			<stat name="wizard:spellcasting:prepare" value="1" level="17" />
			<stat name="wizard:spellcasting:prepare" value="1" level="18" />
			<stat name="wizard:spellcasting:prepare" value="1" level="19" />
			<stat name="wizard:spellcasting:prepare" value="1" level="20" />


			<select type="Spell" name="Cantrip (Wizard)" supports="$(spellcasting:list), 0" level="1" number="3" spellcasting="Wizard" />
			<select type="Spell" name="Cantrip (Wizard)" supports="$(spellcasting:list), 0" level="4" number="1" spellcasting="Wizard" />
			<select type="Spell" name="Cantrip (Wizard)" supports="$(spellcasting:list), 0" level="10" number="1" spellcasting="Wizard" />

			<select type="Spell" name="Spellbook (Wizard)" supports="$(spellcasting:list), 1" level="1" number="6" spellcasting="Wizard" />
			<select type="Spell" name="Spellbook (Wizard)" supports="$(spellcasting:list), $(spellcasting:slots)" level="2" number="2" spellcasting="Wizard" />
			<select type="Spell" name="Spellbook (Wizard)" supports="$(spellcasting:list), $(spellcasting:slots)" level="3" number="2" spellcasting="Wizard" />
			<select type="Spell" name="Spellbook (Wizard)" supports="$(spellcasting:list), $(spellcasting:slots)" level="4" number="2" spellcasting="Wizard" />
			<select type="Spell" name="Spellbook (Wizard)" supports="$(spellcasting:list), $(spellcasting:slots)" level="5" number="2" spellcasting="Wizard" />
			<select type="Spell" name="Spellbook (Wizard)" supports="$(spellcasting:list), $(spellcasting:slots)" level="6" number="2" spellcasting="Wizard" />
			<select type="Spell" name="Spellbook (Wizard)" supports="$(spellcasting:list), $(spellcasting:slots)" level="7" number="2" spellcasting="Wizard" />
			<select type="Spell" name="Spellbook (Wizard)" supports="$(spellcasting:list), $(spellcasting:slots)" level="8" number="2" spellcasting="Wizard" />
			<select type="Spell" name="Spellbook (Wizard)" supports="$(spellcasting:list), $(spellcasting:slots)" level="9" number="2" spellcasting="Wizard" />
			<select type="Spell" name="Spellbook (Wizard)" supports="$(spellcasting:list), $(spellcasting:slots)" level="10" number="2" spellcasting="Wizard" />
			<select type="Spell" name="Spellbook (Wizard)" supports="$(spellcasting:list), $(spellcasting:slots)" level="11" number="2" spellcasting="Wizard" />
			<select type="Spell" name="Spellbook (Wizard)" supports="$(spellcasting:list), $(spellcasting:slots)" level="12" number="2" spellcasting="Wizard" />
			<select type="Spell" name="Spellbook (Wizard)" supports="$(spellcasting:list), $(spellcasting:slots)" level="13" number="2" spellcasting="Wizard" />
			<select type="Spell" name="Spellbook (Wizard)" supports="$(spellcasting:list), $(spellcasting:slots)" level="14" number="2" spellcasting="Wizard" />
			<select type="Spell" name="Spellbook (Wizard)" supports="$(spellcasting:list), $(spellcasting:slots)" level="15" number="2" spellcasting="Wizard" />
			<select type="Spell" name="Spellbook (Wizard)" supports="$(spellcasting:list), $(spellcasting:slots)" level="16" number="2" spellcasting="Wizard" />
			<select type="Spell" name="Spellbook (Wizard)" supports="$(spellcasting:list), $(spellcasting:slots)" level="17" number="2" spellcasting="Wizard" />
			<select type="Spell" name="Spellbook (Wizard)" supports="$(spellcasting:list), $(spellcasting:slots)" level="18" number="2" spellcasting="Wizard" />
			<select type="Spell" name="Spellbook (Wizard)" supports="$(spellcasting:list), $(spellcasting:slots)" level="19" number="2" spellcasting="Wizard" />
			<select type="Spell" name="Spellbook (Wizard)" supports="$(spellcasting:list), $(spellcasting:slots)" level="20" number="2" spellcasting="Wizard" />
		</rules>
	</element>
	<element name="Level 1: Ritual Adept" type="Class Feature" source="Player’s Handbook 2024" id="ID_WOTC_PHB24_CLASS_FEATURE_WIZARD_RITUAL_ADEPT">
		<description>
			<p>You can cast any spell as a Ritual if that spell has the Ritual tag and the spell is in your spellbook. You needn't have the spell prepared, but must read from the book to cast a spell in this way.</p>
		</description>
		<sheet alt="Ritual Adept">
			<description>You can cast any ritual spell in your book as a ritual, but you must read from the book to cast a spell in this way.</description>
		</sheet>
	</element>
	<element name="Level 1: Arcane Recovery" type="Class Feature" source="Player’s Handbook 2024" id="ID_WOTC_PHB24_CLASS_FEATURE_WIZARD_ARCANE_RECOVERY">
		<requirements>!ID_INTERNAL_FEATURE_REPLACEMENT_WIZARD_ARCANE_RECOVERY</requirements>
		<description>
			<p>You can regain some of your magical energy by studying your spellbook. When you finish a short rest, you can choose expended spellslots to recover. The spellslots can have a combined level equal to no more than half your Wizard level (round up), and none of the slots can be level 6 or higher. For example, if you're a level 4 Wizard, you can recover up to two levels' worth of spell slots, regaining either one level 2 spell slot or two level 1 spell slots.</p>
			<p class="indent">Once you use this feature, you can't do so again until you finish a long rest.</p>
		</description>
		<sheet alt="Arcane Recovery">
			<description>Once per day when you finish a short rest, you can choose expended spell slots up to 5th level to recover. The spell slots can have a combined level that is equal to or less than {{level:wizard:half:up}}.</description>
		</sheet>
	</element>

	<element name="Level 2: Scholar" type="Class Feature" source="Player’s Handbook 2024" id="ID_WOTC_PHB24_CLASS_FEATURE_WIZARD_SCHOLAR">
		<description>
			<p>While studying magic, you also specialized in another field of study. Choose one of the following skills in which you have proficiency: Arcana, History, Investigation, Medicine, Nature or Religion. You have expertise in the chosen skill.</p>
		</description>
		<sheet display="false">
		</sheet>
		<rules>
			<select type="Proficiency" name="Scholar (Wizard)" level="2" number="1" supports="ID_WOTC_PHB24_EXPERTISE_SKILL_ARCANA|ID_WOTC_PHB24_EXPERTISE_SKILL_HISTORY|ID_WOTC_PHB24_EXPERTISE_SKILL_INVESTIGATION|ID_WOTC_PHB24_EXPERTISE_SKILL_MEDICINE|ID_WOTC_PHB24_EXPERTISE_SKILL_NATURE|ID_WOTC_PHB24_EXPERTISE_SKILL_RELIGION"/>
		</rules>
	</element>

	<element name="Level 3: Wizard Subclass" type="Class Feature" source="Player’s Handbook 2024" id="ID_WOTC_PHB24_CLASS_FEATURE_WIZARD_ARCANE_TRADITION">
		<requirements>!ID_INTERNAL_FEATURE_REPLACEMENT_WIZARD_ARCANE_TRADITION</requirements>
		<description>
			<p>You gain a Wizard subclass of your choice. The Abjurer, Diviner, Evoker and Illusionist subclasses are detailed after this class's description. A subclass is a specialization that grants you features at certain Wizard levels. For the rest of your career, you gain each of your subclass's features that are of your Wizard level or lower.</p>
		</description>
		<sheet display="false"/>
		<rules>
			<select type="Archetype" name="Arcane Tradition" supports="Arcane Tradition" />
		</rules>
	</element>
	<element name="Level 4: Ability Score Improvement" type="Class Feature" source="Player’s Handbook 2024" id="ID_WOTC_PHB24_CLASS_FEATURE_WIZARD_ABILITYSCOREIMPROVEMENT_WIZARD">
		<requirements>!ID_INTERNAL_FEATURE_REPLACEMENT_WIZARD_ABILITY_SCORE_IMPROVEMENT</requirements>
		<compendium display="false" />
		<description>
			<p>You gain the Ability Score Improvement feat or another feat of your choice for which you qualify. You gain this feature again at Wizard levels 8, 12, and 16.</p>
		</description>
		<sheet display="false" />
		<rules>
			<select type="Feat" name="Ability Score Improvement (Wizard 4)" supports="!Boon" level="4" />
			<select type="Feat" name="Ability Score Improvement (Wizard 8)" supports="!Boon" level="8" />
			<select type="Feat" name="Ability Score Improvement (Wizard 12)" supports="!Boon" level="12" />
			<select type="Feat" name="Ability Score Improvement (Wizard 16)" supports="!Boon" level="16" />
		</rules>
	</element>

	<element name="Level 5: Memorize Spell" type="Class Feature" source="Player’s Handbook" id="ID_WOTC_PHB24_CLASS_FEATURE_WIZARD_MEMORIZE_SPELL">
		<description>
			<p>Whenever you finish a short rest, you can study your spellbook and replace one of the level 1+ Wizard spells you have prepared for your Spellcasting feature with another level 1+ spell from the book.</p>
		</description>
		<sheet alt="Memorize Spell">
			<description>When you finish a short rest, you can replace one prepared level 1+ spell in your spellbook with an unprepared one.</description>
		</sheet>
	</element>

	<element name="Level 18: Spell Mastery" type="Class Feature" source="Player’s Handbook 2024" id="ID_WOTC_PHB24_CLASS_FEATURE_WIZARD_SPELL_MASTERY">
		<requirements>!ID_INTERNAL_FEATURE_REPLACEMENT_WIZARD_SPELL_MASTERY</requirements>
		<description>
			<p>You have achieved such mastery over certain spells that you can cast them at will. Choose a level 1 and a level 2 spell in your spellbook that have a casting time of an action. You always have those spells prepared, and you can cast them at their lowest level without expending a spell slot. To cast either spell at a higher level, you must expend a spell slot.</p>
			<p class="indent">Whenever you finish a Long Rest, you can study your spellbook and replace one of those spells with an eligible spell of the same level from the book.</p>
		</description>
		<sheet alt="Spell Mastery">
			<description>Choose a level 1 and a level 2 spell in your spellbook that have a casting time of an action. You always have those spells prepared, and you can cast them at their lowest level without expending a spell slot. To cast either spell at a higher level, you must expend a spell slot. &#13;
			Whenever you finish a Long Rest, you can study your spellbook and replace one of those spells with an eligible spell of the same level from the book.</description>
		</sheet>
	</element>
	<element name="Level 19: Epic Boon" type="Class Feature" source="Player’s Handbook 2024" id="ID_WOTC_PHB24_CLASS_FEATURE_WIZARD_EPIC_BOON">
		<description>
			<p>You gain an Epic Boon feat or another feat of your choice for which you qualify. Boon of Spell Recall is recommended.</p>
		</description>
		<sheet display="false">
		</sheet>
		<rules>
			<select type="Feat" name="Epic Boon (Wizard 19)" level="19" />
		</rules>
	</element>
	<element name="Level 20: Signature Spells" type="Class Feature" source="Player’s Handbook 2024" id="ID_WOTC_PHB24_CLASS_FEATURE_WIZARD_SIGNATURE_SPELLS">
		<requirements>!ID_INTERNAL_FEATURE_REPLACEMENT_WIZARD_SIGNATURE_SPELLS</requirements>
		<description>
			<p>Choose two level 3 spells in your spellbook as your signature spells. You always have these spells prepared, and you can cast each of them once at level 3 without expending a spell slot. When you do so, you can't cast them in this way again until you finish a Short or Long Rest. To cast either spell at a higher level, you must expend a spell slot.</p>
		</description>
		<sheet alt="Signature Spells" usage="1/Short Rest">
			<description>Choose two level 3 spells in your spellbook as your signature spells. You always have these spells prepared, and you can cast each of them once at level 3 without expending a spell slot. &#13;
			To cast either spell at a higher level, you must expend a spell slot as normal.</description>
		</sheet>
	</element>

	<!--Feature Replacement Grants-->
	<element name="Spellcasting Feature Replacement" type="Grants" source="Internal" id="ID_INTERNAL_FEATURE_REPLACEMENT_WIZARD_SPELLCASTING" />
	<element name="Arcane Recovery Feature Replacement" type="Grants" source="Internal" id="ID_INTERNAL_FEATURE_REPLACEMENT_WIZARD_ARCANE_RECOVERY" />
	<element name="Arcane Tradition Feature Replacement" type="Grants" source="Internal" id="ID_INTERNAL_FEATURE_REPLACEMENT_WIZARD_ARCANE_TRADITION" />
	<element name="Ability Score Improvement Feature Replacement" type="Grants" source="Internal" id="ID_INTERNAL_FEATURE_REPLACEMENT_WIZARD_ABILITY_SCORE_IMPROVEMENT" />
	<element name="Spell Mastery Feature Replacement" type="Grants" source="Internal" id="ID_INTERNAL_FEATURE_REPLACEMENT_WIZARD_SPELL_MASTERY" />
	<element name="Signature Spells Feature Replacement" type="Grants" source="Internal" id="ID_INTERNAL_FEATURE_REPLACEMENT_WIZARD_SIGNATURE_SPELLS" />
</elements>
