<?xml version="1.0" encoding="utf-8" ?>
<elements>
	<info>
		<name>Fighter</name>
				<description>The Fighter class from the Player’s Handbook 2024.</description>

		<author url="https://dndstore.wizards.com/us/en/product/1001494/2024-player-s-handbook-digital-plus-physical-bundle">Wizards of the Coast</author>
		<update version="0.0.1">
			<file name="class-fighter.xml" url="https://raw.githubusercontent.com/Netrinil/Aurora/master/core/players-handbook-2024/classes/class-fighter.xml" />
		</update>
	</info>

	<element name="Fighter" type="Class" source="Player’s Handbook 2024" id="ID_WOTC_PHB24_CLASS_FIGHTER">
		<description>
			<p>Fighters rule many battlefields. Questing knights, royal champions, elite soldiers and hardened mercenaries- as Fighters, they all share an unparalleled prowess with weapons and armor. And they are well acquainted with death, both meting it out and defying it.</p>
			<p class="indent">Fighters master various weapon techniques, and a well-equipped Fighter always has the right tool at hand for any combat situation. Likewise, a Fighter is adept with every form of armor. Beyond that basic degree of familiarity, each Fighter specializes in certain styles of combat. Some concentrate on archery, some on fighting with two weapons at once, and some on augmenting their martial skills with magic. This combination of broad ability and extensive specialization makes Fighters superior combatants.</p>
			
			<table>
				<thead>
					<tr><td>Core Fighter Traits</td></tr>
				</thead>
				<tr><td>Primary Ability</td><td class="left">Strength or Dexterity </td> </tr>
				<tr><td>Hit Point Die</td><td class="left">D10 per Fighter level</td></tr>
				<tr><td>Saving Throw Proficiencies</td><td class="left">Strength and Constitution</td></tr>
				<tr><td>Skill Proficiencies</td><td class="left"><i>Choose 2:</i> Acrobatics, Animal Handling, Athletics, History, Insight, Intimidation, Persuasion, Perception, or Survival</td></tr>
				<tr><td>Weapon Proficiencies</td><td class="left">Simple weapons and Martial weapons</td></tr>
				<tr><td>Armor Training</td><td class="left">Light, Medium and Heavy armor and Shields</td></tr>
				<tr><td>Starting Equipment</td><td class="left"><i> Choose A, B or C:</i> (A) Chain Mail, Greatsword, Flail, 8 Javelins, Dungeoneer's Pack and 4 GP; (B) Studded Leather Armor, Scimitar, Shortsword, Longbow, 20 Arrows, Quiver, Dungeoneer's Pack and 11 GP; or (C) 155 GP</td></tr>
			</table>
			<h3>BECOMING A Fighter ...</h3>
			<h4>As A Level 1 Character</h4>
			<ul>
				<li>Gain all the traits in the Core Fighter Traits table.</li>
				<li>Gain the Fighter's level 1 features which are listed in the Fighter Features table.</li>
			</ul>
			<h4>As A Multiclass Character</h4>
			<ul>
				<li>Gain the following traits from the Core Fighter Traits table: Hit Point Die, proficiency with Martial weapons, and training with Light and Medium armor and Shields.</li>
				<li>Gain the Fighter's level 1 features which are listed in the Fighter Features table</li>
			</ul>
			<h5 class="caption">THE FIGHTER</h5>
			<table class="class-features">
				<thead>
					<tr><td class="col-5">Level</td><td class="left">Features</td><td>Second Wind</td><td>Weapon Mastery</td></tr>
				</thead>
				<tr><td> 1st</td><td class="left">Fighting Style, Second Wind, Weapon Mastery</td><td>2</td><td>3</td></tr>
				<tr><td> 2nd</td><td class="left">Action Surge (one use), Tactical Mind</td><td>2</td><td>3</td></tr>
				<tr><td> 3rd</td><td class="left">Fighter Subclass</td><td>2</td><td>3</td></tr>
				<tr><td> 4th</td><td class="left">Ability Score Improvement</td><td>3</td><td>4</td></tr>
				<tr><td> 5th</td><td class="left">Extra Attack, Tactical Shift</td><td>3</td><td>4</td></tr>
				<tr><td> 6th</td><td class="left">Ability Score Improvement</td><td>3</td><td>4</td></tr>
				<tr><td> 7th</td><td class="left">Subclass Feature</td><td>3</td><td>4</td></tr>
				<tr><td> 8th</td><td class="left">Ability Score Improvement</td><td>3</td><td>4</td></tr>
				<tr><td> 9th</td><td class="left">Indomitable (one use), Tactical Master</td><td>3</td><td>4</td></tr>
				<tr><td>10th</td><td class="left">Subclass Feature</td><td>4</td><td>5</td></tr>
				<tr><td>11th</td><td class="left">Two Extra Attacks</td><td>4</td><td>5</td></tr>
				<tr><td>12th</td><td class="left">Ability Score Improvement</td><td>4</td><td>5</td></tr>
				<tr><td>13th</td><td class="left">Indomitable (two uses), Studied Attacks</td><td>4</td><td>5</td></tr>
				<tr><td>14th</td><td class="left">Ability Score Improvement</td><td>4</td><td>5</td></tr>
				<tr><td>15th</td><td class="left">Subclass Feature</td><td>4</td><td>5</td></tr>
				<tr><td>16th</td><td class="left">Ability Score Improvement</td><td>4</td><td>6</td></tr>
				<tr><td>17th</td><td class="left">Action Surge (two uses), Indomitable (three uses)</td><td>4</td><td>6</td></tr>
				<tr><td>18th</td><td class="left">Subclass Feature</td><td>4</td><td>6</td></tr>
				<tr><td>19th</td><td class="left">Epic Boon</td><td>4</td><td>6</td></tr>
				<tr><td>20th</td><td class="left">Three Extra Attacks</td><td>4</td><td>6</td></tr>
			</table>
			<h3>FIGHTER CLASS FEATURES</h3>
			<p>As a Fighter, you gain the following class features when you reach the specified Fighter levels. These features are listed on the Fighter Features table.</p>
			<div element="ID_WOTC_PHB24_CLASS_FEATURE_FIGHTER_FIGHTING_STYLE" />
			<div element="ID_WOTC_PHB24_CLASS_FEATURE_FIGHTER_SECONDWIND" />
			<div element="ID_WOTC_PHB24_CLASS_FEATURE_FIGHTER_WEAPONMASTERY" />
			<div element="ID_WOTC_PHB24_CLASS_FEATURE_FIGHTER_ACTIONSURGE" />
			<div element="ID_WOTC_PHB24_CLASS_FEATURE_FIGHTER_TACTICALMIND" />
			<div element="ID_WOTC_PHB24_CLASS_FEATURE_FIGHTER_MARTIALARCHETYPE" />
			<div element="ID_WOTC_PHB24_CLASS_FEATURE_FIGHTER_ABILITYSCOREIMPROVEMENT_FIGHTER" />
			<div element="ID_WOTC_PHB24_CLASS_FEATURE_FIGHTER_EXTRAATTACK" />
			<div element="ID_WOTC_PHB24_CLASS_FEATURE_FIGHTER_TACTICALSHIFT" />
			<div element="ID_WOTC_PHB24_CLASS_FEATURE_FIGHTER_INDOMITABLE" />
			<div element="ID_WOTC_PHB24_CLASS_FEATURE_FIGHTER_TACTICALMASTER" />
			<div element="ID_WOTC_PHB24_CLASS_FEATURE_FIGHTER_STUDIEDATTACKS" />
			<div element="ID_WOTC_PHB24_CLASS_FEATURE_FIGHTER_EPICBOON" />
		</description>
		<sheet display="false">
			<description>A master of martial combat, skilled with a variety of weapons and armor.</description>
		</sheet>
		<setters>
			<set name="short">A master of martial combat, skilled with a variety of weapons and armor.</set>
			<set name="hd">d10</set>
		</setters>
		<rules>
			<grant type="Proficiency" id="ID_WOTC_PHB24_PROFICIENCY_ARMOR_PROFICIENCY_LIGHT_ARMOR" requirements="!ID_WOTC_PHB24_MULTICLASS_FIGHTER"/>
			<grant type="Proficiency" id="ID_WOTC_PHB24_PROFICIENCY_ARMOR_PROFICIENCY_MEDIUM_ARMOR" requirements="!ID_WOTC_PHB24_MULTICLASS_FIGHTER"/>
			<grant type="Proficiency" id="ID_WOTC_PHB24_PROFICIENCY_ARMOR_PROFICIENCY_HEAVY_ARMOR" requirements="!ID_WOTC_PHB24_MULTICLASS_FIGHTER"/>
			<grant type="Proficiency" id="ID_WOTC_PHB24_PROFICIENCY_ARMOR_PROFICIENCY_SHIELDS" requirements="!ID_WOTC_PHB24_MULTICLASS_FIGHTER"/>
			<grant type="Proficiency" id="ID_WOTC_PHB24_PROFICIENCY_WEAPON_PROFICIENCY_SIMPLE_WEAPONS" requirements="!ID_WOTC_PHB24_MULTICLASS_FIGHTER"/>
			<grant type="Proficiency" id="ID_WOTC_PHB24_PROFICIENCY_WEAPON_PROFICIENCY_MARTIAL_WEAPONS" requirements="!ID_WOTC_PHB24_MULTICLASS_FIGHTER"/>
			<grant type="Proficiency" id="ID_WOTC_PHB24_PROFICIENCY_SAVINGTHROW_STRENGTH" requirements="!ID_WOTC_PHB24_MULTICLASS_FIGHTER"/>
			<grant type="Proficiency" id="ID_WOTC_PHB24_PROFICIENCY_SAVINGTHROW_CONSTITUTION" requirements="!ID_WOTC_PHB24_MULTICLASS_FIGHTER"/>
			<select type="Proficiency" name="Skill Proficiency (Fighter)" supports="Skill 2024,Fighter,!Expertise" number="2" requirements="!ID_WOTC_PHB_MULTICLASS_FIGHTER"/>
			<grant type="Class Feature" id="ID_WOTC_PHB24_CLASS_FEATURE_FIGHTER_FIGHTING_STYLE" level="1"/>
			<grant type="Class Feature" id="ID_WOTC_PHB24_CLASS_FEATURE_FIGHTER_SECONDWIND" level="1"/>
			<grant type="Class Feature" id="ID_WOTC_PHB24_CLASS_FEATURE_FIGHTER_WEAPONMASTERY" level="1"/>
			<grant type="Class Feature" id="ID_WOTC_PHB24_CLASS_FEATURE_FIGHTER_ACTIONSURGE" level="2"/>
			<grant type="Class Feature" id="ID_WOTC_PHB24_CLASS_FEATURE_FIGHTER_TACTICALMIND" level="2"/>
			<grant type="Class Feature" id="ID_WOTC_PHB24_CLASS_FEATURE_FIGHTER_MARTIALARCHETYPE" level="3"/>
			<grant type="Class Feature" id="ID_WOTC_PHB24_CLASS_FEATURE_FIGHTER_ABILITYSCOREIMPROVEMENT_FIGHTER" level="4"/>
			<grant type="Class Feature" id="ID_WOTC_PHB24_CLASS_FEATURE_FIGHTER_EXTRAATTACK" level="5"/>
			<grant type="Class Feature" id="ID_WOTC_PHB24_CLASS_FEATURE_FIGHTER_TACTICALSHIFT" level="5"/>
			<grant type="Class Feature" id="ID_WOTC_PHB24_CLASS_FEATURE_FIGHTER_INDOMITABLE" level="9"/>
			<grant type="Class Feature" id="ID_WOTC_PHB24_CLASS_FEATURE_FIGHTER_TACTICALMASTER" level="9"/>
			<grant type="Class Feature" id="ID_WOTC_PHB24_CLASS_FEATURE_FIGHTER_STUDIEDATTACKS" level="13"/>
			<grant type="Class Feature" id="ID_WOTC_PHB24_CLASS_FEATURE_FIGHTER_EPICBOON" level="19"/>
		</rules>
		<multiclass id="ID_WOTC_PHB24_MULTICLASS_FIGHTER">
			<prerequisite>Strength 13 or Dexterity 13</prerequisite>
			<requirements>([str:13]||[dex:13])</requirements>
			<setters>
				<set name="multiclass proficiencies">Light armor, medium armor, shields, martial weapons</set>
			</setters>
			<rules>
				<grant type="Grants" id="ID_INTERNAL_GRANT_MULTICLASS" />
				<grant type="Proficiency" id="ID_WOTC_PHB24_PROFICIENCY_ARMOR_PROFICIENCY_LIGHT_ARMOR" />
				<grant type="Proficiency" id="ID_WOTC_PHB24_PROFICIENCY_ARMOR_PROFICIENCY_MEDIUM_ARMOR" />
				<grant type="Proficiency" id="ID_WOTC_PHB24_PROFICIENCY_ARMOR_PROFICIENCY_SHIELDS" />
				<grant type="Proficiency" id="ID_WOTC_PHB24_PROFICIENCY_WEAPON_PROFICIENCY_MARTIAL_WEAPONS" />
			</rules>
		</multiclass>
	</element>

	<element name="Level 1: Fighting Style" type="Class Feature" source="Player’s Handbook 2024" id="ID_WOTC_PHB24_CLASS_FEATURE_FIGHTER_FIGHTING_STYLE">
		<requirements>!ID_INTERNAL_FEATURE_REPLACEMENT_FIGHTER_FIGHTING_STYLE</requirements>
		<description>
			<p>You have honed your martial prowess and gain a Fighting Style feat of your choice. Defense is recommended.</p>
			<p class="indent">Whenever you gain a Fighter level, you can replace the feat you chose with a different Fighting Style feat.</p>
			<h5 class="caption">ARCHERY</h5>
			<p>You gain a +2 bonus to attack rolls you make with ranged weapons.</p>
			<h5 class="caption">DEFENSE</h5>
			<p>While you are wearing Light, Medium or Heavy armor, you gain a +1 bonus to Armor Class.</p>
			<h5 class="caption">DEFENSE</h5>
			<p>You have Blindsight with a range of 10 feet.</p>
			<h5 class="caption">DUELING</h5>
			<p>When you are wielding a melee weapon in one hand and no other weapons, you gain a +2 bonus to damage rolls with that weapon.</p>
			<h5 class="caption">GREAT WEAPON FIGHTING</h5>
			<p>When you roll a 1 or 2 on a damage die for an attack you make with a melee weapon that you are wielding with two hands, you can reroll the die and must use the new roll, even if the new roll is a 1 or a 2. The weapon must have the Two-Handed or Versatile property for you to gain this benefit.</p>
			<h5 class="caption">INTERCEPTION</h5>
			<p>When a creature you can see hits another creature within 5 feet of you with ana ttack roll, you can take a Reaction to reduce the damage dealt to the target by 1d10 plus your Proficiency Bonus. You must be holding a Shield or a Simple or Martial weapon to use this Reaction.</p>
			<h5 class="caption">PROTECTION</h5>
			<p>When a creature you can see attacks a target other than you that is within 5 feet of you, you can use your reaction to impose disadvantage on the attack roll. You must be wielding a shield.</p>
			<h5 class="caption">THROWN WEAPON FIGHTING</h5>
			<p>When you hit with a ranged attack roll using a weapon that has the Thrown property, you gain a +2 bonus to the damage roll.</p>
			<h5 class="caption">TWO-WEAPON FIGHTING</h5>
			<p>When you engage in two-weapon fighting, you can add your ability modifier to the damage of the second attack.</p>
			<h5 class="caption">UNARMED FIGHTING</h5>
			<p>When you hit with your Unarmed Strike and deal damage, you can deal Bludgeoning damage equal to 1d6 plus your Strength modifier instead of the normal damage of an Unarmed Strike. If you aren't holding any weapons or a Shield when you make the attack roll, the d6 becomes a d8.</p>
			<p class="indent">At the start of each of your turns, you can deal 1d4 Bludgeoning damage to one creature Grappled by you.</p>
		</description>
		<sheet display="false" />
		<rules>
			<select type="Feat" name="Fighting Style" supports="Fighting Style" />
		</rules>
	</element>

	<element name="Level 1: Second Wind" type="Class Feature" source="Player’s Handbook 2024" id="ID_WOTC_PHB24_CLASS_FEATURE_FIGHTER_SECONDWIND">
		<requirements>!ID_INTERNAL_FEATURE_REPLACEMENT_FIGHTER_SECOND_WIND</requirements>
		<description>
			<p>You have a limited well of physical and mental stamina that you can draw on. As a Bonus Action, you can use it to regain Hit Points equal to 1d10 plus your Fighter level.</p>
			<p class="indent">You can use this feature twice. You regain one expended use when you finish a Short Rest, and you regain all expended uses when you finish a Long Rest. </p>
			<p class="indent">When you reach certain Fighter levels, you gain more uses of this feature, as shown in the Second Wind column of the Fighter Features table.</p>
		</description>
		<sheet alt="Second Wind" action="Bonus Action" usage="{{second wind:count}}/Long Rest">
			<description>You regain 1d10+{{level:fighter}} Hit Points. &#13;
			You regain one expended use when you finish a Short Rest.</description>
		</sheet>
		<rules>
			<stat name="second wind:count" value="2" bonus="base" />
			<stat name="second wind:count" value="3" level="4" bonus="base" />
			<stat name="second wind:count" value="4" level="10" bonus="base" />	
		</rules>
	</element>

	<element name="Level 1: Weapon Mastery" type="Class Feature" source="Player’s Handbook 2024" id="ID_WOTC_PHB24_CLASS_FEATURE_FIGHTER_WEAPONMASTERY">
		<description>
			<p>Your training with weapons allows you to use the mastery properties of three kinds of Simple or Martial weapons of your choice. Whenever you finish a Long Rest, you can practice weapon drills and change one of those weapon choices.</p>
			<p class="indent">When you reach certain Fighter levels, you gain the ability to use the mastery properties of more kinds of weapons, as shown in the Weapon Mastery column of the Fighter Features table. </p>
		</description>
		<sheet alt="Weapon Mastery">
			<description>You are mastered in {{weapon mastery:count}} certain types of Simple or Martial weapons, and you can use their mastery properties. You can change one of these weapon choices per Long Rest. </description>
		</sheet>
		<rules>
			<stat name="weapon mastery:count" value="3" bonus="base" />
			<stat name="weapon mastery:count" value="4" level="4" bonus="base" />
			<stat name="weapon mastery:count" value="5" level="10" bonus="base" />	
			<stat name="weapon mastery:count" value="6" level="16" bonus="base" />	

			<select type="Class Feature" name="Weapon Mastery" level="1" supports="Weapon Mastery" number="3"/>
			<select type="Class Feature" name="Weapon Mastery" level="4" supports="Weapon Mastery" number="1"/>
			<select type="Class Feature" name="Weapon Mastery" level="10" supports="Weapon Mastery" number="1"/>
			<select type="Class Feature" name="Weapon Mastery" level="16" supports="Weapon Mastery" number="1"/>
		</rules>
	</element>

	<element name="Level 2: Action Surge" type="Class Feature" source="Player’s Handbook 2024" id="ID_WOTC_PHB24_CLASS_FEATURE_FIGHTER_ACTIONSURGE">
		<requirements>!ID_INTERNAL_FEATURE_REPLACEMENT_FIGHTER_ACTION_SURGE</requirements>
		<description>
			<p>You can push yourself beyond your normal limits for a moment. On your turn, you can take one additional action, except for the Magic action.</p>
			<p class="indent">Once you use this feature, you can't do so again until you finish a Short or Long Rest. Starting at level 17, you can use it twice before a rest, but only once on a turn.</p>
		</description>
		<sheet alt="Action Surge" usage="1/Short Rest">
			<description>On your turn, you can take one additional action on top of your regular action, except for the Magic action.</description>
			<description usage="2/Short Rest" level="17">On your turn, you can take one additional action on top of your regular action, except for the Magic action.</description>
		</sheet>
	</element>

		<element name="Level 2: Tactical Mind" type="Class Feature" source="Player’s Handbook 2024" id="ID_WOTC_PHB24_CLASS_FEATURE_FIGHTER_TACTICALMIND">
		<description>
			<p>You have a mind for tactics on and off the battlefield. When you fail an ability check, you can expend a use of your Second Wind to push yourself toward success. Rather than regaining Hit Points, you roll 1d10 and add the number rolled to the ability check, potentially turning it into a success. If the check still fails, this use of Second Wind isn't expended.</p>
		</description>
		<sheet alt="Tactical Mind" usage="Second Wind">
			<description>When you fail an ability check, you can expend a use of your Second Wind to roll 1d10 and add the number to the ability check. If the check fails, this use of Second Wind isn't expended.</description>
		</sheet>
	</element>

	<element name="Level 3: Fighter Subclass" type="Class Feature" source="Player’s Handbook 2024" id="ID_WOTC_PHB24_CLASS_FEATURE_FIGHTER_MARTIALARCHETYPE">
		<requirements>!ID_INTERNAL_FEATURE_REPLACEMENT_FIGHTER_MARTIAL_ARCHETYPE</requirements>
		<description>
			<p>You gain a Fighter subclass of your choice. The Battle Master, Champion, Eldritch Knight and Psi Warrior subclasses are detailed after this class's description. A subclass is a specialization that grants you features at certain Fighter levels. For the rest of your career, you gain each of your subclass's features that are of your Fighter level or lower.</p>
		</description>
		<sheet display="false" />
		<rules>
			<select type="Archetype" name="Fighter Subclass" supports="Martial Archetype" level="3" />
		</rules>
	</element>

	<element name="Level 4: Ability Score Improvement" type="Class Feature" source="Player’s Handbook 2024" id="ID_WOTC_PHB24_CLASS_FEATURE_FIGHTER_ABILITYSCOREIMPROVEMENT_FIGHTER">
		<requirements>!ID_INTERNAL_FEATURE_REPLACEMENT_FIGHTER_ABILITY_SCORE_IMPROVEMENT</requirements>
		<compendium display="false" />
		<description>
			<p>You gain the Ability Score Improvement feat or another feat of your choice for which you qualify. You gain this feature again at Fighter levels 6, 8, 12, 14 and 16.</p>
		</description>
		<sheet display="false" />
		<rules>
			<select type="Feat" name="Ability Score Improvement (Fighter 4)" supports="!Boon" level="4" />
			<select type="Feat" name="Ability Score Improvement (Fighter 6)" supports="!Boon" level="6" />
			<select type="Feat" name="Ability Score Improvement (Fighter 8)" supports="!Boon" level="8" />
			<select type="Feat" name="Ability Score Improvement (Fighter 12)" supports="!Boon" level="12" />
			<select type="Feat" name="Ability Score Improvement (Fighter 14)" supports="!Boon" level="14" />
			<select type="Feat" name="Ability Score Improvement (Fighter 16)" supports="!Boon" level="16" />
		</rules>
	</element>

	<element name="Level 5: Extra Attack" type="Class Feature" source="Player’s Handbook 2024" id="ID_WOTC_PHB24_CLASS_FEATURE_FIGHTER_EXTRAATTACK">
		<requirements>!ID_INTERNAL_FEATURE_REPLACEMENT_FIGHTER_EXTRA_ATTACK</requirements>
		<description>
			<p>Beginning at 5th level, you can attack twice instead of once, whenever you take the Attack action on your turn.</p>
			<p class="indent">The number of attacks increases to three when you reach 11th level in this class and to four when you reach 20th level in this class.</p>
		</description>
		<sheet alt="Extra Attack">
			<description level="5">You can attack twice, instead of once, whenever you take the Attack action on your turn</description>
			<description level="11">You can attack three times, instead of once, whenever you take the Attack action on your turn</description>
			<description level="20">You can attack four times, instead of once, whenever you take the Attack action on your turn</description>
		</sheet>
		<rules>
			<stat name="extra attack:count" value="2" level="5" bonus="extra attack" />
			<stat name="extra attack:count" value="3" level="11" bonus="extra attack" />
			<stat name="extra attack:count" value="4" level="20" bonus="extra attack" />
		</rules>
	</element>

	<element name="Level 5: Tactical Shift" type="Class Feature" source="Player’s Handbook 2024" id="ID_WOTC_PHB24_CLASS_FEATURE_FIGHTER_TACTICALSHIFT">
		<description>
			<p>Whenever you activate your Second Wind with a Bonus Action, you can move up to half your speed without provoking Opportunity Attacks.</p>
		</description>
		<sheet alt="Tactical Shift">
			<description>When you activate Second Wind with a Bonus Action, you can move up to half your speed without provoking Opportunity Attacks.</description>
		</sheet>
	</element>

	<element name="Level 9: Indomitable" type="Class Feature" source="Player’s Handbook 2024" id="ID_WOTC_PHB24_CLASS_FEATURE_FIGHTER_INDOMITABLE">
		<requirements>!ID_INTERNAL_FEATURE_REPLACEMENT_FIGHTER_INDOMITABLE</requirements>
		<description>
			<p>If you fail a saving throw, you can reroll it with a bonus equal to your Fighter level. You must use the new roll, and you can't use this feature again until you finish a Long Rest.</p>
			<p class="indent">You can use this feature twice between long rests starting at 13th level and three times between long rests starting at 17th level.</p>
		</description>
		<sheet alt="Indomitable" usage="{{indomitable:usage}}/Long Rest">
			<description>You can reroll a saving throw that you fail with a +{{indomitable:bonus}} bonus. If you do so, you must use the new roll.</description>
		</sheet>
		<rules>
			<stat name="indomitable:usage" value="1" level="9" />
			<stat name="indomitable:usage" value="1" level="13" />
			<stat name="indomitable:usage" value="1" level="17" />
			<stat name="indomitable:bonus" value="level:fighter" />
		</rules>
	</element>

	<element name="Level 9: Tactical Master" type="Class Feature" source="Player’s Handbook 2024" id="ID_WOTC_PHB24_CLASS_FEATURE_FIGHTER_TACTICALMASTER">
		<description>
			<p>When you attack with a weapon whose mastery property you can use, you can replace that property with the Push, Sap or Slow property for that attack.</p>
		</description>
		<sheet alt="Tactical Master">
			<description>When you attack with a weapon whose mastery property you can use, you can replace that property with the Push, Sap or Slow property for that attack.</description>
		</sheet>
	</element>

	<element name="Level 13: Studied Attacks" type="Class Feature" source="Player’s Handbook 2024" id="ID_WOTC_PHB24_CLASS_FEATURE_FIGHTER_STUDIEDATTACKS">
		<description>
			<p>You study your opponents and learn from each attack you make. If you make an attack roll against a creature and miss, you have Advantage on your next attack roll against that creaure before the end of your next turn.</p>
		</description>
		<sheet alt="Studied Attacks">
			<description>If you miss with an attack roll, you have Advantage on your next attack roll against that creature before the end of your next turn.</description>
		</sheet>
	</element>

		<element name="Level 19: Epic Boon" type="Class Feature" source="Player’s Handbook 2024" id="ID_WOTC_PHB24_CLASS_FEATURE_FIGHTER_EPICBOON">
		<description>
			<p>You gain an Epic Boon feat or another feat of your choice for which you qualify. Boon of Combat Prowess is recommended.</p>
		</description>
		<sheet display="false">
		</sheet>
		<rules>
			<select type="Feat" name="Epic Boon (Fighter 19)" level="19" />

		</rules>
	</element>

	<!-- old Fighting Styles, verify 2024 ID's & remove if redundant
	<element name="Archery" type="Class Feature" source="Player’s Handbook 2024" id="ID_WOTC_PHB24_CLASS_FEATURE_FIGHTINGSTYLE_ARCHERY">
		<supports>Fighting Style 2024, Fighter, Ranger</supports>
		<description>
			<p>You gain a +2 bonus to attack rolls you make with ranged weapons.</p>
		</description>
		<sheet>
			<description>You gain a +2 bonus to attack rolls you make with ranged weapons.</description>
		</sheet>
		<rules>
			<stat name="ranged:attack" value="2" />
		</rules>
	</element>
	<element name="Blind Fighting" type="Class Feature" source="Tasha’s Cauldron of Everything" id="ID_WOTC_TCOE_CLASS_FEATURE_FIGHTING_STYLE_BLIND_FIGHTING">
		<supports>Fighting Style 2024, Fighter, Paladin, Ranger</supports>
		<description>
			<p>You have blindsight with a range of 10 feet. Within that range, you can effectively see anything that isn’t behind total cover, even if you’re blinded or in darkness. Moreover, you can see an invisible creature within that range, unless the creature successfully hides from you.</p>
		</description>
		<sheet>
			<description>You have blindsight with a range of {{blindsight:range}} feet. Within that range, you can effectively see anything that isn’t behind total cover, even if you’re blinded or in darkness. Moreover, you can see an invisible creature within that range, unless the creature successfully hides from you.</description>
		</sheet>
		<rules>
			<grant type="Vision" id="ID_VISION_BLINDSIGHT" />
			<stat name="blindsight:range" value="10" bonus="base" />
		</rules>
	</element>
	<element name="Defense" type="Class Feature" source="Player’s Handbook 2024" id="ID_WOTC_PHB24_CLASS_FEATURE_FIGHTINGSTYLE_DEFENSE">
		<supports>Fighting Style 2024, Fighter, Paladin, Ranger</supports>
		<description>
			<p>While you are wearing armor, you gain a +1 bonus to AC.</p>
		</description>
		<sheet>
			<description>While you are wearing armor, you gain a +1 bonus to AC.</description>
		</sheet>
		<rules>
			<stat name="ac:misc" value="1" bonus="fighting style" equipped="[armor:any]" alt="Defense (Fighting Style)" />
		</rules>
	</element>
	<element name="Dueling" type="Class Feature" source="Player’s Handbook 2024" id="ID_WOTC_PHB24_CLASS_FEATURE_FIGHTINGSTYLE_DUELING">
		<supports>Fighting Style 2024, Fighter, Paladin, Ranger</supports>
		<description>
			<p>When you are wielding a melee weapon in one hand and no other weapons, you gain a +2 bonus to damage rolls with that weapon.</p>
		</description>
		<sheet>
			<description>When you are wielding a melee weapon in one hand and no other weapons, you gain a +2 bonus to damage rolls with that weapon.</description>
		</sheet>
		<rules>

		</rules>
	</element>
	<element name="Great Weapon Fighting" type="Class Feature" source="Player’s Handbook 2024" id="ID_WOTC_PHB24_CLASS_FEATURE_FIGHTINGSTYLE_GREAT_WEAPON_FIGHTING">
		<supports>Fighting Style 2024, Fighter, Paladin</supports>
		<description>
			<p>When you roll a 1 or 2 on a damage die for an attack you make with a melee weapon that you are wielding with two hands, you can reroll the die and must use the new roll, even if the new roll is a 1 or a 2. The weapon must have the two-handed or versatile property for you to gain this benefit.</p>
		</description>
		<sheet>
			<description>When you roll a 1 or 2 on a damage die for an attack you make with a melee weapon that you are wielding with two hands, you can reroll the die and must use the new roll, even if the new roll is a 1 or a 2. The weapon must have the two-handed or versatile property for you to gain this benefit.</description>
		</sheet>
	</element>
	<element name="Protection" type="Class Feature" source="Player’s Handbook 2024" id="ID_WOTC_PHB24_CLASS_FEATURE_FIGHTINGSTYLE_PROTECTION">
		<supports>Fighting Style 2024, Fighter, Paladin</supports>
		<description>
			<p>When a creature you can see attacks a target other than you that is within 5 feet of you, you can use your reaction to impose disadvantage on the attack roll. You must be wielding a shield.</p>
		</description>
		<sheet action="Reaction">
			<description>When a creature you can see attacks a target other than you that is within 5 feet of you, you can use your reaction to impose disadvantage on the attack roll. You must be wielding a shield.</description>
		</sheet>
	</element>
	<element name="Two-Weapon Fighting" type="Class Feature" source="Player’s Handbook 2024" id="ID_WOTC_PHB24_CLASS_FEATURE_FIGHTINGSTYLE_TWOWEAPON_FIGHTING">
		<supports>Fighting Style, Fighter, Ranger</supports>
		<description>
			<p>When you engage in two-weapon fighting, you can add your ability modifier to the damage of the second attack.</p>
		</description>
		<sheet>
			<description>When you engage in two-weapon fighting, you can add your ability modifier to the damage of the second attack.</description>
		</sheet>
	</element> -->

	<!--Feature Replacement Grants-->
	<element name="Fighting Style Feature Replacement" type="Grants" source="Internal" id="ID_INTERNAL_FEATURE_REPLACEMENT_FIGHTER_FIGHTING_STYLE" />
	<element name="Second Wind Feature Replacement" type="Grants" source="Internal" id="ID_INTERNAL_FEATURE_REPLACEMENT_FIGHTER_SECOND_WIND" />
	<element name="Action Surge Feature Replacement" type="Grants" source="Internal" id="ID_INTERNAL_FEATURE_REPLACEMENT_FIGHTER_ACTION_SURGE" />
	<element name="Martial Archetype Feature Replacement" type="Grants" source="Internal" id="ID_INTERNAL_FEATURE_REPLACEMENT_FIGHTER_MARTIAL_ARCHETYPE" />
	<element name="Ability Score Improvement Feature Replacement" type="Grants" source="Internal" id="ID_INTERNAL_FEATURE_REPLACEMENT_FIGHTER_ABILITY_SCORE_IMPROVEMENT" />
	<element name="Extra Attack Feature Replacement" type="Grants" source="Internal" id="ID_INTERNAL_FEATURE_REPLACEMENT_FIGHTER_EXTRA_ATTACK" />
	<element name="Indomitable Feature Replacement" type="Grants" source="Internal" id="ID_INTERNAL_FEATURE_REPLACEMENT_FIGHTER_INDOMITABLE" />
</elements>
