<?xml version="1.0" encoding="utf-8" ?>
<elements>
	<info>
		<name>Rogue</name>
		<description>The Rogue class from the Player’s Handbook 2024.</description>

		<author url="https://dndstore.wizards.com/us/en/product/1001494/2024-player-s-handbook-digital-plus-physical-bundle">Wizards of the Coast</author>
		<update version="0.0.8">
			<file name="class-rogue.xml" url="https://raw.githubusercontent.com/Netrinil/Aurora/master/core/players-handbook-2024/classes/class-rogue.xml" />
		</update>
	</info>

	<element name="Rogue" type="Class" source="Player’s Handbook 2024" id="ID_WOTC_PHB24_CLASS_ROGUE">
		<description>
			<p>Rogues rely on cunning, stealth, and their foes’ vulnerabilities to get the upper hand in any situation. They have a knack for finding the solution to just about any problem. A few even learn magical tricks to supplement their other abilities. Many Rogues focus on stealth and deception, while others refine skills that help them in a dungeon environment, such as climbing, finding and disarming traps, and opening locks.</p>
			<p class="indent">In combat, Rogues prioritize subtle strikes over brute strength. They would rather make one precise strike than wear an opponent down with a barrage of blows.</p>
			<p class="indent">Some Rogues began their careers as criminals, while others used their cunning to fight crime. Whatever a Rogue’s relation to the law, no common criminal or officer of the law can match the subtle brilliance of the greatest Rogues.</p>
			
			<table>
				<thead>
					<tr><td>Core Rogue Traits</td></tr>
				</thead>
				<tr><td>Primary Ability</td><td class="left">Dexterity </td> </tr>
				<tr><td>Hit Point Die</td><td class="left">D8 per Rogue level</td></tr>
				<tr><td>Saving Throw Proficiencies</td><td class="left">Dexterity and Intelligence</td></tr>
				<tr><td>Skill Proficiencies</td><td class="left"><i>Choose 4:</i> Acrobatics, Athletics, Deception, Insight, Intimidation, Investigation, Perception, Persuasion, Sleight of Hand, Stealth</td></tr>
				<tr><td>Tool Proficiencies</td><td class="left">Thieves’ Tools</td></tr>
				<tr><td>Weapon Proficiencies</td><td class="left">Simple weapons and Martial weapons that have the Finesse or Light property</td></tr>
				<tr><td>Armor Training</td><td class="left">Light armor</td></tr>
				<tr><td>Starting Equipment</td><td class="left"><i> Choose A or B:</i> (A) Leather Armor, 2 Daggers, Shortsword, Shortbow, 20 Arrows, Quiver, Thieves’ Tools, Burglar’s Pack, and 8 GP; or (B) 100 GP</td></tr>
			</table>
			<h3>BECOMING A ROGUE ...</h3>
			<h4>As A Level 1 Character</h4>
			<ul>
				<li>Gain all the traits in the Core Rogue Traits table.</li>
				<li>Gain the Rogue’s level 1 features which are listed in the Rogue Features table.</li>
			</ul>
			<h4>As A Multiclass Character</h4>
			<ul>
				<li>Gain the Hit Point Die trait from the Core Rogue Traits table.</li>
				<li>Gain the Rogue’s level 1 features which are listed in the Rogue Features table</li>
				<li>Gain one skill proficiency of your choice from the Rogue’s skill list, proficiency in Thieves’ Tools, and Light armor training</li>
			</ul>
			<h5 class="caption">ROGUE FEATURES</h5>
			<table class="class-features">
				<thead>
					<tr><td class="col-5">Level</td><td class="col-10">Sneak Attack</td><td class="col-60 left">Features</td></tr>
				</thead>
				<tr><td> 1st</td><td>1d6</td><td class="left">Expertise, Sneak Attack, Thieves’ Cant, Weapon Mastery</td></tr>
				<tr><td> 2nd</td><td>1d6</td><td class="left">Cunning Action</td></tr>
				<tr><td> 3rd</td><td>2d6</td><td class="left">Roguish Subclass, Steady Aim</td></tr>
				<tr><td> 4th</td><td>2d6</td><td class="left">Ability Score Improvement</td></tr>
				<tr><td> 5th</td><td>3d6</td><td class="left">Cunning Strike, Uncanny Dodge</td></tr>
				<tr><td> 6th</td><td>3d6</td><td class="left">Expertise</td></tr>
				<tr><td> 7th</td><td>4d6</td><td class="left">Evasion, Reliable Talent</td></tr>
				<tr><td> 8th</td><td>4d6</td><td class="left">Ability Score Improvement</td></tr>
				<tr><td> 9th</td><td>5d6</td><td class="left">Subclass Feature</td></tr>
				<tr><td>10th</td><td>5d6</td><td class="left">Ability Score Improvement</td></tr>
				<tr><td>11th</td><td>6d6</td><td class="left">Improved Cunning Strike</td></tr>
				<tr><td>12th</td><td>6d6</td><td class="left">Ability Score Improvement</td></tr>
				<tr><td>13th</td><td>7d6</td><td class="left">Subclass Feature</td></tr>
				<tr><td>14th</td><td>7d6</td><td class="left">Devious Strikes</td></tr>
				<tr><td>15th</td><td>8d6</td><td class="left">Slippery Mind</td></tr>
				<tr><td>16th</td><td>8d6</td><td class="left">Ability Score Improvement</td></tr>
				<tr><td>17th</td><td>9d6</td><td class="left">Subclass Feature</td></tr>
				<tr><td>18th</td><td>9d6</td><td class="left">Elusive</td></tr>
				<tr><td>19th</td><td>10d6</td><td class="left">Epic Boon</td></tr>
				<tr><td>20th</td><td>10d6</td><td class="left">Stroke of Luck</td></tr>
			</table>
			<h3>ROGUE CLASS FEATURES</h3>
			<p>As a Rogue, you gain the following class features when you reach the specified Rogue levels. These features are listed in the Rogue Features table.</p>
			<div element="ID_WOTC_PHB24_CLASS_FEATURE_ROGUE_EXPERTISE"/>
			<div element="ID_WOTC_PHB24_CLASS_FEATURE_ROGUE_SNEAK_ATTACK"/>
			<div element="ID_WOTC_PHB24_CLASS_FEATURE_ROGUE_THIEVES_CANT"/>
			<div element="ID_WOTC_PHB24_CLASS_FEATURE_ROGUE_WEAPON_MASTERY"/>
			<div element="ID_WOTC_PHB24_CLASS_FEATURE_ROGUE_CUNNING_ACTION"/>
			<div element="ID_WOTC_PHB24_CLASS_FEATURE_ROGUE_ROGUISH_ARCHETYPE"/>
			<div element="ID_WOTC_PHB24_CLASS_FEATURE_ROGUE_STEADY_AIM"/>
			<div element="ID_WOTC_PHB24_CLASS_FEATURE_ROGUE_ABILITY_SCORE_IMPROVEMENT"/>
			<div element="ID_WOTC_PHB24_CLASS_FEATURE_ROGUE_CUNNING_STRIKE"/>
			<div element="ID_WOTC_PHB24_CLASS_FEATURE_ROGUE_UNCANNY_DODGE"/>
			<div element="ID_WOTC_PHB24_CLASS_FEATURE_ROGUE_EVASION"/>
			<div element="ID_WOTC_PHB24_CLASS_FEATURE_ROGUE_RELIABLE_TALENT"/>
			<div element="ID_WOTC_PHB24_CLASS_FEATURE_ROGUE_IMPROVED_CUNNING_STRIKE"/>
			<div element="ID_WOTC_PHB24_CLASS_FEATURE_ROGUE_DEVIOUS_STRIKES"/>
			<div element="ID_WOTC_PHB24_CLASS_FEATURE_ROGUE_SLIPPERY_MIND"/>
			<div element="ID_WOTC_PHB24_CLASS_FEATURE_ROGUE_ELUSIVE"/>
			<div element="ID_WOTC_PHB24_CLASS_FEATURE_ROGUE_EPIC_BOON"/>
			<div element="ID_WOTC_PHB24_CLASS_FEATURE_ROGUE_STROKE_OF_LUCK"/>
		</description>
		<sheet display="false">
			<description>A Dexterous Expert in Stealth and Subterfuge</description>
		</sheet>
		<setters>
			<set name="short">A Dexterous Expert in Stealth and Subterfuge</set>
			<set name="hd">d8</set>
		</setters>
		<rules>
			<grant type="Proficiency" id="ID_WOTC_PHB24_PROFICIENCY_ARMOR_PROFICIENCY_LIGHT_ARMOR" requirements="!ID_WOTC_PHB24_MULTICLASS_ROGUE" />
			<grant type="Proficiency" id="ID_WOTC_PHB24_PROFICIENCY_WEAPON_PROFICIENCY_SIMPLE_WEAPONS" requirements="!ID_WOTC_PHB24_MULTICLASS_ROGUE" />
			<grant type="Proficiency" id="ID_WOTC_PHB24_PROFICIENCY_WEAPON_PROFICIENCY_CROSSBOW_HAND" requirements="!ID_WOTC_PHB24_MULTICLASS_ROGUE" />
			<grant type="Proficiency" id="ID_WOTC_PHB24_PROFICIENCY_WEAPON_PROFICIENCY_RAPIER" requirements="!ID_WOTC_PHB24_MULTICLASS_ROGUE" />
			<grant type="Proficiency" id="ID_WOTC_PHB24_PROFICIENCY_WEAPON_PROFICIENCY_SCIMITAR" requirements="!ID_WOTC_PHB24_MULTICLASS_ROGUE" />
			<grant type="Proficiency" id="ID_WOTC_PHB24_PROFICIENCY_WEAPON_PROFICIENCY_SHORTSWORD" requirements="!ID_WOTC_PHB24_MULTICLASS_ROGUE" />
			<grant type="Proficiency" id="ID_WOTC_PHB24_PROFICIENCY_WEAPON_PROFICIENCY_WHIP" requirements="!ID_WOTC_PHB24_MULTICLASS_ROGUE" />
			<grant type="Proficiency" id="ID_WOTC_PHB24_PROFICIENCY_TOOL_PROFICIENCY_THIEVES_TOOLS" requirements="!ID_WOTC_PHB24_MULTICLASS_ROGUE" />
			<grant type="Proficiency" id="ID_PROFICIENCY_WEAPON_PROFICIENCY_SIMPLE_WEAPONS" requirements="!ID_WOTC_PHB24_MULTICLASS_ROGUE, ID_WOTC_SOURCE_PLAYERS_HANDBOOK"/>
			<grant type="Proficiency" id="ID_PROFICIENCY_WEAPON_PROFICIENCY_CROSSBOW_HAND" requirements="!ID_WOTC_PHB24_MULTICLASS_ROGUE, ID_WOTC_SOURCE_PLAYERS_HANDBOOK" />
			<grant type="Proficiency" id="ID_PROFICIENCY_WEAPON_PROFICIENCY_RAPIER" requirements="!ID_WOTC_PHB24_MULTICLASS_ROGUE, ID_WOTC_SOURCE_PLAYERS_HANDBOOK" />
			<grant type="Proficiency" id="ID_PROFICIENCY_WEAPON_PROFICIENCY_SCIMITAR" requirements="!ID_WOTC_PHB24_MULTICLASS_ROGUE, ID_WOTC_SOURCE_PLAYERS_HANDBOOK" />
			<grant type="Proficiency" id="ID_PROFICIENCY_WEAPON_PROFICIENCY_SHORTSWORD" requirements="!ID_WOTC_PHB24_MULTICLASS_ROGUE, ID_WOTC_SOURCE_PLAYERS_HANDBOOK" />
			<grant type="Proficiency" id="ID_PROFICIENCY_WEAPON_PROFICIENCY_WHIP" requirements="!ID_WOTC_PHB24_MULTICLASS_ROGUE, ID_WOTC_SOURCE_PLAYERS_HANDBOOK" />
			<grant type="Proficiency" id="ID_PROFICIENCY_ARMOR_PROFICIENCY_LIGHT_ARMOR" requirements="!ID_WOTC_PHB24_MULTICLASS_ROGUE, ID_WOTC_SOURCE_PLAYERS_HANDBOOK"/>
			<grant type="Proficiency" id="ID_PROFICIENCY_TOOL_PROFICIENCY_THIEVES_TOOLS" requirements="!ID_WOTC_PHB24_MULTICLASS_ROGUE, ID_WOTC_SOURCE_PLAYERS_HANDBOOK" />
			<grant type="Proficiency" id="ID_WOTC_PHB24_PROFICIENCY_SAVINGTHROW_DEXTERITY" requirements="!ID_WOTC_PHB24_MULTICLASS_ROGUE"/>
			<grant type="Proficiency" id="ID_WOTC_PHB24_PROFICIENCY_SAVINGTHROW_INTELLIGENCE" requirements="!ID_WOTC_PHB24_MULTICLASS_ROGUE"/>
			<select type="Proficiency" name="Skill Proficiency (Rogue)" supports="Skill 2024,Rogue,!Expertise" number="4" requirements="!ID_WOTC_PHB24_MULTICLASS_ROGUE" />
			<grant type="Class Feature" id="ID_WOTC_PHB24_CLASS_FEATURE_ROGUE_EXPERTISE" level="1" />
			<grant type="Class Feature" id="ID_WOTC_PHB24_CLASS_FEATURE_ROGUE_SNEAK_ATTACK" level="1"/>
			<grant type="Class Feature" id="ID_WOTC_PHB24_CLASS_FEATURE_ROGUE_THIEVES_CANT" level="1" />
			<grant type="Class Feature" id="ID_WOTC_PHB24_CLASS_FEATURE_ROGUE_WEAPON_MASTERY" level="1"/>
			<grant type="Class Feature" id="ID_WOTC_PHB24_CLASS_FEATURE_ROGUE_CUNNING_ACTION" level="2"/>
			<grant type="Class Feature" id="ID_WOTC_PHB24_CLASS_FEATURE_ROGUE_ROGUISH_ARCHETYPE" level="3" />
			<grant type="Class Feature" id="ID_WOTC_PHB24_CLASS_FEATURE_ROGUE_STEADY_AIM" level="3" />
			<grant type="Class Feature" id="ID_WOTC_PHB24_CLASS_FEATURE_ROGUE_ABILITY_SCORE_IMPROVEMENT" level="4" />
			<grant type="Class Feature" id="ID_WOTC_PHB24_CLASS_FEATURE_ROGUE_CUNNING_STRIKE" level="5" />
			<grant type="Class Feature" id="ID_WOTC_PHB24_CLASS_FEATURE_ROGUE_UNCANNY_DODGE" level="5" />
			<grant type="Class Feature" id="ID_WOTC_PHB24_CLASS_FEATURE_ROGUE_EVASION" level="7" />
			<grant type="Class Feature" id="ID_WOTC_PHB24_CLASS_FEATURE_ROGUE_RELIABLE_TALENT" level="7" />
			<grant type="Class Feature" id="ID_WOTC_PHB24_CLASS_FEATURE_ROGUE_IMPROVED_CUNNING_STRIKE" level="11" />
			<grant type="Class Feature" id="ID_WOTC_PHB24_CLASS_FEATURE_ROGUE_DEVIOUS_STRIKES" level="14" />
			<grant type="Class Feature" id="ID_WOTC_PHB24_CLASS_FEATURE_ROGUE_SLIPPERY_MIND" level="15" />
			<grant type="Class Feature" id="ID_WOTC_PHB24_CLASS_FEATURE_ROGUE_ELUSIVE" level="18" />
			<grant type="Class Feature" id="ID_WOTC_PHB24_CLASS_FEATURE_ROGUE_EPIC_BOON" level="19" />
			<grant type="Class Feature" id="ID_WOTC_PHB24_CLASS_FEATURE_ROGUE_STROKE_OF_LUCK" level="20" />
		</rules>
		<multiclass id="ID_WOTC_PHB24_MULTICLASS_ROGUE">
			<prerequisite>Dexterity 13</prerequisite>
			<requirements>[dex:13]</requirements>
			<setters>
				<set name="multiclass proficiencies">Light armor, one skill from the class’s skill list, thieves’ tools</set>
			</setters>
			<rules>
				<grant type="Grants" id="ID_INTERNAL_GRANT_MULTICLASS" />
				<grant type="Proficiency" id="ID_WOTC_PHB24_PROFICIENCY_ARMOR_PROFICIENCY_LIGHT_ARMOR" />
				<grant type="Proficiency" id="ID_WOTC_PHB24_PROFICIENCY_TOOL_PROFICIENCY_THIEVES_TOOLS" />
				<grant type="Proficiency" id="ID_PROFICIENCY_ARMOR_PROFICIENCY_LIGHT_ARMOR" requirements="ID_WOTC_SOURCE_PLAYERS_HANDBOOK"/>
				<grant type="Proficiency" id="ID_PROFICIENCY_TOOL_PROFICIENCY_THIEVES_TOOLS" requirements="ID_WOTC_SOURCE_PLAYERS_HANDBOOK" />
				<select type="Proficiency" name="Skill Proficiency (Rogue)" supports="Skill,Rogue" number="1" />
			</rules>
		</multiclass>
	</element>

	<element name="Level 1: Expertise" type="Class Feature" source="Player’s Handbook 2024" id="ID_WOTC_PHB24_CLASS_FEATURE_ROGUE_EXPERTISE">
		<requirements>!ID_INTERNAL_FEATURE_REPLACEMENT_ROGUE_24_EXPERTISE</requirements>
		<description>
			<p>You gain Expertise in two of your skill proficiencies of your choice. Sleight of Hand and Stealth are recommended if you have proficiency in them.</p>
			<p class="indent">At Rogue level 6, you gain Expertise in two more of your skill proficiencies of your choice.</p>
		</description>
		<sheet display="false" />
		<rules>
			<select type="Proficiency" name="Expertise (Rogue 1)" level="1" number="2" supports="Expertise,Skill"/>
			<select type="Proficiency" name="Expertise (Rogue 6)" level="6" number="2" supports="Expertise,Skill"/>
		</rules>
	</element>
	<element name="Level 1: Sneak Attack" type="Class Feature" source="Player’s Handbook 2024" id="ID_WOTC_PHB24_CLASS_FEATURE_ROGUE_SNEAK_ATTACK">
		<requirements>!ID_INTERNAL_FEATURE_REPLACEMENT_ROGUE_24_SNEAK_ATTACK</requirements>
		<description>
			<p>You know how to strike subtly and exploit a foe’s distraction. Once per turn, you can deal an extra 1d6 damage to one creature you hit with an attack roll if you have Advantage on the roll and the attack uses a Finesse or a Ranged weapon. The extra damage’s type is the same as the weapon’s type.</p>
			<p class="indent">You don’t need Advantage on the attack roll if at least one of your allies is within 5 feet of the target, the ally doesn’t have the Incapacitated condition, and you don’t have Disadvantage on the attack roll.</p>
			<p class="indent">The extra damage increases as you gain Rogue levels, as shown in the Sneak Attack column of the Rogue Features table.</p>
		</description>
		<sheet alt="Sneak Attack">
			<description>Once per turn, you can deal an extra {{sneak-attack:count}}d{{sneak-attack:die}} damage to one creature you hit with an attack if you have Advantage on the attack roll. The attack must use a finesse or a ranged weapon.
			You don’t need Advantage on the attack roll if one of your allies is within 5 feet of the target, the ally doesn’t have the Incapacitated condition, and you don’t have Disadvantage on the attack roll.</description>
		</sheet>
		<rules>
			<stat name="sneak-attack:count" value="1" level="1" />
			<stat name="sneak-attack:count" value="1" level="3" />
			<stat name="sneak-attack:count" value="1" level="5" />
			<stat name="sneak-attack:count" value="1" level="7" />
			<stat name="sneak-attack:count" value="1" level="9" />
			<stat name="sneak-attack:count" value="1" level="11" />
			<stat name="sneak-attack:count" value="1" level="13" />
			<stat name="sneak-attack:count" value="1" level="15" />
			<stat name="sneak-attack:count" value="1" level="17" />
			<stat name="sneak-attack:count" value="1" level="19" />
			<stat name="sneak-attack:die" value="6" bonus="die" />
		</rules>
	</element>
	<element name="Level 1: Thieves’ Cant" type="Class Feature" source="Player’s Handbook 2024" id="ID_WOTC_PHB24_CLASS_FEATURE_ROGUE_THIEVES_CANT">
		<requirements>!ID_INTERNAL_FEATURE_REPLACEMENT_ROGUE_24_THIEVES_CANT</requirements>
		<description>
			<p>You picked up various languages in the communities where you plied your roguish talents. You know Thieves’ Cant and one other language of your choice, which you choose from the language tables in chapter 2.</p>
		</description>
		<sheet display="false" />
		<rules>
			<grant type="Language" id="ID_WOTC_PHB24_LANGUAGE_THIEVES_CANT" />
			<select type="Language" name="Language (Thieves’ Cant)" supports="Standard||Exotic" number="1" />
		</rules>
	</element>
	<element name="Level 1: Weapon Mastery" type="Class Feature" source="Player’s Handbook 2024" id="ID_WOTC_PHB24_CLASS_FEATURE_ROGUE_WEAPON_MASTERY">
		<requirements>!ID_INTERNAL_FEATURE_REPLACEMENT_ROGUE_24_WEAPON_MASTERY</requirements>
		<description>
			<p>Your training with weapons allows you to use the mastery properties of two kinds of weapons of your choice with which you have proficiency, such as Daggers and Shortbows.</p>
			<p class="indent">Whenever you finish a Long Rest, you can change the kinds of weapons you chose. For example, you could switch to using the mastery properties of Scimitars and Shortswords.</p>
		</description>
		<sheet alt="Weapon Mastery">
			<description>You can use the mastery properties of two kinds of weapons of your choice with which you have proficiency. Whenever you finish a Long Rest, you can change the kinds of weapons you chose.</description>
		</sheet>
		<rules>
			<select type="Class Feature" name="Weapon Mastery" supports="Weapon Mastery" number="2"/>
		</rules>
	</element>

	<element name="Level 2: Cunning Action" type="Class Feature" source="Player’s Handbook 2024" id="ID_WOTC_PHB24_CLASS_FEATURE_ROGUE_CUNNING_ACTION">
		<requirements>!ID_INTERNAL_FEATURE_REPLACEMENT_ROGUE_24_CUNNING_ACTION</requirements>
		<description>
			<p>Your quick thinking and agility allow you to move and act quickly. On your turn, you can take one of the following actions as a Bonus Action: Dash, Disengage, or Hide.</p>
		</description>
		<sheet alt="Cunning Action">
			<description>On your turn, you can take one of the following actions as a Bonus Action: Dash, Disengage, or Hide.</description>
		</sheet>
	</element>

	<element name="Level 3: Roguish Archetype" type="Class Feature" source="Player’s Handbook 2024" id="ID_WOTC_PHB24_CLASS_FEATURE_ROGUE_ROGUISH_ARCHETYPE">
		<requirements>!ID_INTERNAL_FEATURE_REPLACEMENT_ROGUE_24_ROGUISH_ARCHETYPE</requirements>
		<description>
			<p>You gain a Rogue subclass of your choice. The Arcane Trickster, Assassin, Soulknife, and Thief subclasses are detailed after this class’s description. A subclass is a specialization that grants you features at certain Rogue levels. For the rest of your career, you gain each of your subclass’s features that are of your Rogue level or lower.</p>
		</description>
		<sheet display="false"/>
		<rules>
			<select type="Archetype" name="Roguish Archetype" supports="Roguish Archetype" level="3"/>
		</rules>
	</element>
	<element name="Level 3: Steady Aim" type="Class Feature" source="Player’s Handbook 2024" id="ID_WOTC_PHB24_CLASS_FEATURE_ROGUE_STEADY_AIM">
		<requirements>!ID_INTERNAL_FEATURE_REPLACEMENT_ROGUE_24_STEADY_AIM</requirements>
		<description>
			<p>As a Bonus Action, you give yourself Advantage on your next attack roll on the current turn. You can use this feature only if you haven’t moved during this turn, and after you use it, your Speed is 0 until the end of the current turn.</p>
		</description>
		<sheet alt="Steady Aim" action="Bonus Action">
			<description>You can give yourself Advantage on your next attack roll on the current turn. You can use this feature only if you haven’t moved during this turn, and after you use it, your Speed is 0 until the end of the current turn.</description>
		</sheet>
	</element>

	<element name="Level 4: Ability Score Improvement" type="Class Feature" source="Player’s Handbook 2024" id="ID_WOTC_PHB24_CLASS_FEATURE_ROGUE_ABILITY_SCORE_IMPROVEMENT">
		<requirements>!ID_INTERNAL_FEATURE_REPLACEMENT_ROGUE_24_ABILITY_SCORE_IMPROVEMENT</requirements>
		<compendium display="false" />
		<description>
			<p>You gain the Ability Score Improvement feat or another feat of your choice for which you qualify. You gain this feature again at Rogue levels 8, 10, 12, and 16.</p>
		</description>
		<sheet display="false" />
		<rules>
			<select type="Feat" name="Ability Score Improvement (Rogue 4)" level="4" />
			<select type="Feat" name="Ability Score Improvement (Rogue 8)" level="8" />
			<select type="Feat" name="Ability Score Improvement (Rogue 10)" level="10" />
			<select type="Feat" name="Ability Score Improvement (Rogue 12)" level="12" />
			<select type="Feat" name="Ability Score Improvement (Rogue 16)" level="16" />
		</rules>
	</element>

	<element name="Level 5: Cunning Strike" type="Class Feature" source="Player’s Handbook 2024" id="ID_WOTC_PHB24_CLASS_FEATURE_ROGUE_CUNNING_STRIKE">
		<requirements>!ID_INTERNAL_FEATURE_REPLACEMENT_ROGUE_24_CUNNING_STRIKE</requirements>
		<description>
			<p>You’ve developed cunning ways to use your Sneak Attack. When you deal Sneak Attack damage, you can add one of the following Cunning Strike effects. Each effect has a die cost, which is the number of Sneak Attack damage dice you must forgo to add the effect. You remove the die before rolling, and the effect occurs immediately after the attack’s damage is dealt. For example, if you add the Poison effect, remove 1d6 from the Sneak Attack’s damage before rolling.</p>
			<p class="indent">If a Cunning Strike effect requires a saving throw, the DC equals 8 plus your Dexterity modifier and Proficiency Bonus.</p>
			<p class="indent"><em><strong>Poison (Cost: 1d6).</strong></em> You add a toxin to your strike, forcing the target to make a Constitution saving throw. On a failed save, the target has the Poisoned condition for 1 minute. At the end of each of its turns, the Poisoned target repeats the save, ending the effect on itself on a success. To use this effect, you must have a Poisoner’s Kit on your person.</p>
			<p class="indent"><em><strong>Trip (Cost: 1d6).</strong></em> If the target is Large or smaller, it must succeed on a Dexterity saving throw or have the Prone condition.</p>
			<p class="indent"><em><strong>Withdraw (Cost: 1d6).</strong></em> Immediately after the attack, you move up to half your Speed without provoking Opportunity Attacks.</p>
		</description>
		<sheet alt="Cunning Strike">
			<description>When you deal Sneak Attack damage, you can add one of the following Cunning Strike effects by forgoing the indicated Sneak Attack dice: &#13;
			• Poison (Cost: 1d6). Target must succeed on a DC{{cunning strike:dc}} Constitution saving throw or has the Poisoned condition for 1 minute. At the end of each of its turns, the Poisoned target repeats the save, ending the effect on itself on a success. &#13;
			• Trip (Cost: 1d6). Target (Large or smaller) must succeed on a DC{{cunning strike:dc}} Dexterity saving throw or has the Prone condition. &#13;
			• Withdraw (Cost: 1d6). Move up to half your Speed without provoking Opportunity Attacks.
			</description>
		</sheet>
		<rules>
			<stat name="cunning strike:dc" value="8" />
			<stat name="cunning strike:dc" value="proficiency" />
			<stat name="cunning strike:dc" value="dexterity:modifier" />
		</rules>
	</element>
	<element name="Level 5: Uncanny Dodge" type="Class Feature" source="Player’s Handbook 2024" id="ID_WOTC_PHB24_CLASS_FEATURE_ROGUE_UNCANNY_DODGE">
		<requirements>!ID_INTERNAL_FEATURE_REPLACEMENT_ROGUE_24_UNCANNY_DODGE</requirements>
		<description>
			<p>When an attacker that you can see hits you with an attack roll, you can take a Reaction to halve the attack’s damage against you (round down).</p>
		</description>
		<sheet alt="Uncanny Dodge" action="Reaction">
			<description>When an attacker that you can see hits you with an attack, you can halve the attack’s damage against you.</description>
		</sheet>
	</element>

	<element name="Level 7: Evasion" type="Class Feature" source="Player’s Handbook 2024" id="ID_WOTC_PHB24_CLASS_FEATURE_ROGUE_EVASION">
		<requirements>!ID_INTERNAL_FEATURE_REPLACEMENT_ROGUE_24_EVASION</requirements>
		<description>
			<p>You can nimbly dodge out of the way of certain dangers. When you’re subjected to an effect that allows you to make a Dexterity saving throw to take only half damage, you instead take no damage if you succeed on the saving throw and only half damage if you fail. You can’t use this feature if you have the Incapacitated condition.</p>
		</description>
		<sheet alt="Evasion">
			<description>When you are subjected to an effect that allows you to make a Dexterity saving throw to take only half damage and do not have the Incapacitated condition, you instead take no damage if you succeed on the saving throw, and only half damage if you fail.</description>
		</sheet>
	</element>
	<element name="Level 7: Reliable Talent" type="Class Feature" source="Player’s Handbook 2024" id="ID_WOTC_PHB24_CLASS_FEATURE_ROGUE_RELIABLE_TALENT">
		<requirements>!ID_INTERNAL_FEATURE_REPLACEMENT_ROGUE_24_RELIABLE_TALENT</requirements>
		<description>
			<p>Whenever you make an ability check that uses one of your skill or tool proficiencies, you can treat a d20 roll of 9 or lower as a 10.</p>
		</description>
		<sheet alt="Reliable Talent">
			<description>Whenever you make an ability check that uses one of your skill or tool proficiencies, you can treat a d20 roll of 9 or lower as a 10.</description>
		</sheet>
	</element>

	<element name="Level 11: Improved Cunning Strike" type="Class Feature" source="Player’s Handbook 2024" id="ID_WOTC_PHB24_CLASS_FEATURE_ROGUE_IMPROVED_CUNNING_STRIKE">
		<requirements>!ID_INTERNAL_FEATURE_REPLACEMENT_ROGUE_24_IMPROVED_CUNNING_STRIKE</requirements>
		<description>
			<p>You can use up to two Cunning Strike effects when you deal Sneak Attack damage, paying the die cost for each effect.</p>
		</description>
		<sheet alt="Improved Cunning Strike">
			<description>You can use up to two Cunning Strike effects when you deal Sneak Attack damage, paying the die cost for each effect.
			</description>
		</sheet>
	</element>

	<element name="Level 14: Devious Strikes" type="Class Feature" source="Player’s Handbook 2024" id="ID_WOTC_PHB24_CLASS_FEATURE_ROGUE_DEVIOUS_STRIKES">
		<requirements>!ID_INTERNAL_FEATURE_REPLACEMENT_ROGUE_24_DEVIOUS_STRIKES</requirements>
		<description>
			<p>You’ve practiced new ways to use your Sneak Attack deviously. The following effects are now among your Cunning Strike options.</p>
			<p class="indent"><em><strong>Daze (Cost: 2d6).</strong></em> The target must succeed on a Constitution saving throw, or on its next turn, it can do only one of the following: move or take an action or a Bonus Action.</p>
			<p class="indent"><em><strong>Knock Out (Cost: 6d6).</strong></em> The target must succeed on a Constitution saving throw, or it has the Unconscious condition for 1 minute or until it takes any damage. The Unconscious target repeats the save at the end of each of its turns, ending the effect on itself on a success.</p>
			<p class="indent"><em><strong>Obscure (Cost: 3d6).</strong></em> The target must succeed on a Dexterity saving throw, or it has the Blinded condition until the end of its next turn.</p>
		</description>
		<sheet alt="Devious Strikes">
			<description>You gain the following Cunning Strike options: &#13;
			• Daze (Cost: 2d6). Target must succeed on a DC{{cunning strike:dc}} Constitution saving throw or can only move, take an action, or a Bonus Action on its next turn. &#13;
			• Knock Out (Cost: 6d6). Target must succeed on a DC{{cunning strike:dc}} Constitution saving throw or has the Unconscious condition for 1 minute or until it takes any damage. &#13;
			• Obscure (Cost: 3d6). Target must succeed on a DC{{cunning strike:dc}} Dexterity saving throw or has the Blinded condition until the end of its next turn.
			</description>
		</sheet>
	</element>

	<element name="Level 15: Slippery Mind" type="Class Feature" source="Player’s Handbook 2024" id="ID_WOTC_PHB24_CLASS_FEATURE_ROGUE_SLIPPERY_MIND">
		<requirements>!ID_INTERNAL_FEATURE_REPLACEMENT_ROGUE_24_SLIPPERY_MIND</requirements>
		<description>
			<p>Your cunning mind is exceptionally difficult to control. You gain proficiency in Wisdom and Charisma saving throws.</p>
		</description>
		<sheet display="false" />
		<rules>
			<grant type="Proficiency" id="ID_WOTC_PHB24_PROFICIENCY_SAVINGTHROW_WISDOM" />
			<grant type="Proficiency" id="ID_WOTC_PHB24_PROFICIENCY_SAVINGTHROW_CHARISMA" />
		</rules>
	</element>

	<element name="Level 18: Elusive" type="Class Feature" source="Player’s Handbook 2024" id="ID_WOTC_PHB24_CLASS_FEATURE_ROGUE_ELUSIVE">
		<requirements>!ID_INTERNAL_FEATURE_REPLACEMENT_ROGUE_24_ELUSIVE</requirements>
		<description>
			<p>You’re so evasive that attackers rarely gain the upper hand against you. No attack roll can have Advantage against you unless you have the Incapacitated condition.</p>
		</description>
		<sheet alt="Elusive">
			<description>No attack roll can have Advantage against you unless you have the Incapacitated condition.</description>
		</sheet>
	</element>

	<element name="Level 19: Epic Boon" type="Class Feature" source="Player’s Handbook 2024" id="ID_WOTC_PHB24_CLASS_FEATURE_ROGUE_EPIC_BOON">
		<requirements>!ID_INTERNAL_FEATURE_REPLACEMENT_ROGUE_24_EPIC_BOON</requirements>
		<description>
			<p>You gain an Epic Boon feat or another feat of your choice for which you qualify. Boon of the Night Spirit is recommended.</p>
		</description>
		<sheet display="false">
		</sheet>
		<rules>
			<select type="Feat" name="Epic Boon (Rogue 19)" level="19" />
			
		</rules>
	</element>

	<element name="Level 20: Stroke of Luck" type="Class Feature" source="Player’s Handbook 2024" id="ID_WOTC_PHB24_CLASS_FEATURE_ROGUE_STROKE_OF_LUCK">
		<requirements>!ID_INTERNAL_FEATURE_REPLACEMENT_ROGUE_24_STROKE_OF_LUCK</requirements>
		<description>
			<p>You have a marvelous knack for succeeding when you need to. If you fail a D20 Test, you can turn the roll into a 20.</p>
			<p>Once you use this feature, you can’t use it again until you finish a Short or Long Rest.</p>
		</description>
		<sheet alt="Stroke of Luck" usage="1/Short Rest">
			<description>If you fail a D20 Test, you can turn the roll into a 20.</description>
		</sheet>
	</element>


	<!--Feature Replacement Grants-->
	<element name="Expertise Feature Replacement" type="Grants" source="Internal" id="ID_INTERNAL_FEATURE_REPLACEMENT_ROGUE_24_EXPERTISE" />
	<element name="Sneak Attack Feature Replacement" type="Grants" source="Internal" id="ID_INTERNAL_FEATURE_REPLACEMENT_ROGUE_24_SNEAK_ATTACK" />
	<element name="Thieves’ Cant Feature Replacement" type="Grants" source="Internal" id="ID_INTERNAL_FEATURE_REPLACEMENT_ROGUE_24_THIEVES_CANT" />
	<element name="Weapon Mastery Feature Replacement" type="Grants" source="Internal" id="ID_INTERNAL_FEATURE_REPLACEMENT_ROGUE_24_WEAPON_MASTERY" />
	<element name="Cunning Action Feature Replacement" type="Grants" source="Internal" id="ID_INTERNAL_FEATURE_REPLACEMENT_ROGUE_24_CUNNING_ACTION" />
	<element name="Rogue Subclass Feature Replacement" type="Grants" source="Internal" id="ID_INTERNAL_FEATURE_REPLACEMENT_ROGUE_24_ROGUISH_ARCHETYPE" />
	<element name="Steady Aim Feature Replacement" type="Grants" source="Internal" id="ID_INTERNAL_FEATURE_REPLACEMENT_ROGUE_24_STEADY_AIM" />
	<element name="Ability Score Improvement Feature Replacement" type="Grants" source="Internal" id="ID_INTERNAL_FEATURE_REPLACEMENT_ROGUE_24_ABILITY_SCORE_IMPROVEMENT" />
	<element name="Cunning Strike Feature Replacement" type="Grants" source="Internal" id="ID_INTERNAL_FEATURE_REPLACEMENT_ROGUE_24_CUNNING_STRIKE" />
	<element name="Uncanny Dodge Feature Replacement" type="Grants" source="Internal" id="ID_INTERNAL_FEATURE_REPLACEMENT_ROGUE_24_UNCANNY_DODGE" />
	<element name="Evasion Feature Replacement" type="Grants" source="Internal" id="ID_INTERNAL_FEATURE_REPLACEMENT_ROGUE_24_EVASION" />
	<element name="Reliable Talent Feature Replacement" type="Grants" source="Internal" id="ID_INTERNAL_FEATURE_REPLACEMENT_ROGUE_24_RELIABLE_TALENT" />
	<element name="Improved Cunning Strike Feature Replacement" type="Grants" source="Internal" id="ID_INTERNAL_FEATURE_REPLACEMENT_ROGUE_24_IMPROVED_CUNNING_STRIKE" />
	<element name="Devious Strikes Feature Replacement" type="Grants" source="Internal" id="ID_INTERNAL_FEATURE_REPLACEMENT_ROGUE_24_DEVIOUS_STRIKES" />
	<element name="Slippery Mind Feature Replacement" type="Grants" source="Internal" id="ID_INTERNAL_FEATURE_REPLACEMENT_ROGUE_24_SLIPPERY_MIND" />
	<element name="Elusive Feature Replacement" type="Grants" source="Internal" id="ID_INTERNAL_FEATURE_REPLACEMENT_ROGUE_24_ELUSIVE" />
	<element name="Epic Boon Feature Replacement" type="Grants" source="Internal" id="ID_INTERNAL_FEATURE_REPLACEMENT_ROGUE_24_EPIC_BOON" />
	<element name="Stroke of Luck Feature Replacement" type="Grants" source="Internal" id="ID_INTERNAL_FEATURE_REPLACEMENT_ROGUE_24_STROKE_OF_LUCK" />

</elements>
