<?xml version="1.0" encoding="utf-8" ?>
<elements>
	<info>
		<name>Sorcerer</name>
		<description>The Sorcerer class from the Player’s Handbook 2024.</description>

		<author url="https://dndstore.wizards.com/us/en/product/1001494/2024-player-s-handbook-digital-plus-physical-bundle">Wizards of the Coast</author>
		<update version="0.0.11">
			<file name="class-sorcerer.xml" url="https://raw.githubusercontent.com/Netrinil/Aurora/master/core/players-handbook-2024/classes/class-sorcerer.xml" />
		</update>
	</info>

	<element name="Sorcerer" type="Class" source="Player’s Handbook 2024" id="ID_WOTC_PHB24_CLASS_SORCERER">
		<description>
			<p>Sorcerers wield innate magic that is stamped into their being. Some Sorcerers can’t name the origin of their power, while others trace it to strange events in their personal or family history. The blessing of a dragon or a dryad at a baby’s birth or the strike of lightning from a clear sky might spark a Sorcerer’s gift. So too might the gift of a deity, exposure to the strange magic of another plane of existence, or a glimpse into the inner workings of reality. Whatever the origin, the result is an indelible mark on the Sorcerer, a churning magic that can be passed down through generations.</p>
			<p class="indent">Sorcerers don’t learn magic; the raw, roiling power of magic is part of them. The essential art of a Sorcerer is learning to harness and channel that innate magic, allowing the Sorcerer to discover new and staggering ways to unleash their power. As Sorcerers master their innate magic, they grow more attuned to its origin, developing distinct powers that reflect its source.</p>
			<p class="indent">Sorcerers are rare. Some family lines produce exactly one Sorcerer in every generation, but most of the time, the talents of sorcery appear as a fluke. People who have this magical power soon discover that it doesn’t like to stay quiet. A Sorcerer’s magic wants to be wielded.</p>
			
			<table>
				<thead>
					<tr><td>Core Sorcerer Traits</td></tr>
				</thead>
				<tr><td>Primary Ability</td><td class="left">Charisma </td> </tr>
				<tr><td>Hit Point Die</td><td class="left">D6 per Sorcerer level</td></tr>
				<tr><td>Saving Throw Proficiencies</td><td class="left">Constitution and Charisma</td></tr>
				<tr><td>Skill Proficiencies</td><td class="left"><i>Choose 2:</i>  Arcana, Deception, Insight, Intimidation, Persuasion, or Religion</td></tr>
				<tr><td>Weapon Proficiencies</td><td class="left">Simple weapons</td></tr>
				<tr><td>Armor Training</td><td class="left">None</td></tr>
				<tr><td>Starting Equipment</td><td class="left"><i> Choose A or B:</i> (A) Spear, 2 Daggers, Arcane Focus (Crystal), Dungeoneer’s Pack, and 28 GP; or (B) 50 GP</td></tr>
			</table>
			<h3>BECOMING A SORCERER ...</h3>
			<h4>As A Level 1 Character</h4>
			<ul>
				<li>Gain all the traits in the Core Sorcerer Traits table.</li>
				<li>Gain the Sorcerer’s level 1 features which are listed in the Sorcerer Features table.</li>
			</ul>
			<h4>As A Multiclass Character</h4>
			<ul>
				<li>Gain the Hit Point Die trait from the Core Sorcerer Traits table.</li>
				<li>Gain the Sorcerer’s level 1 features which are listed in the Sorcerer Features table</li>
			</ul>
			<h5 class="caption">SORCERER FEATURES</h5>
			<table class="class-features">
				<thead>
					<tr><td class="col-5">Level</td><td class="left">Features</td><td class="col-10">Sorcery Points</td><td>Cantrips Known</td><td>Prepared Spells</td><td>1st</td><td>2nd</td><td>3rd</td><td>4th</td><td>5th</td><td>6th</td><td>7th</td><td>8th</td><td>9th</td></tr>
				</thead>
				<tr><td> 1st</td><td class="left">Spellcasting, Innate Sorcery</td><td>-</td><td>4</td><td>2</td><td>2</td><td>—</td><td>—</td><td>—</td><td>—</td><td>—</td><td>—</td><td>—</td><td>—</td></tr>
				<tr><td> 2nd</td><td class="left">Font of Magic, Metamagic, Metamagic Options</td><td>2</td><td>4</td><td>4</td><td>3</td><td>—</td><td>—</td><td>—</td><td>—</td><td>—</td><td>—</td><td>—</td><td>—</td></tr>
				<tr><td> 3rd</td><td class="left">Sorcerer Subclass</td><td>3</td><td>4</td><td>6</td><td>4</td><td>2</td><td>—</td><td>—</td><td>—</td><td>—</td><td>—</td><td>—</td><td>—</td></tr>
				<tr><td> 4th</td><td class="left">Ability Score Improvement</td><td>4</td><td>5</td><td>7</td><td>4</td><td>3</td><td>—</td><td>—</td><td>—</td><td>—</td><td>—</td><td>—</td><td>—</td></tr>
				<tr><td> 5th</td><td class="left">Sorcerous Restoration</td><td>5</td><td>5</td><td>9</td><td>4</td><td>3</td><td>2</td><td>—</td><td>—</td><td>—</td><td>—</td><td>—</td><td>—</td></tr>
				<tr><td> 6th</td><td class="left">Subclass Feature</td><td>6</td><td>5</td><td>10</td><td>4</td><td>3</td><td>3</td><td>—</td><td>—</td><td>—</td><td>—</td><td>—</td><td>—</td></tr>
				<tr><td> 7th</td><td class="left">Sorcery Incarnate</td><td>7</td><td>5</td><td>11</td><td>4</td><td>3</td><td>3</td><td>1</td><td>—</td><td>—</td><td>—</td><td>—</td><td>—</td></tr>
				<tr><td> 8th</td><td class="left">Ability Score Improvement</td><td>8</td><td>5</td><td>12</td><td>4</td><td>3</td><td>3</td><td>2</td><td>—</td><td>—</td><td>—</td><td>—</td><td>—</td></tr>
				<tr><td> 9th</td><td class="left">—</td><td>9</td><td>5</td><td>14</td><td>4</td><td>3</td><td>3</td><td>3</td><td>1</td><td>—</td><td>—</td><td>—</td><td>—</td></tr>
				<tr><td>10th</td><td class="left">Metamagic</td><td>10</td><td>6</td><td>15</td><td>4</td><td>3</td><td>3</td><td>3</td><td>2</td><td>—</td><td>—</td><td>—</td><td>—</td></tr>
				<tr><td>11th</td><td class="left">—</td><td>11</td><td>6</td><td>16</td><td>4</td><td>3</td><td>3</td><td>3</td><td>2</td><td>1</td><td>—</td><td>—</td><td>—</td></tr>
				<tr><td>12th</td><td class="left">Ability Score Improvement</td><td>12</td><td>6</td><td>16</td><td>4</td><td>3</td><td>3</td><td>3</td><td>2</td><td>1</td><td>—</td><td>—</td><td>—</td></tr>
				<tr><td>13th</td><td class="left">—</td><td>13</td><td>6</td><td>17</td><td>4</td><td>3</td><td>3</td><td>3</td><td>2</td><td>1</td><td>1</td><td>—</td><td>—</td></tr>
				<tr><td>14th</td><td class="left">Subclass Feature</td><td>14</td><td>6</td><td>17</td><td>4</td><td>3</td><td>3</td><td>3</td><td>2</td><td>1</td><td>1</td><td>—</td><td>—</td></tr>
				<tr><td>15th</td><td class="left">—</td><td>15</td><td>6</td><td>18</td><td>4</td><td>3</td><td>3</td><td>3</td><td>2</td><td>1</td><td>1</td><td>1</td><td>—</td></tr>
				<tr><td>16th</td><td class="left">Ability Score Improvement</td><td>16</td><td>6</td><td>18</td><td>4</td><td>3</td><td>3</td><td>3</td><td>2</td><td>1</td><td>1</td><td>1</td><td>—</td></tr>
				<tr><td>17th</td><td class="left">Metamagic</td><td>17</td><td>6</td><td>19</td><td>4</td><td>3</td><td>3</td><td>3</td><td>2</td><td>1</td><td>1</td><td>1</td><td>1</td></tr>
				<tr><td>18th</td><td class="left">Subclass Feature</td><td>18</td><td>6</td><td>20</td><td>4</td><td>3</td><td>3</td><td>3</td><td>3</td><td>1</td><td>1</td><td>1</td><td>1</td></tr>
				<tr><td>19th</td><td class="left">Epic Boon</td><td>19</td><td>6</td><td>21</td><td>4</td><td>3</td><td>3</td><td>3</td><td>3</td><td>2</td><td>1</td><td>1</td><td>1</td></tr>
				<tr><td>20th</td><td class="left">Arcane Apotheosis</td><td>20</td><td>6</td><td>22</td><td>4</td><td>3</td><td>3</td><td>3</td><td>3</td><td>2</td><td>2</td><td>1</td><td>1</td></tr>
			</table>
			<h3>SORCERER CLASS FEATURES</h3>
			<p>As a Sorcerer, you gain the following class features when you reach the specified Sorcerer levels. These features are listed in the Sorcerer Features table.</p>
			<div element="ID_WOTC_PHB24_CLASS_FEATURE_SORCERER_SPELLCASTING" />
			<div element="ID_WOTC_PHB24_CLASS_FEATURE_SORCERER_INNATE_SORCERY" />
			<div element="ID_WOTC_PHB24_CLASS_FEATURE_SORCERER_FONT_OF_MAGIC" />
			<div element="ID_WOTC_PHB24_CLASS_FEATURE_SORCERER_METAMAGIC" />
			<div element="ID_WOTC_PHB24_CLASS_FEATURE_SORCERER_SORCEROUS_ORIGIN" />
			<div element="ID_WOTC_PHB24_CLASS_FEATURE_SORCERER_ABILITY_SCORE_IMPROVEMENT" />
			<div element="ID_WOTC_PHB24_CLASS_FEATURE_SORCERER_SORCEROUS_RESTORATION" />
			<div element="ID_WOTC_PHB24_CLASS_FEATURE_SORCERER_SORCERY_INCARNATE" />
			<div element="ID_WOTC_PHB24_CLASS_FEATURE_SORCERER_EPIC_BOON" />
			<div element="ID_WOTC_PHB24_CLASS_FEATURE_SORCERER_ARCANE_APOTHEOSIS" />
		</description>
		<sheet display="false">
			<description>A Dazzling Mage Filled with Innate Magic</description>
		</sheet>
		<setters>
			<set name="short">A Dazzling Mage Filled with Innate Magic</set>
			<set name="hd">d6</set>
		</setters>
		<rules>
			<grant type="Proficiency" id="ID_WOTC_PHB24_PROFICIENCY_WEAPON_PROFICIENCY_SIMPLE_WEAPONS" requirements="!ID_WOTC_PHB24_MULTICLASS_BARBARIAN" />
			<grant type="Proficiency" id="ID_PROFICIENCY_WEAPON_PROFICIENCY_SIMPLE_WEAPONS" requirements="!ID_WOTC_PHB24_MULTICLASS_SORCERER, ID_WOTC_SOURCE_PLAYERS_HANDBOOK"/>
			<grant type="Proficiency" id="ID_WOTC_PHB24_PROFICIENCY_SAVINGTHROW_CONSTITUTION" requirements="!ID_WOTC_PHB24_MULTICLASS_SORCERER"/>
			<grant type="Proficiency" id="ID_WOTC_PHB24_PROFICIENCY_SAVINGTHROW_CHARISMA" requirements="!ID_WOTC_PHB24_MULTICLASS_SORCERER"/>
			<select type="Proficiency" name="Skill Proficiency (Sorcerer)" supports="Skill 2024,Sorcerer,!Expertise" number="2" requirements="!ID_WOTC_PHB24_MULTICLASS_SORCERER"/>
			<grant type="Class Feature" id="ID_WOTC_PHB24_CLASS_FEATURE_SORCERER_SPELLCASTING" level="1"/>
			<grant type="Class Feature" id="ID_WOTC_PHB24_CLASS_FEATURE_SORCERER_INNATE_SORCERY" level="1" />
			<grant type="Class Feature" id="ID_WOTC_PHB24_CLASS_FEATURE_SORCERER_FONT_OF_MAGIC" level="2" />
			<grant type="Class Feature" id="ID_WOTC_PHB24_CLASS_FEATURE_SORCERER_METAMAGIC" level="2" />
			<grant type="Class Feature" id="ID_WOTC_PHB24_CLASS_FEATURE_SORCERER_SORCEROUS_ORIGIN" level="3" />
			<grant type="Class Feature" id="ID_WOTC_PHB24_CLASS_FEATURE_SORCERER_ABILITY_SCORE_IMPROVEMENT" level="4" />
			<grant type="Class Feature" id="ID_WOTC_PHB24_CLASS_FEATURE_SORCERER_SORCEROUS_RESTORATION" level="5" />
			<grant type="Class Feature" id="ID_WOTC_PHB24_CLASS_FEATURE_SORCERER_SORCERY_INCARNATE" level="7" />
			<grant type="Class Feature" id="ID_WOTC_PHB24_CLASS_FEATURE_SORCERER_EPIC_BOON" level="19" />
			<grant type="Class Feature" id="ID_WOTC_PHB24_CLASS_FEATURE_SORCERER_ARCANE_APOTHEOSIS" level="20" />
		</rules>
		<multiclass id="ID_WOTC_PHB24_MULTICLASS_SORCERER">
			<prerequisite>Charisma 13</prerequisite>
			<requirements>[cha:13]</requirements>
			<setters>
				<set name="multiclass proficiencies">—</set>
			</setters>
			<rules>
				<grant type="Grants" id="ID_INTERNAL_GRANT_MULTICLASS" />
			</rules>
		</multiclass>
	</element>
	<element name="Level 1: Spellcasting" type="Class Feature" source="Player’s Handbook 2024" id="ID_WOTC_PHB24_CLASS_FEATURE_SORCERER_SPELLCASTING">
		<requirements>!ID_INTERNAL_FEATURE_REPLACEMENT_SORCERER_24_SPELLCASTING</requirements>
		<description>
			<h5>CANTRIPS</h5>
			<p>You know four Sorcerer cantrips of your choice. <i>Light</i>, <i>Prestidigitation</i>, <i>Shocking Grasp</i> and <i>Sorcerous Burst</i> are recommended. Whenever you gain a Sorcerer level, you can replace one of your cantrips from this feature with another Sorcerer cantrip of your choice.</p>
			<p class="indent">When you reach Sorcerer levels 4 and 10, you learn another Sorcerer cantrip of your choice, as shown in the Cantrips column of the Sorcerer Features table.</p>
			<h5>SPELL SLOTS</h5>
			<p>The Sorcerer Features table shows how many spell slots you have to cast your level 1+ spells. You regain all expended slots when you finish a long rest.</p>
			<h5>PREPARED SPELLS OF LEVEL 1+</h5>
			<p>You prepare the list of level 1+ spells that are available for you to cast with this feature. To start, choose two level 1 Sorcerer spells. <i>Burning Hands</i> and <i>Detect Magic</i> are recommended.</p>
			<p class="indent">The number of spells on your list increases as you gain Sorcerer levels, as shown in the Prepared Spells column of the Sorcerer Features table. Whenever that number increases, choose additional Sorcerer spells until the number of spells on your list matches the number in the Sorcerer Features table. The chosen spells must be of a level for which you have spell slots. For example, if you’re a level 3 Sorcerer, your list of prepared spells can include six Sorcerer spells of level 1 or 2 in any combination.</p>
			<p class="indent">If another Sorcerer feature gives you spells that you always have prepared, those spells don’t count against the number of spells you can prepare with this feature, but those spells otherwise count as Sorcerer spells for you.</p>
			<h5>CHANGING YOUR PREPARED SPELLS</h5>
			<p class="indent">Whenever you gain a Sorcerer level, you can replace one spell on your list with another Sorcerer spell for which you have spell slots.</p>
			<h5>SPELLCASTING ABILITY</h5>
			<p>Charisma is your spellcasting ability for your sorcerer spells, since the power of your magic relies on your ability to project your will into the world. You use your Charisma whenever a spell refers to your spellcasting ability. In addition, you use your Charisma modifier when setting the saving throw DC for a sorcerer spell you cast and when making an attack roll with one.</p>
			<center>
				<p><strong>Spell save DC</strong> = 8 + your proficiency bonus + your Charisma modifier</p>
				<p><strong>Spell attack modifier</strong> = your proficiency bonus + your Charisma modifier</p>
			</center>
			<h5>SPELLCASTING FOCUS</h5>
			<p>You can use an Arcane Focus as a Spellcasting Focus for your Sorcerer spells.</p>
		</description>
		<sheet display="false">
			<description>You have the ability to cast spells.</description>
		</sheet>
		<spellcasting name="Sorcerer" ability="Charisma" allowReplace="true">
			<list>Sorcerer</list>
		</spellcasting>
		<rules>
			<grant type="Grants" id="ID_INTERNAL_GRANT_MULTICLASS_SPELLCASTING_SLOTS_FULL" requirements="ID_INTERNAL_GRANT_MULTICLASS"/>
			<grant type="Grants" id="ID_INTERNAL_RITUAL_CASTING" />
			<grant type="Proficiency" id="ID_INTERNAL_PROFICIENCY_SPELLFOCUS_GROUP_ARCANE_FOCUS" />

			<stat name="sorcerer:spellcasting:slots:1" value="2" level="1" />
			<stat name="sorcerer:spellcasting:slots:1" value="1" level="2" />
			<stat name="sorcerer:spellcasting:slots:1" value="1" level="3" />

			<stat name="sorcerer:spellcasting:slots:2" value="2" level="3" />
			<stat name="sorcerer:spellcasting:slots:2" value="1" level="4" />
			<stat name="sorcerer:spellcasting:slots:3" value="2" level="5" />
			<stat name="sorcerer:spellcasting:slots:3" value="1" level="6" />
			<stat name="sorcerer:spellcasting:slots:4" value="1" level="7" />
			<stat name="sorcerer:spellcasting:slots:4" value="1" level="8" />
			<stat name="sorcerer:spellcasting:slots:4" value="1" level="9" />
			<stat name="sorcerer:spellcasting:slots:5" value="1" level="9" />
			<stat name="sorcerer:spellcasting:slots:5" value="1" level="10" />
			<stat name="sorcerer:spellcasting:slots:5" value="1" level="18" />
			<stat name="sorcerer:spellcasting:slots:6" value="1" level="11" />
			<stat name="sorcerer:spellcasting:slots:6" value="1" level="19" />
			<stat name="sorcerer:spellcasting:slots:7" value="1" level="13" />
			<stat name="sorcerer:spellcasting:slots:7" value="1" level="20" />
			<stat name="sorcerer:spellcasting:slots:8" value="1" level="15" />
			<stat name="sorcerer:spellcasting:slots:9" value="1" level="17" />

			<select type="Spell" name="Cantrip (Sorcerer)" supports="$(spellcasting:list), 0" level="1" number="4" spellcasting="Sorcerer" />
			<select type="Spell" name="Cantrip (Sorcerer)" supports="$(spellcasting:list), 0" level="4" number="1" spellcasting="Sorcerer" />
			<select type="Spell" name="Cantrip (Sorcerer)" supports="$(spellcasting:list), 0" level="10" number="1" spellcasting="Sorcerer" />

			<select type="Spell" name="Spell (Sorcerer)" supports="$(spellcasting:list), 1" level="1" number="2" spellcasting="Sorcerer" />
			<select type="Spell" name="Spell (Sorcerer)" supports="$(spellcasting:list), $(spellcasting:slots)" level="2" number="2" spellcasting="Sorcerer" />
			<select type="Spell" name="Spell (Sorcerer)" supports="$(spellcasting:list), $(spellcasting:slots)" level="3" number="2" spellcasting="Sorcerer" />
			<select type="Spell" name="Spell (Sorcerer)" supports="$(spellcasting:list), $(spellcasting:slots)" level="4" number="1" spellcasting="Sorcerer" />
			<select type="Spell" name="Spell (Sorcerer)" supports="$(spellcasting:list), $(spellcasting:slots)" level="5" number="2" spellcasting="Sorcerer" />
			<select type="Spell" name="Spell (Sorcerer)" supports="$(spellcasting:list), $(spellcasting:slots)" level="6" number="1" spellcasting="Sorcerer" />
			<select type="Spell" name="Spell (Sorcerer)" supports="$(spellcasting:list), $(spellcasting:slots)" level="7" number="1" spellcasting="Sorcerer" />
			<select type="Spell" name="Spell (Sorcerer)" supports="$(spellcasting:list), $(spellcasting:slots)" level="8" number="1" spellcasting="Sorcerer" />
			<select type="Spell" name="Spell (Sorcerer)" supports="$(spellcasting:list), $(spellcasting:slots)" level="9" number="2" spellcasting="Sorcerer" />
			<select type="Spell" name="Spell (Sorcerer)" supports="$(spellcasting:list), $(spellcasting:slots)" level="10" number="1" spellcasting="Sorcerer" />
			<select type="Spell" name="Spell (Sorcerer)" supports="$(spellcasting:list), $(spellcasting:slots)" level="11" number="1" spellcasting="Sorcerer" />
			<select type="Spell" name="Spell (Sorcerer)" supports="$(spellcasting:list), $(spellcasting:slots)" level="13" number="1" spellcasting="Sorcerer" />
			<select type="Spell" name="Spell (Sorcerer)" supports="$(spellcasting:list), $(spellcasting:slots)" level="15" number="1" spellcasting="Sorcerer" />
			<select type="Spell" name="Spell (Sorcerer)" supports="$(spellcasting:list), $(spellcasting:slots)" level="17" number="1" spellcasting="Sorcerer" />
			<select type="Spell" name="Spell (Sorcerer)" supports="$(spellcasting:list), $(spellcasting:slots)" level="18" number="1" spellcasting="Sorcerer" />
			<select type="Spell" name="Spell (Sorcerer)" supports="$(spellcasting:list), $(spellcasting:slots)" level="19" number="1" spellcasting="Sorcerer" />
			<select type="Spell" name="Spell (Sorcerer)" supports="$(spellcasting:list), $(spellcasting:slots)" level="20" number="1" spellcasting="Sorcerer" />
		</rules>
	</element>
	<element name="Level 1: Innate Sorcery" type="Class Feature" source="Player’s Handbook 2024" id="ID_WOTC_PHB24_CLASS_FEATURE_SORCERER_INNATE_SORCERY">
		<requirements>!ID_INTERNAL_FEATURE_REPLACEMENT_SORCERER_24_INNATE_SORCERY</requirements>
		<description>
			<p>An event in your past left an indelible mark on you, infusing you with simmering magic. As a Bonus Action, you can unleash that magic for 1 minute, during which you gain the following benefits:</p>
			<ul>
				<li>The spell save DC of your Sorcerer spells increases by 1.</li>
				<li>You have Advantage on the attack rolls of Sorcerer spells you cast.</li>
			</ul>
			<p>You can use this feature twice, and you regain all expended uses of it when you finish a Long Rest.</p>
		</description>
		<sheet alt="Innate Sorcery" action="Bonus Action" usage="2/Long Rest">
			<description>For one minute, you can increase your spell save DC by 1 and have Advantage on the attack rolls of Sorcerer spells you cast.</description>
		</sheet>
	</element>

	<element name="Level 2: Font of Magic" type="Class Feature" source="Player’s Handbook 2024" id="ID_WOTC_PHB24_CLASS_FEATURE_SORCERER_FONT_OF_MAGIC">
		<requirements>!ID_INTERNAL_FEATURE_REPLACEMENT_SORCERER_24_FONT_OF_MAGIC</requirements>
		<description>
			<p>You can tap into the wellspring of magic within yourself. This wellspring is represented by Sorcery Points, which allow you to create a variety of magical effects.</p>
			<h5>SORCERY POINTS</h5>
			<p class="indent">You have 2 Sorcery Points, and you gain more as you reach higher levels, as shown in the Sorcery Points column of the Sorcerer Features table. You can’t have more Sorcery Points than the number shown in the table for your level. You regain all expended Sorcery Points when you finish a Long Rest.</p>
			<p class="indent">You can use your Sorcery Points to fuel the options below, along with other features, such as Metamagic, that use those points.</p>
			<p><strong><em>Converting Spell Slots to Sorcery Points.</em></strong> You can expend a spell slot to gain a number of Sorcery Points equal to the slot’s level (no action required).</p>
			<p><strong><em>Creating Spell Slots.</em></strong> As a Bonus Action, you can transform unexpended Sorcery Points into one spell slot. The Creating Spell Slots table shows the cost of creating a spell slot of a given level, and it lists the minimum Sorcerer level you must be to create a slot. You can create a spell slot no higher than level 5.</p>
			<p class="indent">Any spell slot you create with this feature vanishes when you finish a Long Rest.</p>
			<h5 class="caption">CREATING SPELLSLOTS</h5>
			<table>
				<thead>
					<tr><td class="col-20">Spell Slot Level</td><td>Sorcery Point Cost</td><td>Min. Sorcerer Level</td></tr>
				</thead>
				<tr><td>1st</td><td>2</td><td>2</td></tr>
				<tr><td>2nd</td><td>3</td><td>3</td></tr>
				<tr><td>3rd</td><td>5</td><td>5</td></tr>
				<tr><td>4th</td><td>6</td><td>7</td></tr>
				<tr><td>5th</td><td>7</td><td>9</td></tr>
			</table>
		</description>
		<sheet alt="Font of Magic" action="Bonus Action">
			<description>You have {{sorcery-points}} Sorcery Points. You can transform unexpended sorcery points into one spell slot (2 > 1st, 3 > 2nd, 5 > 3rd, 6 > 4th, 7 > 5th) on your turn. Alternatively, you can expend one spell slot and gain a number of sorcery points equal to the slot’s level (no action required).</description>
		</sheet>
		<rules>
			<stat name="sorcery-points" value="level:sorcerer" />
		</rules>
	</element>
	<element name="Level 2: Metamagic" type="Class Feature" source="Player’s Handbook 2024" id="ID_WOTC_PHB24_CLASS_FEATURE_SORCERER_METAMAGIC">
		<requirements>!ID_INTERNAL_FEATURE_REPLACEMENT_SORCERER_24_METAMAGIC</requirements>
		<description>
			<p>Because your magic flows from within, you can alter your spells to suit your needs; you gain two Metamagic options of your choice. You use the chosen options to temporarily modify spells you cast. To use an option, you must spend the number of Sorcery Points that it costs.</p>
			<p class="indent">You can use only one Metamagic option on a spell when you cast it unless otherwise noted in one of those options.</p>
			<p class="indent">Whenever you gain a Sorcerer level, you can replace one of your Metamagic options with one you don’t know. You gain two more options at Sorcerer level 10 and two more at Sorcerer level 17.</p>
		</description>
		<sheet alt="Metamagic">
			<description>You can use only one Metamagic option on a spell when you cast it, unless otherwise noted.</description>
		</sheet>
		<rules>
			<select type="Class Feature" name="Metamagic" supports="Metamagic" level="3" number="2"/>
			<select type="Class Feature" name="Metamagic" supports="Metamagic" level="10" number="2"/>
			<select type="Class Feature" name="Metamagic" supports="Metamagic" level="17" number="2"/>
		</rules>
	</element>

	<element name="Level 3: Sorcerer Subclass" type="Class Feature" source="Player’s Handbook 2024" id="ID_WOTC_PHB24_CLASS_FEATURE_SORCERER_SORCEROUS_ORIGIN">
		<requirements>!ID_INTERNAL_FEATURE_REPLACEMENT_SORCERER_24_SORCEROUS_ORIGIN</requirements>
		<description>
			<p>You gain a Sorcerer subclass of your choice. The Aberrant Sorcery, Clockwork Sorcery, Draconic Sorcery, and Wild Magic Sorcery subclasses are detailed after this class’s description. A subclass is a specialization that grants you features at certain Sorcerer levels. For the rest of your career, you gain each of your subclass’s features that are of your Sorcerer level or lower.</p>
		</description>
		<sheet display="false"/>
		<rules>
			<select type="Archetype" name="Sorcerous Origin" supports="Sorcerous Origin" />
		</rules>
	</element>
	<element name="Level 4: Ability Score Improvement" type="Class Feature" source="Player’s Handbook 2024" id="ID_WOTC_PHB24_CLASS_FEATURE_SORCERER_ABILITY_SCORE_IMPROVEMENT">
		<requirements>!ID_INTERNAL_FEATURE_REPLACEMENT_SORCERER_24_ABILITY_SCORE_IMPROVEMENT</requirements>
		<compendium display="false" />
		<description>
			<p>You gain the Ability Score Improvement feat or another feat of your choice for which you qualify. You gain this feature again at Sorcerer levels 8, 12, and 16.</p>
		</description>
		<sheet display="false" />
		<rules>
			<select type="Feat" name="Ability Score Improvement (Sorcerer 4)" level="4" />
			<select type="Feat" name="Ability Score Improvement (Sorcerer 8)" level="8" />
			<select type="Feat" name="Ability Score Improvement (Sorcerer 12)" level="12" />
			<select type="Feat" name="Ability Score Improvement (Sorcerer 16)" level="16" />
		</rules>
	</element>

	<element name="Level 5: Sorcerous Restoration" type="Class Feature" source="Player’s Handbook 2024" id="ID_WOTC_PHB24_CLASS_FEATURE_SORCERER_SORCEROUS_RESTORATION">
		<requirements>!ID_INTERNAL_FEATURE_REPLACEMENT_SORCERER_24_SORCEROUS_RESTORATION</requirements>
		<description>
			<p>When you finish a Short Rest, you can regain expended Sorcery Points, but no more than a number equal to half your Sorcerer level (round down). Once you use this feature, you can’t do so again until you finish a Long Rest.</p>
		</description>
		<sheet alt="Sorcerous Restoration" usage="1/Long Rest">
			<description>When you finish a short rest, you can regain up to {{level:sorcerer:half}} expended Sorcery points.</description>
		</sheet>
	</element>

	<element name="Level 7: Sorcery Incarnate" type="Class Feature" source="Player’s Handbook 2024" id="ID_WOTC_PHB24_CLASS_FEATURE_SORCERER_SORCERY_INCARNATE">
		<requirements>!ID_INTERNAL_FEATURE_REPLACEMENT_SORCERER_24_SORCERY_INCARNATE</requirements>
		<description>
			<p>If you have no uses of Innate Sorcery left, you can use it if you spend 2 Sorcery Points when you take the Bonus Action to activate it.</p>
			<p>In addition, while your Innate Sorcery feature is active, you can use up to two of your Metamagic options on each spell you cast.</p>
		</description>
		<sheet alt="Sorcery Incarnate" usage="2 Sorcery Points">
			<description>While Innate Sorcery is active, you can use up to two Metamagics on each spell you cast. If you have no uses of Innate Sorcery left, you can use it if you spend 2 Sorcery Points when you take the Bonus Action to activate it.</description>
		</sheet>
	</element>
	<element name="Level 19: Epic Boon" type="Class Feature" source="Player’s Handbook 2024" id="ID_WOTC_PHB24_CLASS_FEATURE_SORCERER_EPIC_BOON">
		<requirements>!ID_INTERNAL_FEATURE_REPLACEMENT_SORCERER_24_EPIC_BOON</requirements>
		<description>
			<p>You gain an Epic Boon feat or another feat of your choice for which you qualify. Boon of Dimensional Travel is recommended.</p>
		</description>
		<sheet display="false">
		</sheet>
		<rules>
			<select type="Feat" name="Epic Boon (Sorcerer 19)" level="19" />
			
		</rules>
	</element>
	<element name="Level 20: Arcane Apotheosis" type="Class Feature" source="Player’s Handbook 2024" id="ID_WOTC_PHB24_CLASS_FEATURE_SORCERER_ARCANE_APOTHEOSIS">
		<requirements>!ID_INTERNAL_FEATURE_REPLACEMENT_SORCERER_24_ARCANE_APOTHEOSIS</requirements>
		<description>
			<p>While your Innate Sorcery feature is active, you can use one Metamagic option on each of your turns without spending Sorcery Points on it.</p>
		</description>
		<sheet alt="Arcane Apotheosis">
			<description>While your Innate Sorcery feature is active, you can use one Metamagic option on each of your turns without spending Sorcery Points on it.</description>
		</sheet>
	</element>

	<!--Metamagic Options-->
	
	<element name="Careful Spell" type="Class Feature" source="Player’s Handbook 2024" id="ID_WOTC_PHB24_CLASS_FEATURE_SORCERER_METAMAGIC_CAREFUL_SPELL">
		<requirements>!ID_INTERNAL_FEATURE_REPLACEMENT_SORCERER_24_METAMAGIC_CAREFUL_SPELL</requirements>
		<supports>Metamagic</supports>
		<description>
			<p><em>Cost: 1 Sorcery Point</em></p>
			<p>When you cast a spell that forces other creatures to make a saving throw, you can protect some of those creatures from the spell’s full force. To do so, spend 1 Sorcery Point and choose a number of those creatures up to your Charisma modifier (minimum of one creature). A chosen creature automatically succeeds on its saving throw against the spell, and it takes no damage if it would normally take half damage on a successful save.</p>
		</description>
		<sheet>
			<description>When you cast a spell that forces other creatures to make a saving throw, you can protect some of those creatures from the spell’s full force. To do so, spend 1 Sorcery Point and choose up to {{metamagic careful spell:creatures}} of those creatures. A chosen creature automatically succeeds on its saving throw against the spell, and it takes no damage if it would normally take half damage on a successful save.</description>
		</sheet>
		<rules>
			<stat name="metamagic careful spell:creatures" value="1" bonus="base" />
			<stat name="metamagic careful spell:creatures" value="charisma:modifier" bonus="base" />
		</rules>
	</element>
	<element name="Distant Spell" type="Class Feature" source="Player’s Handbook 2024" id="ID_WOTC_PHB24_CLASS_FEATURE_SORCERER_METAMAGIC_DISTANT_SPELL">
		<requirements>!ID_INTERNAL_FEATURE_REPLACEMENT_SORCERER_24_METAMAGIC_DISTANT_SPELL</requirements>
		<supports>Metamagic</supports>
		<description>
			<p><em>Cost: 1 Sorcery Point</em></p>
			<p>When you cast a spell that has a range of at least 5 feet, you can spend 1 Sorcery Point to double the spell’s range. Or when you cast a spell that has a range of Touch, you can spend 1 Sorcery Point to make the spell’s range 30 feet.</p>
		</description>
		<sheet>
			<description>When you cast a spell that has a range of at least 5 feet, you can spend 1 Sorcery Point to double the spell’s range. Or when you cast a spell that has a range of Touch, you can spend 1 Sorcery Point to make the spell’s range 30 feet.</description>
		</sheet>
	</element>
	<element name="Empowered Spell" type="Class Feature" source="Player’s Handbook 2024" id="ID_WOTC_PHB24_CLASS_FEATURE_SORCERER_METAMAGIC_EMPOWERED_SPELL">
		<requirements>!ID_INTERNAL_FEATURE_REPLACEMENT_SORCERER_24_METAMAGIC_EMPOWERED_SPELL</requirements>
		<supports>Metamagic</supports>
		<description>
			<p><em>Cost: 1 Sorcery Point</em></p>
			<p>When you roll damage for a spell, you can spend 1 Sorcery Point to reroll a number of the damage dice up to your Charisma modifier (minimum of one), and you must use the new rolls.</p>
			<p class="indent">You can use Empowered Spell even if you’ve already used a different Metamagic option during the casting of the spell.</p>
		</description>
		<sheet>
			<description>When you roll damage for a spell, you can spend 1 Sorcery Point to reroll up to {{metamagic empowered spell:rerolls}} damage dice. You must use the new rolls. You can use Empowered Spell even if you have already used a different Metamagic option during the casting of the spell.</description>
		</sheet>
		<rules>
			<stat name="metamagic empowered spell:rerolls" value="1" bonus="base" />
			<stat name="metamagic empowered spell:rerolls" value="charisma:modifier" bonus="base" />
		</rules>
	</element>
	<element name="Extended Spell" type="Class Feature" source="Player’s Handbook 2024" id="ID_WOTC_PHB24_CLASS_FEATURE_SORCERER_METAMAGIC_EXTENDED_SPELL">
		<requirements>!ID_INTERNAL_FEATURE_REPLACEMENT_SORCERER_24_METAMAGIC_EXTENDED_SPELL</requirements>
		<supports>Metamagic</supports>
		<description>
			<p><em>Cost: 1 Sorcery Point</em></p>
			<p>When you cast a spell that has a duration of 1 minute or longer, you can spend 1 Sorcery Point to double its duration to a maximum duration of 24 hours.</p>
			<p class="indent">If the affected spell requires Concentration, you have Advantage on any saving throw you make to maintain that Concentration.</p>
		</description>
		<sheet>
			<description>When you cast a spell that has a duration of 1 minute or longer, you can spend 1 sorcery point to double its duration, to a maximum duration of 24 hours. You also have Advantage on any saving throw you make to maintain Concentration on that spell.</description>
		</sheet>
	</element>
	<element name="Heightened Spell" type="Class Feature" source="Player’s Handbook 2024" id="ID_WOTC_PHB24_CLASS_FEATURE_SORCERER_METAMAGIC_HEIGHTENED_SPELL">
		<requirements>!ID_INTERNAL_FEATURE_REPLACEMENT_SORCERER_24_METAMAGIC_HEIGHTENED_SPELL</requirements>
		<supports>Metamagic</supports>
		<description>
			<p><em>Cost: 2 Sorcery Points</em></p>
			<p>When you cast a spell that forces a creature to make a saving throw, you can spend 2 Sorcery Points to give one target of the spell Disadvantage on saves against the spell.</p>
		</description>
		<sheet>
			<description>When you cast a spell that forces a creature to make a saving throw, you can spend 2 Sorcery Points to give one target of the spell Disadvantage on saves against the spell.</description>
		</sheet>
	</element>
	<element name="Quickened Spell" type="Class Feature" source="Player’s Handbook 2024" id="ID_WOTC_PHB24_CLASS_FEATURE_SORCERER_METAMAGIC_QUICKEND_SPELL">
		<requirements>!ID_INTERNAL_FEATURE_REPLACEMENT_SORCERER_24_METAMAGIC_QUICKENED_SPELL</requirements>
		<supports>Metamagic</supports>
		<description>
			<p><em>Cost: 2 Sorcery Points</em></p>
			<p>When you cast a spell that has a casting time of an action, you can spend 2 Sorcery Points to change the casting time to a Bonus Action for this casting. You can’t modify a spell in this way if you’ve already cast a level 1+ spell on the current turn, nor can you cast a level 1+ spell on this turn after modifying a spell in this way.</p>
		</description>
		<sheet>
			<description>When you cast a spell that has a casting time of an action, you can spend 2 Sorcery Points to change the casting time to a Bonus Action for this casting. You can’t modify a spell in this way if you’ve already cast a level 1+ spell on the current turn, nor can you cast a level 1+ spell on this turn after modifying a spell in this way.</description>
		</sheet>
	</element>
	<element name="Seeking Spell" type="Class Feature" source="Player’s Handbook 2024" id="ID_WOTC_PHB24_CLASS_FEATURE_SORCERER_METAMAGIC_SEEKING_SPELL">
		<requirements>!ID_INTERNAL_FEATURE_REPLACEMENT_SORCERER_24_METAMAGIC_SEEKING_SPELL</requirements>
		<supports>Metamagic</supports>
		<description>
			<p><em>Cost: 1 Sorcery Point</em></p>
			<p>If you make an attack roll for a spell and miss, you can spend 1 Sorcery Point to reroll the d20, and you must use the new roll.</p>
			<p class="indent">You can use Seeking Spell even if you’ve already used a different Metamagic option during the casting of the spell.</p>
		</description>
		<sheet>
			<description>If you make an attack roll for a spell and miss, you can spend 1 Sorcery Point to reroll the d20, and you must use the new roll. You can use Seeking Spell even if you’ve already used a different Metamagic option during the casting of the spell.</description>
		</sheet>
	</element>
	<element name="Subtle Spell" type="Class Feature" source="Player’s Handbook 2024" id="ID_WOTC_PHB24_CLASS_FEATURE_SORCERER_METAMAGIC_SUBTLE_SPELL">
		<requirements>!ID_INTERNAL_FEATURE_REPLACEMENT_SORCERER_24_METAMAGIC_SUBTLE_SPELL</requirements>
		<supports>Metamagic</supports>
		<description>
			<p><em>Cost: 1 Sorcery Point</em></p>
			<p>When you cast a spell, you can spend 1 Sorcery Point to cast it without any Verbal, Somatic, or Material components, except Material components that are consumed by the spell or that have a cost specified in the spell.</p>
		</description>
		<sheet>
			<description>When you cast a spell, you can spend 1 Sorcery Point to cast it without any Verbal, Somatic, or Material components, except Material components that are consumed by the spell or that have a cost specified in the spell.</description>
		</sheet>
	</element>
	<element name="Transmuted Spell" type="Class Feature" source="Player’s Handbook 2024" id="ID_WOTC_PHB24_CLASS_FEATURE_SORCERER_METAMAGIC_TRANSMUTED_SPELL">
		<requirements>!ID_INTERNAL_FEATURE_REPLACEMENT_SORCERER_24_METAMAGIC_TRANSMUTED_SPELL</requirements>
		<supports>Metamagic</supports>
		<description>
			<p><em>Cost: 1 Sorcery Point</em></p>
			<p>When you cast a spell that deals a type of damage from the following list, you can spend 1 Sorcery Point to change that damage type to one of the other listed types: Acid, Cold, Fire, Lightning, Poison, Thunder.</p>
		</description>
		<sheet>
			<description>When you cast a spell that deals a type of damage from the following list, you can spend 1 Sorcery Point to change that damage type to one of the other listed types: Acid, Cold, Fire, Lightning, Poison, Thunder.</description>
		</sheet>
	</element>
	<element name="Twinned Spell" type="Class Feature" source="Player’s Handbook 2024" id="ID_WOTC_PHB24_CLASS_FEATURE_SORCERER_METAMAGIC_TWINNED_SPELL">
		<requirements>!ID_INTERNAL_FEATURE_REPLACEMENT_SORCERER_24_METAMAGIC_TWINNED_SPELL</requirements>
		<supports>Metamagic</supports>
		<description>
			<p><em>Cost: 1 Sorcery Point</em></p>
			<p>When you cast a spell, such as Charm Person, that can be cast with a higher-level spell slot to target an additional creature, you can spend 1 Sorcery Point to increase the spell’s effective level by 1.</p>
		</description>
		<sheet>
			<description>When you cast a spell that can be cast with a higher-level spell slot to target an additional creature, you can spend 1 Sorcery Point to increase the spell’s effective level by 1.</description>
		</sheet>
	</element>

	<!--Feature Replacement Grants-->
	<element name="Spellcasting Feature Replacement" type="Grants" source="Internal" id="ID_INTERNAL_FEATURE_REPLACEMENT_SORCERER_24_SPELLCASTING" />
	<element name="Innate Sorcery Feature Replacement" type="Grants" source="Internal" id="ID_INTERNAL_FEATURE_REPLACEMENT_SORCERER_24_INNATE_SORCERY" />
	<element name="Font of Magic Feature Replacement" type="Grants" source="Internal" id="ID_INTERNAL_FEATURE_REPLACEMENT_SORCERER_24_FONT_OF_MAGIC" />
	<element name="Metamagic Feature Replacement" type="Grants" source="Internal" id="ID_INTERNAL_FEATURE_REPLACEMENT_SORCERER_24_METAMAGIC" />
	<element name="Sorcerous Origin Feature Replacement" type="Grants" source="Internal" id="ID_INTERNAL_FEATURE_REPLACEMENT_SORCERER_24_SORCEROUS_ORIGIN" />
	<element name="Ability Score Improvement Feature Replacement" type="Grants" source="Internal" id="ID_INTERNAL_FEATURE_REPLACEMENT_SORCERER_24_ABILITY_SCORE_IMPROVEMENT" />
	<element name="Sorcerous Restoration Feature Replacement" type="Grants" source="Internal" id="ID_INTERNAL_FEATURE_REPLACEMENT_SORCERER_24_SORCEROUS_RESTORATION" />
	<element name="Sorcery Incarnate Feature Replacement" type="Grants" source="Internal" id="ID_INTERNAL_FEATURE_REPLACEMENT_SORCERER_24_SORCERY_INCARNATE" />
	<element name="Sorcerer Epic Boon Feature Replacement" type="Grants" source="Internal" id="ID_INTERNAL_FEATURE_REPLACEMENT_SORCERER_24_EPIC_BOON" />
	<element name="Arcane Apotheosis Feature Replacement" type="Grants" source="Internal" id="ID_INTERNAL_FEATURE_REPLACEMENT_SORCERER_24_ARCANE_APOTHEOSIS" />
	<element name="Careful Spell Metamagic Replacement" type="Grants" source="Internal" id="ID_INTERNAL_FEATURE_REPLACEMENT_SORCERER_24_METAMAGIC_CAREFUL_SPELL" />
	<element name="Distant Spell Metamagic Replacement" type="Grants" source="Internal" id="ID_INTERNAL_FEATURE_REPLACEMENT_SORCERER_24_METAMAGIC_DISTANT_SPELL" />
	<element name="Empowered Spell Metamagic Replacement" type="Grants" source="Internal" id="ID_INTERNAL_FEATURE_REPLACEMENT_SORCERER_24_METAMAGIC_EMPOWERED_SPELL" />
	<element name="Extended Spell Metamagic Replacement" type="Grants" source="Internal" id="ID_INTERNAL_FEATURE_REPLACEMENT_SORCERER_24_METAMAGIC_EXTENDED_SPELL" />
	<element name="Heightened Spell Metamagic Replacement" type="Grants" source="Internal" id="ID_INTERNAL_FEATURE_REPLACEMENT_SORCERER_24_METAMAGIC_HEIGHTENED_SPELL" />
	<element name="Quickened Spell Metamagic Replacement" type="Grants" source="Internal" id="ID_INTERNAL_FEATURE_REPLACEMENT_SORCERER_24_METAMAGIC_QUICKENED_SPELL" />
	<element name="Seeking Spell Metamagic Replacement" type="Grants" source="Internal" id="ID_INTERNAL_FEATURE_REPLACEMENT_SORCERER_24_METAMAGIC_SEEKING_SPELL" />
	<element name="Subtle Spell Metamagic Replacement" type="Grants" source="Internal" id="ID_INTERNAL_FEATURE_REPLACEMENT_SORCERER_24_METAMAGIC_SUBTLE_SPELL" />
	<element name="Transmuted Spell Metamagic Replacement" type="Grants" source="Internal" id="ID_INTERNAL_FEATURE_REPLACEMENT_SORCERER_24_METAMAGIC_TRANSMUTED_SPELL" />
	<element name="Twinned Spell Metamagic Replacement" type="Grants" source="Internal" id="ID_INTERNAL_FEATURE_REPLACEMENT_SORCERER_24_METAMAGIC_TWINNED_SPELL" />
</elements>
