<?xml version="1.0" encoding="utf-8" ?>
<elements>
	<info>
		<name>Monk</name>
		<description>The Monk class from the Player’s Handbook 2024.</description>
		<author url="https://dndstore.wizards.com/us/en/product/1001494/2024-player-s-handbook-digital-plus-physical-bundle">Wizards of the Coast</author>
		<update version="0.0.1">
			<file name="class-monk.xml" url="https://raw.githubusercontent.com/Netrinil/Aurora/master/core/players-handbook-2024/classes/class-monk.xml" />
		</update>
	</info>

	<element name="Monk" type="Class" source="Player’s Handbook 2024" id="ID_WOTC_PHB24_CLASS_MONK">
		<description>
			<p>Monks use rigorous combat training and mental discipline to align themselves with the multiverse and focus their internal reservoirs of power. Different Monks conceptualize this power in various ways: as breath, energy, life force, essence, or self, for example. Whether channeled as a striking display of martial prowess or as a subtler manifestation of defense and speed, this power infuses all that a Monk does.</p>
			<p class="indent">Monks focus their internal power to create extraordinary, even supernatural effects. They channel uncanny speed and strength into their attacks, with or without the use of weapons. In a Monk's hands, even the most basic weapons can become sophisticated implements of combat mastery.</p>
			<p class="indent">Many Monks find that a structured life of ascetic withdrawal helps them cultivate the physical and mental focus they need to harness their power. Other Monks believe that immersing themselves in the vibr a nt confusion of life helps to fuel their determination and discipline.</p>
			<p class="indent">Monks generally view adventures as tests of their physical and mental development. They are driven by a desire to accomplish a greater mission than merely slaying monsters and plundering treasure; they strive to turn themselves into living weapons.</p>
			<table>
				<thead>
					<tr><td>Core Monk Traits</td></tr>
				</thead>
				<tr><td>Primary Ability</td><td class="left">Dexterity and Wisdom </td> </tr>
				<tr><td>Hit Point Die</td><td class="left">D8 per Monk level</td></tr>
				<tr><td>Saving Throw Proficiencies</td><td class="left">Strength and Dexterity</td></tr>
				<tr><td>Skill Proficiencies</td><td class="left"><i>Choose 2:</i> Acrobatics, Athletics, History, Insight, Religion, or Stealth.</td></tr>
				<tr><td>Weapon Proficiencies</td><td class="left>">Simple weapons and Martial weapons that have the Light property.</td></tr>
				<tr><td>Tool Proficiencies</td><td class="left"><i>Choose one type of Artisan's Tools or Musical Instrument</i></td></tr>
				<tr><td>Armor Training</td><td class="left">None.</td></tr>
				<tr><td>Starting Equipment</td><td class="left"><i> Choose A or B:</i> (A) Spear, 5 Daggers, Artisan's Tools or Musical Instrument chosen for the tool proficiency above, Explorer's Pack, and ll GP; or (B) 50 GP</td></tr>
			</table>
			<h3>BECOMING A MONK ...</h3>
			<h4>As A Level 1 Character</h4>
			<ul>
				<li>Gain all the traits in the Core Monk Traits table.</li>
				<li>Gain the Monk's level 1 features which are listed in the Monk Features table.</li>
			</ul>
			<h4>As A Multiclass Character</h4>
			<ul>
				<li>Gain the Hit Point Die trait from the Core Monk Traits table.</li>
				<li>Gain the Monk's level 1 features, which are listed in the Monk Features table.</li>
			</ul>
			<h5 class="caption">MONK FEATURES</h5>
			<table class="class-features">
				<thead>
					<tr><td class="col-10">Level</td><td class="col-10">Martial Arts</td><td class="col-10">Focus Points</td><td class="col-10">Unarmored Movement</td><td class="col-60 left">Features</td></tr>
				</thead>
				<tr><td>1st</td><td>1d6</td><td>—</td><td>—</td><td class="left">Unarmored Defense, Martial Arts</td></tr>
				<tr><td>2nd</td><td>1d6</td><td>2</td><td>+10 ft.</td><td class="left">Monk's Focus, Uncanny Metabolism, Unarmored Movement</td></tr>
				<tr><td>3rd</td><td>1d6</td><td>3</td><td>+10 ft.</td><td class="left">Monk Subclass, Deflect Attacks</td></tr>
				<tr><td>4th</td><td>1d6</td><td>4</td><td>+10 ft.</td><td class="left">Ability Score Improvement, Slow Fall</td></tr>
				<tr><td>5th</td><td>1d8</td><td>5</td><td>+10 ft.</td><td class="left">Extra Attack, Stunning Strike</td></tr>
				<tr><td>6th</td><td>1d8</td><td>6</td><td>+15 ft.</td><td class="left">Empowered Strike, Subclass feature</td></tr>
				<tr><td>7th</td><td>1d8</td><td>7</td><td>+15 ft.</td><td class="left">Evasion</td></tr>
				<tr><td>8th</td><td>1d8</td><td>8</td><td>+15 ft.</td><td class="left">Ability Score Improvement</td></tr>
				<tr><td>9th</td><td>1d8</td><td>9</td><td>+15 ft.</td><td class="left">Acrobatic Movement</td></tr>
				<tr><td>10th</td><td>1d8</td><td>10</td><td>+20 ft.</td><td class="left">Heightened Focus, Self-Restoration</td></tr>
				<tr><td>11th</td><td>1d10</td><td>11</td><td>+20 ft.</td><td class="left">Subclass feature</td></tr>
				<tr><td>12th</td><td>1d10</td><td>12</td><td>+20 ft.</td><td class="left">Ability Score Improvement</td></tr>
				<tr><td>13th</td><td>1d10</td><td>13</td><td>+20 ft.</td><td class="left">Deflect Energy</td></tr>
				<tr><td>14th</td><td>1d10</td><td>14</td><td>+25 ft.</td><td class="left">Disciplined Survivor</td></tr>
				<tr><td>15th</td><td>1d10</td><td>15</td><td>+25 ft.</td><td class="left">Perfect Focus</td></tr>
				<tr><td>16th</td><td>1d10</td><td>16</td><td>+25 ft.</td><td class="left">Ability Score Improvement</td></tr>
				<tr><td>17th</td><td>1d12</td><td>17</td><td>+25 ft.</td><td class="left">Subclass feature</td></tr>
				<tr><td>18th</td><td>1d12</td><td>18</td><td>+30 ft.</td><td class="left">Superior Defense</td></tr>
				<tr><td>19th</td><td>1d12</td><td>19</td><td>+30 ft.</td><td class="left">Epic Boon</td></tr>
				<tr><td>20th</td><td>1d12</td><td>20</td><td>+30 ft.</td><td class="left">Body and Mindf</td></tr>
			</table>				
			<div element="ID_WOTC_PHB24_CLASS_FEATURE_MONK_UNARMORED_DEFENSE" />
			<div element="ID_WOTC_PHB24_CLASS_FEATURE_MONK_MARTIAL_ARTS" />
			<div element="ID_WOTC_PHB24_CLASS_FEATURE_MONK_MONKS_FOCUS" />
			<div element="ID_WOTC_PHB24_CLASS_FEATURE_MONK_UNCANNY_METABOLISM" />
			<div element="ID_WOTC_PHB24_CLASS_FEATURE_MONK_UNARMORED_MOVEMENT" />
			<div element="ID_WOTC_PHB24_CLASS_FEATURE_MONK_MONASTIC_TRADITION" />
			<div element="ID_WOTC_PHB24_CLASS_FEATURE_MONK_DEFLECT_ATTACKS" />
			<div element="ID_WOTC_PHB24_CLASS_FEATURE_MONK_ABILITY_SCORE_IMPROVEMENT" />
			<div element="ID_WOTC_PHB24_CLASS_FEATURE_MONK_SLOW_FALL" />
			<div element="ID_WOTC_PHB24_CLASS_FEATURE_MONK_EXTRA_ATTACK_MONK" />
			<div element="ID_WOTC_PHB24_CLASS_FEATURE_MONK_STUNNING_STRIKE" />
			<div element="ID_WOTC_PHB24_CLASS_FEATURE_MONK_EMPOWERED_STRIKES" />
			<div element="ID_WOTC_PHB24_CLASS_FEATURE_MONK_EVASION_MONK" />
			<div element="ID_WOTC_PHB24_CLASS_FEATURE_MONK_ACROBATIC_MOVEMENT" />
			<div element="ID_WOTC_PHB24_CLASS_FEATURE_MONK_HEIGHTENED_FOCUS" />
			<div element="ID_WOTC_PHB24_CLASS_FEATURE_MONK_SELF_RESTORATION" />
			<div element="ID_WOTC_PHB24_CLASS_FEATURE_MONK_DEFLECT_ENERGY" />
			<div element="ID_WOTC_PHB24_CLASS_FEATURE_MONK_DISCIPLINED_SURVIVOR" />
			<div element="ID_WOTC_PHB24_CLASS_FEATURE_MONK_PERFECT_FOCUS" />
			<div element="ID_WOTC_PHB24_CLASS_FEATURE_MONK_SUPERIOR_DEFENSE" />
			<div element="ID_WOTC_PHB24_CLASS_FEATURE_MONK_EPIC_BOON" />
			<div element="ID_WOTC_PHB24_CLASS_FEATURE_MONK_BODY_AND_MIND" />
		</description>
		<sheet display="false">
			<description>A Martial Artist of Supernatural Focus</description>
		</sheet>
		<setters>
			<set name="short">A Martial Artist of Supernatural Focus</set>
			<set name="hd">d8</set>
		</setters>
		<rules>
			<grant type="Proficiency" id="ID_WOTC_PHB24_PROFICIENCY_WEAPON_PROFICIENCY_SIMPLE_WEAPONS" requirements="!ID_WOTC_PHB24_MULTICLASS_MONK" />
			<grant type="Proficiency" id="ID_WOTC_PHB24_PROFICIENCY_WEAPON_PROFICIENCY_CROSSBOW_HAND" requirements="!ID_WOTC_PHB24_MULTICLASS_MONK" />
			<grant type="Proficiency" id="ID_WOTC_PHB24_PROFICIENCY_WEAPON_PROFICIENCY_SHORTSWORD" requirements="!ID_WOTC_PHB24_MULTICLASS_MONK" />
			<grant type="Proficiency" id="ID_WOTC_PHB24_PROFICIENCY_WEAPON_PROFICIENCY_SCIMITAR" requirements="!ID_WOTC_PHB24_MULTICLASS_MONK" />
			<grant type="Proficiency" id="ID_PROFICIENCY_WEAPON_PROFICIENCY_SIMPLE_WEAPONS" requirements="!ID_WOTC_PHB24_MULTICLASS_MONK, ID_WOTC_SOURCE_PLAYERS_HANDBOOK" />
			<grant type="Proficiency" id="ID_PROFICIENCY_WEAPON_PROFICIENCY_CROSSBOW_HAND" requirements="!ID_WOTC_PHB24_MULTICLASS_MONK, ID_WOTC_SOURCE_PLAYERS_HANDBOOK" />
			<grant type="Proficiency" id="ID_PROFICIENCY_WEAPON_PROFICIENCY_SHORTSWORD" requirements="!ID_WOTC_PHB24_MULTICLASS_MONK, ID_WOTC_SOURCE_PLAYERS_HANDBOOK" />
			<grant type="Proficiency" id="ID_PROFICIENCY_WEAPON_PROFICIENCY_SCIMITAR" requirements="!ID_WOTC_PHB24_MULTICLASS_MONK, ID_WOTC_SOURCE_PLAYERS_HANDBOOK" />
			<select type="Proficiency" name="Tool Proficiency (Monk)" supports="!Expertise,(Musical Instrument||Artisan tools)" requirements="!ID_WOTC_PHB24_MULTICLASS_MONK" />
			<grant type="Proficiency" id="ID_WOTC_PHB24_PROFICIENCY_SAVINGTHROW_STRENGTH" requirements="!ID_WOTC_PHB24_MULTICLASS_MONK" />
			<grant type="Proficiency" id="ID_WOTC_PHB24_PROFICIENCY_SAVINGTHROW_DEXTERITY" requirements="!ID_WOTC_PHB24_MULTICLASS_MONK" />
			<select type="Proficiency" name="Skill Proficiency (Monk)" supports="Skill 2024,Monk,!Expertise" number="2" requirements="!ID_WOTC_PHB24_MULTICLASS_MONK" />
			<grant type="Class Feature" id="ID_WOTC_PHB24_CLASS_FEATURE_MONK_UNARMORED_DEFENSE" level="1" />
			<grant type="Class Feature" id="ID_WOTC_PHB24_CLASS_FEATURE_MONK_MARTIAL_ARTS" level="1" />
			<grant type="Class Feature" id="ID_WOTC_PHB24_CLASS_FEATURE_MONK_MONKS_FOCUS" level="2" />
			<grant type="Class Feature" id="ID_WOTC_PHB24_CLASS_FEATURE_MONK_UNCANNY_METABOLISM" level="2" />
			<grant type="Class Feature" id="ID_WOTC_PHB24_CLASS_FEATURE_MONK_UNARMORED_MOVEMENT" level="2" />
			<grant type="Class Feature" id="ID_WOTC_PHB24_CLASS_FEATURE_MONK_MONASTIC_TRADITION" level="3" />
			<grant type="Class Feature" id="ID_WOTC_PHB24_CLASS_FEATURE_MONK_DEFLECT_ATTACKS" level="3" />
			<grant type="Class Feature" id="ID_WOTC_PHB24_CLASS_FEATURE_MONK_ABILITY_SCORE_IMPROVEMENT" level="4" />
			<grant type="Class Feature" id="ID_WOTC_PHB24_CLASS_FEATURE_MONK_SLOW_FALL" level="4" />
			<grant type="Class Feature" id="ID_WOTC_PHB24_CLASS_FEATURE_MONK_EXTRA_ATTACK_MONK" level="5" />
			<grant type="Class Feature" id="ID_WOTC_PHB24_CLASS_FEATURE_MONK_STUNNING_STRIKE" level="5" />
			<grant type="Class Feature" id="ID_WOTC_PHB24_CLASS_FEATURE_MONK_EMPOWERED_STRIKES" level="6" />
			<grant type="Class Feature" id="ID_WOTC_PHB24_CLASS_FEATURE_MONK_EVASION_MONK" level="7" />
			<grant type="Class Feature" id="ID_WOTC_PHB24_CLASS_FEATURE_MONK_ACROBATIC_MOVEMENT" level="9" />
			<grant type="Class Feature" id="ID_WOTC_PHB24_CLASS_FEATURE_MONK_SELF_RESTORATION" level="10" />
			<grant type="Class Feature" id="ID_WOTC_PHB24_CLASS_FEATURE_MONK_HEIGHTENED_FOCUS" level="10" />
			<grant type="Class Feature" id="ID_WOTC_PHB24_CLASS_FEATURE_MONK_DEFLECT_ENERGY" level="13" />
			<grant type="Class Feature" id="ID_WOTC_PHB24_CLASS_FEATURE_MONK_DISCIPLINED_SURVIVOR" level="14" />
			<grant type="Class Feature" id="ID_WOTC_PHB24_CLASS_FEATURE_MONK_PERFECT_FOCUS" level="15" />
			<grant type="Class Feature" id="ID_WOTC_PHB24_CLASS_FEATURE_MONK_SUPERIOR_DEFENSE" level="18" />
			<grant type="Class Feature" id="ID_WOTC_PHB24_CLASS_FEATURE_MONK_EPIC_BOON" level="19" />
			<grant type="Class Feature" id="ID_WOTC_PHB24_CLASS_FEATURE_MONK_BODY_AND_MIND" level="20" />
		</rules>
		<multiclass id="ID_WOTC_PHB24_MULTICLASS_MONK">
			<prerequisite>Dexterity 13 and Wisdom 13</prerequisite>
			<requirements>([dex:13],[wis:13])</requirements>
			<setters>
				<set name="multiclass proficiencies">-</set>
			</setters>
			<rules>
				<grant type="Grants" id="ID_INTERNAL_GRANT_MULTICLASS" />
			</rules>
		</multiclass>
	</element>


	<element name="Level 1: Martial Arts" type="Class Feature" source="Player’s Handbook 2024" id="ID_WOTC_PHB24_CLASS_FEATURE_MONK_MARTIAL_ARTS">
		<requirements>!ID_INTERNAL_FEATURE_REPLACEMENT_MONK_24_MARTIAL_ARTS</requirements>
		<description>
			<p>Your practice of martial arts gives you mastery of combat styles that use your Unarmed Strike and Monk weapons (which are either Simple Melee weapons or Martial Melee weapons with the Light property.</p>
			<p class="indent">You gain the following benefits while you are unarmed or wielding only Monk weapons and you aren't wearing armor or wielding a Shield.</p>
			<p class="indent"><em><strong>Bonus Unarmed Strike.</strong></em> You can make an Unarmed Strike as a Bonus Action.</p>
			<p class="indent"><em><strong>Martial Arts Die.</strong></em> You can roll 1d6 in place of the normal damage of your Unarmed Strike or Monk weapons. This die changes as you gain Monk levels, as shown in the Martial Arts column of the Monk Features table.</p>
			<p class="indent"><em><strong>Dexterous Attacks.</strong></em> You can use your Dexterity modifier instead of your Strength modifier for the attack and damage rolls of your Unarmed Strikes and Monk weapons. In addition, when you use the Grapple or Shove option of your Unarmed Strike, you can use your Dexterity modifier instead of your Strength modifier to determine the save DC.</p>
		</description>
		<sheet alt="Marital Arts">
			<description>You can use Strength or Dexterity for your attacks with Monk Weapons and Unarmed Strikes. Your Unarmed Strikes deal 1d{{martial arts:dice}}+{{martial arts:damage}} damage. &#13;
			You can use Dexterity in place of Strength when you Grapple or Shove. Your Grappling or Shoving DC is {{shove or grapple:dc}}. &#13;
			You can make an Unarmed Strike as a Bonus Action on your turn.</description>
		</sheet>
		<rules>
			<stat name="martial arts:attack" value="strength:modifier" bonus="martial arts" />
			<stat name="martial arts:attack" value="dexterity:modifier" bonus="martial arts" />
			<stat name="martial arts:damage" value="strength:modifier" bonus="martial arts" />
			<stat name="martial arts:damage" value="dexterity:modifier" bonus="martial arts" />
			<stat name="martial arts:dice" value="6" bonus="martial arts" />
			<stat name="martial arts:dice" value="8" bonus="martial arts" level="5" />
			<stat name="martial arts:dice" value="10" bonus="martial arts" level="11" />
			<stat name="martial arts:dice" value="12" bonus="martial arts" level="17" />
			<stat name="shove or grapple:dc" value="8" />
			<stat name="shove or grapple:dc" value="proficiency" />
			<stat name="shove or grapple:dc" value="strength:modifier" bonus="ability" />
			<stat name="shove or grapple:dc" value="dexterity:modifier" bonus="ability" />
		</rules>
	</element>
	<element name="Level 1: Unarmored Defense" type="Class Feature" source="Player’s Handbook 2024" id="ID_WOTC_PHB24_CLASS_FEATURE_MONK_UNARMORED_DEFENSE">
		<requirements>!ID_INTERNAL_FEATURE_REPLACEMENT_MONK_24_UNARMORED_DEFENSE</requirements>
		<description>
			<p>While you aren't wearing armor or wielding a Shield, your base Armor Class equals 10 plus your Dexterity and Wisdom modifiers.</p>
		</description>
		<sheet alt="Unarmed Defense">
			<description>While you aren't wearing armor or wielding a Shield, your base Armor Class equals {{ac:unarmored defense monk}}.</description>
		</sheet>
		<rules>
			<stat name="ac:unarmored defense monk:base" value="10" />
			<stat name="ac:unarmored defense monk:dexterity" value="dexterity:modifier" />
			<stat name="ac:unarmored defense monk:wisdom" value="wisdom:modifier" />
			<stat name="ac:unarmored defense monk" value="ac:unarmored defense monk:base" />
			<stat name="ac:unarmored defense monk" value="ac:unarmored defense monk:dexterity" />
			<stat name="ac:unarmored defense monk" value="ac:unarmored defense monk:wisdom" />
			<stat name="ac:calculation" value="ac:unarmored defense monk" bonus="calculation" equipped="[armor:none],[shield:none]" alt="Unarmored Defense (Monk)" />
		</rules>
	</element>


	<element name="Level 2: Monk's Focus" type="Class Feature" source="Player’s Handbook 2024" id="ID_WOTC_PHB24_CLASS_FEATURE_MONK_MONKS_FOCUS">
		<requirements>!ID_INTERNAL_FEATURE_REPLACEMENT_MONK_24_MONKS_FOCUS</requirements>
		<description>
			<p>Your focus and martial training allow you to harness a well of extraordinary energy within yourself. This energy is represented by Focus Points. Your Monk level determines the number of points you have, as shown in the Focus Points column of the Monk Features table.</p>
			<p class="indent">You can expend these points to enhance or fuel certain Monk features. You start knowing three such features: Flurry of Blows, Patient Defense, and Step of the Wind, each of which is detailed below.</p>
			<p class="indent">When you expend a Focus Point, it is unavailable until you finish a Short or Long Rest, at the end of which you regain all your expended points.</p>
			<p class="indent">Some features that use Focus Points require your target to make a saving throw. The save DC is as follows:</p>
			<center>
				<p><strong>Focus save DC</strong> = 8 + your proficiency bonus + your Wisdom modifier</p>
			</center>
			<p><em><strong>Flurry of Blows.</strong></em> You can expend 1 Focus Point to make two Unarmed Strikes as a Bonus Action.</p>
			<p><em><strong>Patient Defense.</strong></em> You can take the Disengage action as a Bonus Action. Alternatively, you can expend 1 Focus Point to take both the Disengage and the Dodge actions as a Bonus Action.</p>
			<p><em><strong>Step of the Wind.</strong></em> You can take the Dash action as a Bonus Action. Alternatively, you can expend 1 Focus Point to take both the Disengage and Dash actions as a Bonus Action, and your jump distance is doubled for the turn.</p>
		</description>
		<sheet alt="Monk's Focus">
			<description>You have {{focus:points}} Focus Points and your Focus DC is {{focus:dc}}.</description>
		</sheet>
		<rules>
			<stat name="focus:points" value="level:monk" />
			<stat name="focus:dc" value="8" />
			<stat name="focus:dc" value="proficiency" />
			<stat name="focus:dc" value="wisdom:modifier" />
			<select type="Class Feature" name="Flurry of Blows" supports="ID_WOTC_PHB24_CLASS_FEATURE_MONK_FOCUS_FLURRY_OF_BLOWS" default="ID_WOTC_PHB24_CLASS_FEATURE_MONK_FOCUS_FLURRY_OF_BLOWS"/>
			<select type="Class Feature" name="Patient Defense" supports="ID_WOTC_PHB24_CLASS_FEATURE_MONK_FOCUS_PATIENT_DEFENSE" default="ID_WOTC_PHB24_CLASS_FEATURE_MONK_FOCUS_PATIENT_DEFENSE"/>
			<select type="Class Feature" name="Step of the Wind" supports="ID_WOTC_PHB24_CLASS_FEATURE_MONK_FOCUS_STEP_OF_THE_WIND" default="ID_WOTC_PHB24_CLASS_FEATURE_MONK_FOCUS_STEP_OF_THE_WIND"/>
		</rules>
	</element>
	<element name="Flurry of Blows" type="Class Feature" source="Player’s Handbook 2024" id="ID_WOTC_PHB24_CLASS_FEATURE_MONK_FOCUS_FLURRY_OF_BLOWS">
		<supports>ID_WOTC_PHB24_CLASS_FEATURE_MONK_FOCUS_FLURRY_OF_BLOWS</supports>
		<requirements>!ID_INTERNAL_FEATURE_REPLACEMENT_MONK_24_MONKS_FOCUS_FLURRY_OF_BLOWS</requirements>
		<description>
			<p>You can expend 1 Focus Point to make two Unarmed Strikes as a Bonus Action.</p>
		</description>
		<sheet action="Bonus Action" usage="1 Focus">
			<description>You can expend 1 Focus Point to make two Unarmed Strikes</description>
			<description level="10">You can expend 1 Focus Point to make three Unarmed Strikes</description>
		</sheet>
	</element>
	<element name="Patient Defense" type="Class Feature" source="Player’s Handbook 2024" id="ID_WOTC_PHB24_CLASS_FEATURE_MONK_FOCUS_PATIENT_DEFENSE">
		<supports>ID_WOTC_PHB24_CLASS_FEATURE_MONK_FOCUS_PATIENT_DEFENSE</supports>
		<requirements>!ID_INTERNAL_FEATURE_REPLACEMENT_MONK_24_MONKS_FOCUS_PATIENT_DEFENSE</requirements>
		<description>
			<p>You can take the Disengage action as a Bonus Action. Alternatively, you can expend 1 Focus Point to take both the Disengage and the Dodge actions as a Bonus Action.</p>
		</description>
		<sheet action="Bonus Action" usage="1 Focus">
			<description>You can take the Disengage action. Alternatively, you can expend 1 Focus Point to take both the Disengage and the Dodge actions as part of the same Bonus Action.</description>
			<description level="10">You can take the Disengage action. Alternatively, you can expend 1 Focus Point to take both the Disengage and the Dodge actions as part of the same Bonus Action. When you expend a Focus Point for this feature, it grants you 2d{{martial arts:dice}} Temporary Hit Points.</description>
		</sheet>
	</element>
	<element name="Step of the Wind" type="Class Feature" source="Player’s Handbook 2024" id="ID_WOTC_PHB24_CLASS_FEATURE_MONK_FOCUS_STEP_OF_THE_WIND">
		<supports>ID_WOTC_PHB24_CLASS_FEATURE_MONK_FOCUS_STEP_OF_THE_WIND</supports>
		<requirements>!ID_INTERNAL_FEATURE_REPLACEMENT_MONK_24_MONKS_FOCUS_STEP_OF_THE_WIND</requirements>
		<description>
			<p>You can take the Dash action as a Bonus Action. Alternatively, you can expend 1 Focus Point to take both the Disengage and Dash actions as a Bonus Action, and your jump distance is doubled for the turn.</p>
		</description>
		<sheet action="Bonus Action" usage="1 Focus">
			<description>You can take the Dash action. Alternatively, you can expend 1 Focus Point to take both the Disengage and Dash actions as part of the same Bonus Action, and your jump distance is doubled for the turn.</description>
			<description level="10">You can take the Dash action. Alternatively, you can expend 1 Focus Point to take both the Disengage and Dash actions as part of the same Bonus Action, and your jump distance is doubled for the turn. When you expend a Focus Point for this feature, you can move one willing creature with you on your move this turn.</description>
		</sheet>
	</element>
	<element name="Level 2: Unarmored Movement" type="Class Feature" source="Player’s Handbook 2024" id="ID_WOTC_PHB24_CLASS_FEATURE_MONK_UNARMORED_MOVEMENT">
		<requirements>!ID_INTERNAL_FEATURE_REPLACEMENT_MONK_24_UNARMORED_MOVEMENT</requirements>
		<description>
			<p>Your speed increases by 10 feet while you aren't wearing armor or wielding a Shield. This bonus increases when you reach certain Monk levels, as shown on the Monk Features table.</p>
		</description>
		<sheet alt="Unarmored Movement">
			<description>Your Speed increases by {{monk:unarmored movement}} feet while you are not wearing armor or wielding a shield.</description>
		</sheet>
		<rules>
			<stat name="monk:unarmored movement" value="10" bonus="unarmored movement" level="2" />
			<stat name="monk:unarmored movement" value="15" bonus="unarmored movement" level="6" />
			<stat name="monk:unarmored movement" value="20" bonus="unarmored movement" level="10" />
			<stat name="monk:unarmored movement" value="25" bonus="unarmored movement" level="14" />
			<stat name="monk:unarmored movement" value="30" bonus="unarmored movement" level="18" />

			<stat name="innate speed:misc" value="monk:unarmored movement" bonus="unarmored movement" equipped="[armor:none],[shield:none]" requirements="[innate speed:1]" />
			<stat name="innate speed:climb:misc" value="monk:unarmored movement" bonus="unarmored movement" equipped="[armor:none],[shield:none]" requirements="[innate speed:climb:1]" />
			<stat name="innate speed:fly:misc" value="monk:unarmored movement" bonus="unarmored movement" equipped="[armor:none],[shield:none]" requirements="[innate speed:fly:1]" />
			<stat name="innate speed:swim:misc" value="monk:unarmored movement" bonus="unarmored movement" equipped="[armor:none],[shield:none]" requirements="[innate speed:swim:1]" />
			<stat name="innate speed:burrow:misc" value="monk:unarmored movement" bonus="unarmored movement" equipped="[armor:none],[shield:none]" requirements="[innate speed:burrow:1]" />
		</rules>
	</element>
	<element name="Level 2: Uncanny Metabolism" type="Class Feature" source="Player’s Handbook 2024" id="ID_WOTC_PHB24_CLASS_FEATURE_MONK_UNCANNY_METABOLISM">
		<requirements>!ID_INTERNAL_FEATURE_REPLACEMENT_MONK_24_UNCANNY_METABOLISM</requirements>
		<description>
			<p>When you roll Initiative, you can regain all expended Focus Points. When you do so, roll your Martial Arts die, and regain a number of Hit Points equal to your Monk level plus the number rolled.</p>
			<p class="indent">Once you use this feature, you can't use it again until you finish a Long Rest.</p>
		</description>
		<sheet alt="Uncanny Metabolism" usage="1/Long Rest">
			<description>When you roll Initiative, you can regain all Focus Points and regain 1d{{martial arts:dice}}+{{uncanny metabolism:hp}} Hit Points.</description>
		</sheet>
		<rules>
			<stat name="uncanny metabolism:hp" value="level:monk" />
		</rules>
	</element>


	<element name="Level 3: Deflect Attacks" type="Class Feature" source="Player’s Handbook 2024" id="ID_WOTC_PHB24_CLASS_FEATURE_MONK_DEFLECT_ATTACKS">
		<requirements>!ID_INTERNAL_FEATURE_REPLACEMENT_MONK_24_DEFLECT_ATTACKS</requirements>
		<description>
			<p>When an attack roll hits you and its damage includes Bludgeoning, Piercing, or Slashing damage, you can take a Reaction to reduce the attack's total damage against you. The reduction equals 1d10 plus your Dexterity modifier and Monk level.</p>
			<p class="indent">If you reduce the damage to 0, you can expend 1 Focus Point to redirect some of the attack's force. If you do so, choose a creature you can see within 5 feet of yourself if the attack was a melee attack or a creature you can see within 60 feet of yourself that isn't behind Total Cover if the attack was a ranged attack. That creature must succeed on a Dexterity saving throw or take damage equal to two rolls of your Martial Arts die plus your Dexterity modifier. The damage is the same type dealt by the attack.</p>
		</description>
		<sheet alt="Deflect Attacks" action="Reaction">
			<description>You can reduce the damage of melee or ranged attacks that deal Bludgeoning, Piercing, or Slashing damage by 1d10+{{monk:deflect attacks bonus}}.
			If you reduce the damage to 0, you can spend 1 Focus Point to redirect damage. Melee attacks can be directed at a creature within 5 feet, while Ranged can be directed against a creature within 60 feet. The target must succeed on a DC{{focus:dc}} Dexterity saving throw or takes damage equal to 2d{{martial arts:dice}}+{{dexterity:modifier}}.</description>
			<description level="13">You can reduce the damage of any melee or ranged attack by 1d10+{{monk:deflect attacks bonus}}.
			If you reduce the damage to 0, you can spend 1 Focus Point to redirect damage. Melee attacks can be directed at a creature within 5 feet, while Ranged can be directed against a creature within 60 feet. The target must succeed on a DC{{focus:dc}} Dexterity saving throw or take damage equal to 2d{{martial arts:dice}}+{{dexterity:modifier}}.</description>
		</sheet>
		<rules>
			<stat name="monk:deflect attacks bonus" value="dexterity:modifier" />
			<stat name="monk:deflect attacks bonus" value="level:monk" />
		</rules>
	</element>
	<element name="Level 3: Monk Subclass" type="Class Feature" source="Player’s Handbook 2024" id="ID_WOTC_PHB24_CLASS_FEATURE_MONK_MONASTIC_TRADITION">
		<requirements>!ID_INTERNAL_FEATURE_REPLACEMENT_MONK_24_MONASTIC_TRADITION</requirements>
		<description>
			<p>You gain a Monk subclass of your choice. A subclass is a specialization that grants you features at certain Monk levels. For the rest of your career, you gain each of your subclass's features that are of your Monk level or lower.</p>
		</description>
		<sheet display="false" />
		<rules>
			<select type="Archetype" name="Monastic Tradition" supports="Monastic Tradition" />
		</rules>
	</element>

	<element name="Level 4: Ability Score Improvement" type="Class Feature" source="Player’s Handbook 2024" id="ID_WOTC_PHB24_CLASS_FEATURE_MONK_ABILITY_SCORE_IMPROVEMENT">
		<requirements>!ID_INTERNAL_FEATURE_REPLACEMENT_MONK_24_ABILITY_SCORE_IMPROVEMENT</requirements>
		<compendium display="false" />
		<description>
			<p>You gain the Ability Score Improvement feat or another feat of your choice for which you qualify. You gain this feature again at Monk levels 8, 12, and 16.</p>
		</description>
		<sheet display="false" />
		<rules>
			<select type="Feat" name="Ability Score Improvement (Monk 4)" level="4" />
			<select type="Feat" name="Ability Score Improvement (Monk 8)" level="8" />
			<select type="Feat" name="Ability Score Improvement (Monk 12)" level="12" />
			<select type="Feat" name="Ability Score Improvement (Monk 16)" level="16" />
		</rules>
	</element>
	<element name="Level 4: Slow Fall" type="Class Feature" source="Player’s Handbook 2024" id="ID_WOTC_PHB24_CLASS_FEATURE_MONK_SLOW_FALL">
		<requirements>!ID_INTERNAL_FEATURE_REPLACEMENT_MONK_24_SLOW_FALL</requirements>
		<description>
			<p>You can take a Reaction when you fall to reduce any damage you take from the fall by an amount equal to five times your Monk level.</p>
		</description>
		<sheet alt="Slow Fall" usage="Reaction">
			<description>Reduce any falling damage you take by {{monk:slowfall}}.</description>
		</sheet>
		<rules>
			<stat name="monk:slowfall" value="level:monk" />
			<stat name="monk:slowfall" value="level:monk" />
			<stat name="monk:slowfall" value="level:monk" />
			<stat name="monk:slowfall" value="level:monk" />
			<stat name="monk:slowfall" value="level:monk" />
		</rules>
	</element>


	<element name="Level 5: Extra Attack" type="Class Feature" source="Player’s Handbook 2024" id="ID_WOTC_PHB24_CLASS_FEATURE_MONK_EXTRA_ATTACK_MONK">
		<requirements>!ID_INTERNAL_FEATURE_REPLACEMENT_MONK_24_EXTRA_ATTACK</requirements>
		<description>
			<p>You can attack twice instead of once whenever you take the Attack action on your turn.</p>
		</description>
		<sheet alt="Extra Attack">
			<description>You can attack twice instead of once whenever you take the Attack action on your turn.</description>
		</sheet>
		<rules>
			<stat name="extra attack:count" value="2" level="5" bonus="extra attack" />
		</rules>
	</element>
	<element name="Level 5: Stunning Strike" type="Class Feature" source="Player’s Handbook 2024" id="ID_WOTC_PHB24_CLASS_FEATURE_MONK_STUNNING_STRIKE">
		<requirements>!ID_INTERNAL_FEATURE_REPLACEMENT_MONK_24_STUNNING_STRIKE</requirements>
		<description>
			<p>Once per turn when you hit a creature with a Monk weapon or an Unarmed Strike, you can expend 1 Focus Point to attempt a stunning strike. The target must make a Constitution saving throw. On a failed save, the target has the Stunned condition until the start of your next turn. On a successful save, the target's Speed is halved until the start of your next turn, and the next attack roll made against the target before then has Advantage.</p>
		</description>
		<sheet alt="Stunning Strike" usage="1 Focus — 1/Turn">
			<description>When you hit another creature with a Monk weapon or Unarmed Strike, you can spend 1 Focus Point to attempt a stunning strike. The target must succeed on a DC{{focus:dc}} Constitution saving throw or have the Stunned condition until the start of your next turn. On a successful save, the target's Speed is halved, and the next attack roll made against the target before then has Advantage.</description>
		</sheet>
	</element>


	<element name="Level 6: Empowered Strikes" type="Class Feature" source="Player’s Handbook 2024" id="ID_WOTC_PHB24_CLASS_FEATURE_MONK_EMPOWERED_STRIKES">
		<requirements>!ID_INTERNAL_FEATURE_REPLACEMENT_MONK_24_EMPOWERED_STRIKES</requirements>
		<description>
			<p>Whenever you deal damage with your Unarmed Strike, it can deal your choice of Force damage or its normal damage type.</p>
		</description>
		<sheet alt="Empowered Strikes">
			<description>You can choose to deal Force damage instead of Bludgeoning damage for your Unarmed Strikes.</description>
		</sheet>
	</element>


	<element name="Level 7: Evasion" type="Class Feature" source="Player’s Handbook 2024" id="ID_WOTC_PHB24_CLASS_FEATURE_MONK_EVASION_MONK">
		<requirements>!ID_INTERNAL_FEATURE_REPLACEMENT_MONK_24_EVASION</requirements>
		<description>
			<p>When you're subjected to an effect that allows you to make a Dexterity saving throw to take only half damage, you instead take no damage if you succeed on the saving throw and only half damage if you fail.</p>
			<p class="indent">You don't benefit from this feature if you have the Incapacitated condition.</p>
		</description>
		<sheet alt="Evasion">
			<description>When you are subjected to an effect that allows you to make a Dexterity saving throw to take only half damage and you do not have the Incapacitated condition, you instead take no damage if you succeed on the saving throw, and only half damage if you fail.</description>
		</sheet>
	</element>


	<element name="Level 9: Acrobatic Movement" type="Class Feature" source="Player’s Handbook 2024" id="ID_WOTC_PHB24_CLASS_FEATURE_MONK_ACROBATIC_MOVEMENT">
		<requirements>!ID_INTERNAL_FEATURE_REPLACEMENT_MONK_24_ACROBATIC_MOVEMENT</requirements>
		<description>
			<p>While you aren't wearing armor or wielding a Shield, you gain the ability to move along vertical surfaces and across liquids on your turn without falling during the movement.</p>
		</description>
		<sheet alt="Acrobatic Movement">
			<description>You can move along vertical surfaces and across liquids on your turn without falling while you are not wearing armor or wielding a shield.</description>
		</sheet>
	</element>


	<element name="Level 10: Heightened Focus" type="Class Feature" source="Player’s Handbook 2024" id="ID_WOTC_PHB24_CLASS_FEATURE_MONK_HEIGHTENED_FOCUS">
		<requirements>!ID_INTERNAL_FEATURE_REPLACEMENT_MONK_24_HEIGHTENED_FOCUS</requirements>
		<description>
			<p>Your Flurry of Blows, Patient Defense, and Step of the Wind gain the following benefits.</p>
			<p><em><strong>Flurry of Blows.</strong></em> You can expend 1 Focus Point to use Flurry of Blows and make three Unarmed Strikes with it instead of two.</p>
			<p><em><strong>Patient Defense.</strong></em> When you expend a Focus Point to use Patient Defense, you gain a number of Temporary Hit Points equal to two rolls of your Martial Arts die.</p>
			<p><em><strong>Step of the Wind.</strong></em> When you expend a Focus Point to use Step of the Wind, you can choose a willing creature within 5 feet of yourself that is Large or smaller. You move the creature with you until the end of your turn. The creature's movement doesn't provoke Opportunity Attacks.</p>
		</description>
		<sheet display="false" alt="Heightened Focus" >
			<description>You are now more adept with your Flurry of Blows, Patient Defense, and Step of the Wind features.</description>
		</sheet>
	</element>


	<element name="Level 10: Self-Restoration" type="Class Feature" source="Player’s Handbook 2024" id="ID_WOTC_PHB24_CLASS_FEATURE_MONK_SELF_RESTORATION">
		<requirements>!ID_INTERNAL_FEATURE_REPLACEMENT_MONK_24_SELF_RESTORATION</requirements>
		<description>
			<p>Through sheer force of will, you can remove one of the following conditions from yourself at the end of each of your turns: Charmed, Frightened, or Poisoned.</p>
			<p class="indent">In addition, forgoing food and drink doesn't give you levels of Exhaustion.</p>
		</description>
		<sheet alt="Self Restoration">
			<description>Forgoing food and drink doesn't give you levels of Exhaustion. Additionally, you can remove one of the following conditions from yourself at the end of each of your turns: Charmed, Frightened and Poisoned.</description>
		</sheet>
	</element>


	<element name="Level 13: Deflect Energy" type="Class Feature" source="Player’s Handbook 2024" id="ID_WOTC_PHB24_CLASS_FEATURE_MONK_DEFLECT_ENERGY">
		<requirements>!ID_INTERNAL_FEATURE_REPLACEMENT_MONK_24_DEFLECT_ENERGY</requirements>
		<description>
			<p>You can now use your Deflect Attacks feature against attacks that deal any damage type, not just Bludgeoning, Piercing, or Slashing.</p>
		</description>
		<sheet alt="Deflect Energy" >
			<description>You can now use your Deflect Attacks feature against attacks that deal any damage type.</description>
		</sheet>
	</element>


	<element name="Level 14: Disciplined Survivor" type="Class Feature" source="Player’s Handbook 2024" id="ID_WOTC_PHB24_CLASS_FEATURE_MONK_DISCIPLINED_SURVIVOR">
		<requirements>!ID_INTERNAL_FEATURE_REPLACEMENT_MONK_24_DISCIPLINED_SURVIVOR</requirements>
		<description>
			<p>Your physical and mental discipline grant you proficiency in all saving throws.</p>
			<p class="indent">Additionally, whenever you make a saving throw and fail, you can expend 1 Focus Point to reroll it, and you must use the new roll.</p>
		</description>
		<sheet alt="Disciplined Survivor" usage="1 Focus">
			<description>Whenever you make a saving throw and fail, you can spend 1 Focus Point to reroll it and take the second result.</description>
		</sheet>
		<rules>
			<grant type="Proficiency" id="ID_WOTC_PHB24_PROFICIENCY_SAVINGTHROW_STRENGTH" />
			<grant type="Proficiency" id="ID_WOTC_PHB24_PROFICIENCY_SAVINGTHROW_DEXTERITY" />
			<grant type="Proficiency" id="ID_WOTC_PHB24_PROFICIENCY_SAVINGTHROW_CONSTITUTION" />
			<grant type="Proficiency" id="ID_WOTC_PHB24_PROFICIENCY_SAVINGTHROW_INTELLIGENCE" />
			<grant type="Proficiency" id="ID_WOTC_PHB24_PROFICIENCY_SAVINGTHROW_WISDOM" />
			<grant type="Proficiency" id="ID_WOTC_PHB24_PROFICIENCY_SAVINGTHROW_CHARISMA" />
		</rules>
	</element>


	<element name="Level 15: Perfect Focus" type="Class Feature" source="Player’s Handbook 2024" id="ID_WOTC_PHB24_CLASS_FEATURE_MONK_PERFECT_FOCUS">
		<requirements>!ID_INTERNAL_FEATURE_REPLACEMENT_MONK_24_PERFECT_FOCUS</requirements>
		<description>
			<p>When you roll Initiative and don't use Uncanny Metabolism, you regain expended Focus Points until you have 4 if you have 3 or fewer.</p>
		</description>
		<sheet alt="Perfect Focus">
			<description>When you roll Initiative with 3 or less Focus Points and don't use Uncanny Metabolism, you regain expended Focus Points until you have 4.</description>
		</sheet>
	</element>


	<element name="Level 18: Superior Defense" type="Class Feature" source="Player’s Handbook 2024" id="ID_WOTC_PHB24_CLASS_FEATURE_MONK_SUPERIOR_DEFENSE">
		<requirements>!ID_INTERNAL_FEATURE_REPLACEMENT_MONK_24_SUPERIOR_DEFENSE</requirements>
		<description>
			<p>At the start of your turn, you can expend 3 Focus Points to bolster yourself against harm for 1 minute or until you have the Incapacitated condition. During that time, you have Resistance to all damage except Force damage.</p>
		</description>
		<sheet alt="Superior Defense" usage="3 Focus">
			<description>You can spend 3 Focus Points at the start of your turn to gain Resistance to all damage types except Force for 1 minute.</description>
		</sheet>
	</element>


	<element name="Level 19: Epic Boon" type="Class Feature" source="Player’s Handbook 2024" id="ID_WOTC_PHB24_CLASS_FEATURE_MONK_EPIC_BOON">
		<requirements>!ID_INTERNAL_FEATURE_REPLACEMENT_MONK_24_EPIC_BOON</requirements>
		<description>
			<p>You gain an Epic Boon feat or another feat of your choice for which you qualify. Boon of Irresistible Offense is recommended.</p>
		</description>
		<sheet display="false" />
		<rules>
			<select type="Feat" name="Epic Boon (Monk 19)" level="19" />
		</rules>
	</element>


	<element name="Level 20: Body and Mind" type="Class Feature" source="Player’s Handbook 2024" id="ID_WOTC_PHB24_CLASS_FEATURE_MONK_BODY_AND_MIND">
		<requirements>!ID_INTERNAL_FEATURE_REPLACEMENT_MONK_24_BODY_AND_MIND</requirements>
		<description>
			<p>You have developed your body and mind to new heights. Your Dexterity and Wisdom scores increase by 4, to a maximum of 25.</p>
		</description>
		<sheet display="false">
			<description>You have developed your body and mind to new heights. Your Dexterity and Wisdom scores increase by 4, to a maximum of 25.</description>
		</sheet>
		<rules>
			<stat name="wisdom" value="4"/>
			<stat name="dexterity" value="4"/>
			<stat name="wisdom:max" value="4" bonus="ability" />
			<stat name="dexterity:max" value="4" bonus="ability" />
		</rules>
	</element>

	<!--Feature Replacement Grants-->
	<element name="Martial Arts Feature Replacement" type="Grants" source="Internal" id="ID_INTERNAL_FEATURE_REPLACEMENT_MONK_24_MARTIAL_ARTS" />
	<element name="Unarmored Defense Feature Replacement" type="Grants" source="Internal" id="ID_INTERNAL_FEATURE_REPLACEMENT_MONK_24_UNARMORED_DEFENSE" />
	<element name="Monk's Focus Feature Replacement" type="Grants" source="Internal" id="ID_INTERNAL_FEATURE_REPLACEMENT_MONK_24_MONKS_FOCUS" />
	<element name="Monk's Focus: Flurry of Blows Feature Replacement" type="Grants" source="Internal" id="ID_INTERNAL_FEATURE_REPLACEMENT_MONK_24_MONKS_FOCUS_FLURRY_OF_BLOWS" />
	<element name="Monk's Focus: Patient Defense Feature Replacement" type="Grants" source="Internal" id="ID_INTERNAL_FEATURE_REPLACEMENT_MONK_24_MONKS_FOCUS_PATIENT_DEFENSE" />
	<element name="Monk's Focus: Step of the Wind Feature Replacement" type="Grants" source="Internal" id="ID_INTERNAL_FEATURE_REPLACEMENT_MONK_24_MONKS_FOCUS_STEP_OF_THE_WIND" />
	<element name="Unarmored Movement Feature Replacement" type="Grants" source="Internal" id="ID_INTERNAL_FEATURE_REPLACEMENT_MONK_24_UNARMORED_MOVEMENT" />
	<element name="Uncanny Metabolism Feature Replacement" type="Grants" source="Internal" id="ID_INTERNAL_FEATURE_REPLACEMENT_MONK_24_UNCANNY_METABOLISM" />
	<element name="Deflect Attacks Feature Replacement" type="Grants" source="Internal" id="ID_INTERNAL_FEATURE_REPLACEMENT_MONK_24_DEFLECT_ATTACKS" />
	<element name="Monk Subclass Feature Replacement" type="Grants" source="Internal" id="ID_INTERNAL_FEATURE_REPLACEMENT_MONK_24_MONASTIC_TRADITION" />
	<element name="Ability Score Improvement Feature Replacement" type="Grants" source="Internal" id="ID_INTERNAL_FEATURE_REPLACEMENT_MONK_24_ABILITY_SCORE_IMPROVEMENT" />
	<element name="Slow Fall Feature Replacement" type="Grants" source="Internal" id="ID_INTERNAL_FEATURE_REPLACEMENT_MONK_24_SLOW_FALL" />
	<element name="Extra Attack Feature Replacement" type="Grants" source="Internal" id="ID_INTERNAL_FEATURE_REPLACEMENT_MONK_24_EXTRA_ATTACK" />
	<element name="Stunning Strike Feature Replacement" type="Grants" source="Internal" id="ID_INTERNAL_FEATURE_REPLACEMENT_MONK_24_STUNNING_STRIKE" />
	<element name="Empowered Strikes Feature Replacement" type="Grants" source="Internal" id="ID_INTERNAL_FEATURE_REPLACEMENT_MONK_24_EMPOWERED_STRIKES" />
	<element name="Evasion Feature Replacement" type="Grants" source="Internal" id="ID_INTERNAL_FEATURE_REPLACEMENT_MONK_24_EVASION" />
	<element name="Acrobatic Movement Feature Replacement" type="Grants" source="Internal" id="ID_INTERNAL_FEATURE_REPLACEMENT_MONK_24_ACROBATIC_MOVEMENT" />
	<element name="Heightened Focus Feature Replacement" type="Grants" source="Internal" id="ID_INTERNAL_FEATURE_REPLACEMENT_MONK_24_HEIGHTENED_FOCUS" />
	<element name="Self-Restoration Feature Replacement" type="Grants" source="Internal" id="ID_INTERNAL_FEATURE_REPLACEMENT_MONK_24_SELF_RESTORATION" />
	<element name="Deflect Energy Feature Replacement" type="Grants" source="Internal" id="ID_INTERNAL_FEATURE_REPLACEMENT_MONK_24_DEFLECT_ENERGY" />
	<element name="Disciplined Survivor Feature Replacement" type="Grants" source="Internal" id="ID_INTERNAL_FEATURE_REPLACEMENT_MONK_24_DISCIPLINED_SURVIVOR" />
	<element name="Perfect Focus Feature Replacement" type="Grants" source="Internal" id="ID_INTERNAL_FEATURE_REPLACEMENT_MONK_24_PERFECT_FOCUS" />
	<element name="Superior Defense Feature Replacement" type="Grants" source="Internal" id="ID_INTERNAL_FEATURE_REPLACEMENT_MONK_24_SUPERIOR_DEFENSE" />
	<element name="Epic Boon Feature Replacement" type="Grants" source="Internal" id="ID_INTERNAL_FEATURE_REPLACEMENT_MONK_24_EPIC_BOON" />
	<element name="Body and Mind Feature Replacement" type="Grants" source="Internal" id="ID_INTERNAL_FEATURE_REPLACEMENT_MONK_24_BODY_AND_MIND" />

</elements>
