<?xml version="1.0" encoding="utf-8" ?>
<elements>
	<info>
		<name>Cleric</name>
		<description>The Cleric class from the Player’s Handbook 2024.</description>
		<author url="https://dndstore.wizards.com/us/en/product/1001494/2024-player-s-handbook-digital-plus-physical-bundle">Wizards of the Coast</author>
		<update version="0.0.1">
			<file name="class-cleric.xml" url="https://raw.githubusercontent.com/Netrinil/Aurora/master/core/players-handbook-2024/classes/class-cleric.xml" />
		</update>
	</info>
	
	<element name="Cleric" type="Class" source="Player’s Handbook 2024" id="ID_WOTC_PHB24_CLASS_CLERIC">
		<description>
			<p>Clerics draw power from the realms of the gods and harness it to work miracles. Blessed by a deity, a pantheon, or another immortal entity, a Cleric can reach out to the divine magic of the Outer Planes-where gods dwell-and channel it to bolster people and battle foes.</p>
			<p class="indent">Because their power is a divine gift, Clerics typically associate themselves with temples dedicated to the deity or other immortal force that unlocked their magic. Harnessing divine magic doesn't rely on specific training, yet Clerics might learn prayers and rites that help them draw on power from the Outer Planes.</p>
			<p class="indent">Not every member of a temple or shrine is a Cleric. Some priests are called to a simple life of temple service, carrying out their devotion through prayer and rituals, not through magic. Many mortals claim to speak for the gods, but few can marshal the power of those gods the way a Cleric can.</p>
			<table>
				<thead>
					<tr><td>Core Cleric Traits</td></tr>
				</thead>
				<tr><td>Primary Ability</td><td class="left">Wisdom </td> </tr>
				<tr><td>Hit Point Die</td><td class="left">D8 per Cleric level</td></tr>
				<tr><td>Saving Throw Proficiencies</td><td class="left">Wisdom and Charisma</td></tr>
				<tr><td>Skill Proficiencies</td><td class="left"><i>Choose 2:</i> History, Insight, Medicine, Persuasion, or Religion.</td></tr>
				<tr><td>Weapon Proficiencies</td><td class="left>">Simple weapons</td></tr>
				<tr><td>Armor Training</td><td class="left">Light and Medium armor and Shields</td></tr>
				<tr><td>Starting Equipment</td><td class="left"><i> Choose A or B:</i> (A) Chain Shirt, Shield, Mace, Holy Symbol, Priest Pack, and 7 GP; or (B) 55 GP</td></tr>
			</table>
			<h3>BECOMING A CLERIC ...</h3>
			<h4>As A Level 1 Character</h4>
			<ul>
				<li>Gain all the traits in the Core Cleric Traits table.</li>
				<li>Gain the Cleric's level 1 features which are listed in the Cleric Features table.</li>
			</ul>
			<h4>As A Multiclass Character</h4>
			<ul>
				<li>Gain the following traits from the Core Cleric Traits table: Hit Point Die and training with Light and Medium armor and Shields.</li>
				<li>Gain the Cleric's level 1 features, which are listed in the Cleric Features table. See the multiclassing rules in chapter 2 to determine your available spell slots.</li>
			</ul>
			<h5 class="caption">CLERIC FEATURES</h5>
			<table class="class-features">
				<thead>
					<tr><td class="col-5">Level</td><td class="left">Features</td><td>Channel Divinity</td><td class="col-10">Cantrips Known</td><td>Prepared Spells</td><td>1st</td><td>2nd</td><td>3rd</td><td>4th</td><td>5th</td><td>6th</td><td>7th</td><td>8th</td><td>9th</td></tr>
				</thead>
				<tr><td> 1st</td><td class="left">Spellcasting, Divine Order</td><td>-</td><td>3</td><td>4</td><td>2</td><td>—</td><td>—</td><td>—</td><td>—</td><td>—</td><td>—</td><td>—</td><td>—</td></tr>
				<tr><td> 2nd</td><td class="left">Channel Divinity</td><td>2</td><td>3</td><td>5</td><td>3</td><td>—</td><td>—</td><td>—</td><td>—</td><td>—</td><td>—</td><td>—</td><td>—</td></tr>
				<tr><td> 3rd</td><td class="left">Cleric Subclass</td><td>2</td><td>3</td><td>6</td><td>4</td><td>2</td><td>—</td><td>—</td><td>—</td><td>—</td><td>—</td><td>—</td><td>—</td></tr>
				<tr><td> 4th</td><td class="left">Ability Score Improvement</td><td>2</td><td>4</td><td>7</td><td>4</td><td>3</td><td>—</td><td>—</td><td>—</td><td>—</td><td>—</td><td>—</td><td>—</td></tr>
				<tr><td> 5th</td><td class="left">Sear Undead</td><td>2</td><td>4</td><td>9</td><td>4</td><td>3</td><td>2</td><td>—</td><td>—</td><td>—</td><td>—</td><td>—</td><td>—</td></tr>
				<tr><td> 6th</td><td class="left">Subclass Feature</td><td>3</td><td>4</td><td>10</td><td>4</td><td>3</td><td>3</td><td>—</td><td>—</td><td>—</td><td>—</td><td>—</td><td>—</td></tr>
				<tr><td> 7th</td><td class="left">Blessed Strikes</td><td>3</td><td>4</td><td>11</td><td>4</td><td>3</td><td>3</td><td>1</td><td>—</td><td>—</td><td>—</td><td>—</td><td>—</td></tr>
				<tr><td> 8th</td><td class="left">Ability Score Improvement</td><td>3</td><td>4</td><td>12</td><td>4</td><td>3</td><td>3</td><td>2</td><td>—</td><td>—</td><td>—</td><td>—</td><td>—</td></tr>
				<tr><td> 9th</td><td class="left">—</td><td>3</td><td>4</td><td>14</td><td>4</td><td>3</td><td>3</td><td>3</td><td>1</td><td>—</td><td>—</td><td>—</td><td>—</td></tr>
				<tr><td>10th</td><td class="left">Divine Intervention</td><td>3</td><td>5</td><td>15</td><td>4</td><td>3</td><td>3</td><td>3</td><td>2</td><td>—</td><td>—</td><td>—</td><td>—</td></tr>
				<tr><td>11th</td><td class="left">-</td><td>3</td><td>5</td><td>16</td><td>4</td><td>3</td><td>3</td><td>3</td><td>2</td><td>1</td><td>—</td><td>—</td><td>—</td></tr>
				<tr><td>12th</td><td class="left">Ability Score Improvement</td><td>3</td><td>5</td><td>16</td><td>4</td><td>3</td><td>3</td><td>3</td><td>2</td><td>1</td><td>—</td><td>—</td><td>—</td></tr>
				<tr><td>13th</td><td class="left">—</td><td>3</td><td>5</td><td>17</td><td>4</td><td>3</td><td>3</td><td>3</td><td>2</td><td>1</td><td>1</td><td>—</td><td>—</td></tr>
				<tr><td>14th</td><td class="left">Improved Blessed Strikes</td><td>3</td><td>5</td><td>17</td><td>4</td><td>3</td><td>3</td><td>3</td><td>2</td><td>1</td><td>1</td><td>—</td><td>—</td></tr>
				<tr><td>15th</td><td class="left">—</td><td>3</td><td>5</td><td>18</td><td>4</td><td>3</td><td>3</td><td>3</td><td>2</td><td>1</td><td>1</td><td>1</td><td>—</td></tr>
				<tr><td>16th</td><td class="left">Ability Score Improvement</td><td>3</td><td>5</td><td>18</td><td>4</td><td>3</td><td>3</td><td>3</td><td>2</td><td>1</td><td>1</td><td>1</td><td>—</td></tr>
				<tr><td>17th</td><td class="left">Subclass Feature</td><td>3</td><td>5</td><td>19</td><td>4</td><td>3</td><td>3</td><td>3</td><td>2</td><td>1</td><td>1</td><td>1</td><td>1</td></tr>
				<tr><td>18th</td><td class="left">-</td><td>4</td><td>5</td><td>20</td><td>4</td><td>3</td><td>3</td><td>3</td><td>3</td><td>1</td><td>1</td><td>1</td><td>1</td></tr>
				<tr><td>19th</td><td class="left">Epic Boon</td><td>4</td><td>5</td><td>21</td><td>4</td><td>3</td><td>3</td><td>3</td><td>3</td><td>2</td><td>1</td><td>1</td><td>1</td></tr>
				<tr><td>20th</td><td class="left">Greater Divine Intervention</td><td>4</td><td>5</td><td>22</td><td>4</td><td>3</td><td>3</td><td>3</td><td>3</td><td>2</td><td>2</td><td>1</td><td>1</td></tr>
			</table>
			<div element="ID_WOTC_PHB24_CLASS_FEATURE_CLERIC_SPELLCASTING_CLERIC" />
			<div element="ID_WOTC_PHB24_CLASS_FEATURE_CLERIC_DIVINEORDER" />
			<div element="ID_WOTC_PHB24_CLASS_FEATURE_CLERIC_DIVINEORDER_PROTECTOR" />
			<div element="ID_WOTC_PHB24_CLASS_FEATURE_CLERIC_DIVINEORDER_THAUMATURGE" />
			<div element="ID_WOTC_PHB24_CLASS_FEATURE_CLERIC_CHANNELDIVINITY" />
			<div element="ID_WOTC_PHB24_CLASS_FEATURE_CLERIC_CLERICSUBCLASS" />
			<div element="ID_WOTC_PHB24_CLASS_FEATURE_CLERIC_ABILITYSCOREIMPROVEMENT_CLERIC" />
			<div element="ID_WOTC_PHB24_CLASS_FEATURE_CLERIC_CHANNELDIVINITY_TURNUNDEAD_SEARUNDEAD" />
			<div element="ID_WOTC_PHB24_CLASS_FEATURE_CLERIC_BLESSEDSTRIKES" />
			<div element="ID_WOTC_PHB24_CLASS_FEATURE_CLERIC_BLESSEDSTRIKES_POTENTSPELLCASTING" />
			<div element="ID_WOTC_PHB24_CLASS_FEATURE_CLERIC_BLESSEDSTRIKES_DIVINESTRIKE" />
			<div element="ID_WOTC_PHB24_CLASS_FEATURE_CLERIC_DIVINEINTERVENTION" />
			<div element="ID_WOTC_PHB24_CLASS_FEATURE_CLERIC_IMPROVEDBLESSEDSTRIKES" />
			<div element="ID_WOTC_PHB24_CLASS_FEATURE_CLERIC_EPIC_BOON" />
			<div element="ID_WOTC_PHB24_CLASS_FEATURE_CLERIC_GREATERDIVINEINTERVENTION" />
		</description>
		<sheet display="false">
			<description>A priestly champion who wields divine magic in service of a higher power.</description>
		</sheet>
		<setters>
			<set name="short">A priestly champion who wields divine magic in service of a higher power.</set>
			<set name="hd">d8</set>
		</setters>
		<rules>
			<grant type="Proficiency" id="ID_WOTC_PHB24_PROFICIENCY_ARMOR_PROFICIENCY_LIGHT_ARMOR" requirements="!ID_WOTC_PHB24_MULTICLASS_CLERIC"/>
			<grant type="Proficiency" id="ID_WOTC_PHB24_PROFICIENCY_ARMOR_PROFICIENCY_MEDIUM_ARMOR" requirements="!ID_WOTC_PHB24_MULTICLASS_CLERIC"/>
			<grant type="Proficiency" id="ID_WOTC_PHB24_PROFICIENCY_ARMOR_PROFICIENCY_SHIELD" requirements="!ID_WOTC_PHB24_MULTICLASS_CLERIC"/>
			<grant type="Proficiency" id="ID_WOTC_PHB24_PROFICIENCY_WEAPON_PROFICIENCY_SIMPLE_WEAPONS" requirements="!ID_WOTC_PHB24_MULTICLASS_CLERIC"/>
			<grant type="Proficiency" id="ID_WOTC_PHB24_PROFICIENCY_SAVINGTHROW_WISDOM" requirements="!ID_WOTC_PHB24_MULTICLASS_CLERIC"/>
			<grant type="Proficiency" id="ID_WOTC_PHB24_PROFICIENCY_SAVINGTHROW_CHARISMA" requirements="!ID_WOTC_PHB24_MULTICLASS_CLERIC"/>
			<select type="Proficiency" name="Skill Proficiency (Cleric)" supports="Skill 2024,Cleric" number="2" requirements="!ID_WOTC_PHB24_MULTICLASS_CLERIC"/>

			<grant type="Class Feature" id="ID_WOTC_PHB24_CLASS_FEATURE_CLERIC_SPELLCASTING_CLERIC" level="1" />
			<grant type="Class Feature" id="ID_WOTC_PHB24_CLASS_FEATURE_CLERIC_DIVINEORDER" level="1" />
			<grant type="Class Feature" id="ID_WOTC_PHB24_CLASS_FEATURE_CLERIC_CHANNELDIVINITY" level="2" />
			<grant type="Class Feature" id="ID_WOTC_PHB24_CLASS_FEATURE_CLERIC_CLERICSUBCLASS" level="3" />
			<grant type="Class Feature" id="ID_WOTC_PHB24_CLASS_FEATURE_CLERIC_ABILITYSCOREIMPROVEMENT_CLERIC" level="4" />
			<grant type="Class Feature" id="ID_WOTC_PHB24_CLASS_FEATURE_CLERIC_BLESSEDSTRIKES" level="7" />
			<grant type="Class Feature" id="ID_WOTC_PHB24_CLASS_FEATURE_CLERIC_DIVINEINTERVENTION" level="10" />
			<grant type="Class Feature" id="ID_WOTC_PHB24_CLASS_FEATURE_CLERIC_IMPROVEDBLESSEDSTRIKES" level="14" />
			<grant type="Class Feature" id="ID_WOTC_PHB24_CLASS_FEATURE_CLERIC_EPIC_BOON" level="19" />
			<grant type="Class Feature" id="ID_WOTC_PHB24_CLASS_FEATURE_CLERIC_GREATERDIVINEINTERVENTION" level="20" />
		</rules>
		<multiclass id="ID_WOTC_PHB24_MULTICLASS_CLERIC">
			<prerequisite>Wisdom 13</prerequisite>
			<requirements>[wis:13]</requirements>
			<setters>
				<set name="multiclass proficiencies">Light armor, medium armor, shields</set>
			</setters>
			<rules>
				<grant type="Grants" id="ID_INTERNAL_GRANT_MULTICLASS" />
				<grant type="Proficiency" id="ID_WOTC_PHB24_PROFICIENCY_ARMOR_PROFICIENCY_LIGHT_ARMOR" />
				<grant type="Proficiency" id="ID_WOTC_PHB24_PROFICIENCY_ARMOR_PROFICIENCY_MEDIUM_ARMOR" />
				<grant type="Proficiency" id="ID_WOTC_PHB24_PROFICIENCY_ARMOR_PROFICIENCY_SHIELD" />
			</rules>
		</multiclass>
	</element>

	<element name="Level 1: Spellcasting" type="Class Feature" source="Player’s Handbook 2024" id="ID_WOTC_PHB24_CLASS_FEATURE_CLERIC_SPELLCASTING_CLERIC">
		<requirements>!ID_INTERNAL_FEATURE_REPLACEMENT_CLERIC_SPELLCASTING</requirements>
		<description>
			<p>You have learned to cast spells through prayer and meditation. See chapter 7 for the rules on spellcasting. The information below details how you use those rules with Cleric spells, which appear on the Cleric spell list later in the class's description.</p>
			<h5>CANTRIPS</h5>
			<p>You know three cantrips of your choice from the Cleric spell list. <i>Guidance</i>, <i>Sacred Flame</i>, and <i>Thaumaturgy</i> are recommended.</p>
			<p class="indent">Whenever you gain a Cleric level, you can replace one of your cantrips with another cantrip of your choice from the Cleric spell list.</p>
			<p class="indent">When you reach Cleric levels 4 and 10, you learn another cantrip of your choice from the Cleric spell list, as shown in the Cantrips column of the Cleric Features table.</p>
			<h5>SPELL SLOTS</h5>
			<p>The Cleric Features table shows how many spell slots you have to cast your level 1+ spells. You regain all expended slots when you finish a Long Rest.</p>
			<h5 class="caption">PREPARED SPELLS OF LEVEL 1+</h5>
			<p>You prepare the list of level 1+ spells that are available for you to cast with this feature. To start, choose four level 1 spells from the Cleric spell list. <i>Bless</i>, <i>Cure Wounds</i>, <i>Guiding Bolt</i>, and <i>Shield of Faith</i> are recommended.</p>
			<p class="indent">The number of spells on your list increases as you gain Cleric levels, as shown in the Prepared Spells column of the Cleric Features table. Whenever that number increases, choose additional spells from the Cleric spell list until the number of spells on your list matches the number on the table. The chosen spells must be of a level for which you have spell slots. For example, if you're a level 3 Cleric, your list of prepared spells can include six spells of levels 1 and 2 in any combination.</p>
			<p class="indent">If another Cleric feature gives you spells that you always have prepared, those spells don't count against the number of spells you can prepare with this feature, but those spells otherwise count as Cleric spells for you.</p>
			<h5 class="caption">CHANGING YOUR PREPARED SPELLS</h5>
			<p>Whenever you finish a Long Rest, you can change your list of prepared spells, replacing any of the spells there with other Cleric spells for which you have spell slots.</p>
			<h5 class="caption">SPELLCASTING ABILITY</h5>
			<p>Wisdom is your spellcasting ability for your cleric spells. The power of your spells comes from your devotion to your deity. You use your Wisdom whenever a cleric spell refers to your spellcasting ability. In addition, you use your Wisdom modifier when setting the saving throw DC for a cleric spell you cast and when making an attack roll with one.</p>
			<center>
				<p><strong>Spell save DC</strong> = 8 + your proficiency bonus + your Wisdom modifier</p>
				<p><strong>Spell attack modifier</strong> = your proficiency bonus + your Wisdom modifier</p>
			</center>
			<h5 class="caption">SPELLCASTING FOCUS</h5>
			<p>You can use a Holy Symbol as a Spellcasting Focus for your Cleric spells.</p>
		</description>
		<sheet alt="Spellcasting">
			<description>You can cast cleric spells as rituals. You can prepare {{cleric:spellcasting:prepare}} spells from the cleric spell list. You can use a holy symbol as your spellcasting focus.</description>
		</sheet>
		<spellcasting name="Cleric" ability="Wisdom" prepare="true">
			<list known="true">Cleric</list>
		</spellcasting>
		<rules>
			<grant type="Grants" id="ID_INTERNAL_GRANT_MULTICLASS_SPELLCASTING_SLOTS_FULL" requirements="ID_INTERNAL_GRANT_MULTICLASS" />
			<grant type="Grants" id="ID_INTERNAL_RITUAL_CASTING" />
			<grant type="Proficiency" id="ID_INTERNAL_PROFICIENCY_SPELLFOCUS_GROUP_HOLY_SYMBOL" />

			<stat name="cleric:spellcasting:slots:1" value="2" level="1" />
			<stat name="cleric:spellcasting:slots:1" value="1" level="2" />
			<stat name="cleric:spellcasting:slots:1" value="1" level="3" />
			<stat name="cleric:spellcasting:slots:2" value="2" level="3" />
			<stat name="cleric:spellcasting:slots:2" value="1" level="4" />
			<stat name="cleric:spellcasting:slots:3" value="2" level="5" />
			<stat name="cleric:spellcasting:slots:3" value="1" level="6" />
			<stat name="cleric:spellcasting:slots:4" value="1" level="7" />
			<stat name="cleric:spellcasting:slots:4" value="1" level="8" />
			<stat name="cleric:spellcasting:slots:4" value="1" level="9" />
			<stat name="cleric:spellcasting:slots:5" value="1" level="9" />
			<stat name="cleric:spellcasting:slots:5" value="1" level="10" />
			<stat name="cleric:spellcasting:slots:5" value="1" level="18" />
			<stat name="cleric:spellcasting:slots:6" value="1" level="11" />
			<stat name="cleric:spellcasting:slots:6" value="1" level="19" />
			<stat name="cleric:spellcasting:slots:7" value="1" level="13" />
			<stat name="cleric:spellcasting:slots:7" value="1" level="20" />
			<stat name="cleric:spellcasting:slots:8" value="1" level="15" />
			<stat name="cleric:spellcasting:slots:9" value="1" level="17" />

			<stat name="cleric:spellcasting:prepare" value="4" level="1" />
			<stat name="cleric:spellcasting:prepare" value="1" level="2" />
			<stat name="cleric:spellcasting:prepare" value="1" level="3" />
			<stat name="cleric:spellcasting:prepare" value="1" level="4" />
			<stat name="cleric:spellcasting:prepare" value="2" level="5" />
			<stat name="cleric:spellcasting:prepare" value="1" level="6" />
			<stat name="cleric:spellcasting:prepare" value="1" level="7" />
			<stat name="cleric:spellcasting:prepare" value="1" level="8" />
			<stat name="cleric:spellcasting:prepare" value="2" level="9" />
			<stat name="cleric:spellcasting:prepare" value="1" level="10" />
			<stat name="cleric:spellcasting:prepare" value="1" level="11" />
			<stat name="cleric:spellcasting:prepare" value="1" level="13" />
			<stat name="cleric:spellcasting:prepare" value="1" level="15" />
			<stat name="cleric:spellcasting:prepare" value="1" level="17" />
			<stat name="cleric:spellcasting:prepare" value="1" level="18" />
			<stat name="cleric:spellcasting:prepare" value="1" level="19" />
			<stat name="cleric:spellcasting:prepare" value="1" level="20" />


			<select type="Spell" name="Cantrip (Cleric)" supports="$(spellcasting:list), 0" level="1" number="3" spellcasting="Cleric" />
			<select type="Spell" name="Cantrip (Cleric)" supports="$(spellcasting:list), 0" level="4" number="1" spellcasting="Cleric" />
			<select type="Spell" name="Cantrip (Cleric)" supports="$(spellcasting:list), 0" level="10" number="1" spellcasting="Cleric" />
		</rules>
	</element>

	<element name="Level 1: Divine Order" type="Class Feature" source="Player’s Handbook 2024" id="ID_WOTC_PHB24_CLASS_FEATURE_CLERIC_DIVINEORDER">
		<description>
			<p>You have dedicated yourself to one of the following sacred roles of your choice. You may choose one of the following features to gain:</p>
			<p class="indent"><i>Protector</i> or <i>Thaumaturge</i></p>
		</description>
		<sheet alt="Divine Order" display="false" />
		<rules>
			<select type="Class Feature" name="Divine Domain" supports="ID_WOTC_PHB24_CLASS_FEATURE_CLERIC_DIVINEORDER_PROTECTOR|ID_WOTC_PHB24_CLASS_FEATURE_CLERIC_DIVINEORDER_THAUMATURGE" />
		</rules>
	</element>

	<element name="Protector" type="Class Feature" source="Player’s Handbook 2024" id="ID_WOTC_PHB24_CLASS_FEATURE_CLERIC_DIVINEORDER_PROTECTOR">
		<description>
			<p>Trained for battle, you gain proficiency with Martial weapons and training with Heavy armor.</p>
		</description>
		<sheet display="false" />
		<rules>
			<grant type="Proficiency" id="ID_WOTC_PHB24_PROFICIENCY_ARMOR_PROFICIENCY_HEAVY_ARMOR" />
			<grant type="Proficiency" id="ID_WOTC_PHB24_PROFICIENCY_WEAPON_PROFICIENCY_MARTIAL_WEAPONS" />

		</rules>
	</element>

	<element name="Thaumaturge" type="Class Feature" source="Player’s Handbook 2024" id="ID_WOTC_PHB24_CLASS_FEATURE_CLERIC_DIVINEORDER_THAUMATURGE">
		<description>
			<p>You know one extra cantrip from the Cleric spell list. In addition, your mystical connection to the divine gives you a bonus to your Intelligence (Arcana or Religion) checks. The bonus equals your Wisdom modifier (minimum of +1).</p>
		</description>
		<sheet display="false" />
		<rules>

			<select type="Spell" name="Cantrip (Cleric)" supports="$(spellcasting:list), 0" number="1" spellcasting="Cleric" />
			<stat name="arcana:misc" value="thaumaturge:bonus" />
			<stat name="religion:misc" value="thaumaturge:bonus" />

			<stat name="thaumaturge:bonus" value="1" bonus="base" />
			<stat name="thaumaturge:bonus" value="wisdom:modifier" bonus="base" />

				</rules>
	</element>

	<element name="Level 2: Channel Divinity" type="Class Feature" source="Player’s Handbook 2024" id="ID_WOTC_PHB24_CLASS_FEATURE_CLERIC_CHANNELDIVINITY">
		<requirements>!ID_INTERNAL_FEATURE_REPLACEMENT_CLERIC_CHANNEL_DIVINITY</requirements>
		<description>
			<p>You can channel divine energy directly from the Outer Planes to fuel magical effects. You start with two such effects: Divine Spark and Turn Undead, each of which is described below. Each time you use this class's Channel Divinity, choose which Channel Divinity effect from this class to create. You gain additional effect options at higher Cleric levels.</p>
			<p class="indent">You can use this class's Channel Divinity twice. You regain one of its expended uses when you finish a Short Rest, and you regain all expended uses when you finish a Long Rest. You gain additional uses when you reach certain Cleric levels, as shown in the Channel Divinity column of the Cleric Features table.</p>
			<p class="indent">If a Channel Divinity effect requires a saving throw, the DC equals the spell save DC from this class's Spellcasting feature.</p>
			<div element="ID_WOTC_PHB24_CLASS_FEATURE_CLERIC_CHANNELDIVINITY_TURNUNDEAD" />
			<div element="ID_WOTC_PHB24_CLASS_FEATURE_CLERIC_CHANNELDIVINITY_DIVINESPARK" />
		</description>
		<sheet alt="Channel Divinity" usage="{{channel divinity:count}}/Long Rest" >
			<description>You regain one expended Channel Divinity use when you finish a Short Rest.</description>
		</sheet>
		<rules>
			<stat name="channel divinity:count" value="2" bonus="base" />
			<stat name="channel divinity:count" value="3" level="6" bonus="base" />
			<stat name="channel divinity:count" value="4" level="18" bonus="base" />
			<grant type="Class Feature" id="ID_WOTC_PHB24_CLASS_FEATURE_CLERIC_CHANNELDIVINITY_TURNUNDEAD" />
			<grant type="Class Feature" id="ID_WOTC_PHB24_CLASS_FEATURE_CLERIC_CHANNELDIVINITY_DIVINESPARK" />
		</rules>
	</element>
	<element name="Channel Divinity: Turn Undead" type="Class Feature" source="Player’s Handbook 2024" id="ID_WOTC_PHB24_CLASS_FEATURE_CLERIC_CHANNELDIVINITY_TURNUNDEAD">
		<requirements>!ID_INTERNAL_FEATURE_REPLACEMENT_CLERIC_CHANNELDIVINITY_TURN_UNDEAD</requirements>
		<description>
			<p>As a Magic action, you present your Holy Symbol and censure Undead creatures. Each Undead of your choice within 30 feet of you must make a Wisdom saving throw. If the creature fails its save, it has the Frightened and Incapacitated conditions for 1 minute. For that duration, it tries to move as far from you as it can on its turns. This effect ends early on the creature if it takes any damage, if you have the Incapacitated condition, or if you die.</p>
			<div element="ID_WOTC_PHB24_CLASS_FEATURE_CLERIC_CHANNELDIVINITY_TURNUNDEAD_SEARUNDEAD" level="5" />
		</description>
		<sheet alt="Turn Undead" action="Magic Action" usage="Channel Divinity">
			<description>Each Undead of your choice within 30 feet of you must make a Wisdom saving throw. If the creature fails its save, it has the Frightened and Incapacitated conditions for 1 minute. This effect ends early on a creature if it takes any damage, if you have the Incapacitated condition or if you die.
				 For that duration, it tries to move as far from you as it can on its turns. </description>
		</sheet>
		<rules>
			<grant type="Class Feature" id="ID_WOTC_PHB24_CLASS_FEATURE_CLERIC_CHANNELDIVINITY_TURNUNDEAD_SEARUNDEAD" level="5" />
		</rules>
	</element>

	<element name="Level 5: Sear Undead" type="Class Feature" source="Player’s Handbook 2024" id="ID_WOTC_PHB24_CLASS_FEATURE_CLERIC_CHANNELDIVINITY_TURNUNDEAD_SEARUNDEAD">
		<requirements>!ID_INTERNAL_FEATURE_REPLACEMENT_CLERIC_DESTROY_UNDEAD</requirements>
		<description>
			<p>Whenever you use Turn Undead, you can roll a number of d8s equal to your Wisdom modifier (minimum of 1d8) and add the rolls together. Each Undead that fails its saving throw against that use of Turn Undead takes Radiant damage equal to the roll's total. This damage doesn't end the turn effect.</p>
		</description>
		<sheet alt="Sear Undead">
			<description>Whenever you use Turn Undead, you can roll {{searundead:modifier}}d8. Each Undead that fails its saving throw against that use of Turn Undead takes Radiant damage equal to the roll's total. This damage doesn't end the turn effect.</description>
		</sheet>
		<rules>
			<stat name="searundead:modifier" value="wisdom:modifier" bonus="base" />
			<stat name="searundead:modifier" value="1" bonus="base" />
		</rules>
	</element>

	<element name="Channel Divinity: Divine Spark" type="Class Feature" source="Player’s Handbook 2024" id="ID_WOTC_PHB24_CLASS_FEATURE_CLERIC_CHANNELDIVINITY_DIVINESPARK">
		<description>
			<p> As a Magic action, you point your Holy Symbol at another creature you can see within 30 feet of yourself and focus divine energy at it. Roll 1d8 and add your Wisdom modifier. You either restore Hit Points to the creature equal to that total or force the creature to make a Constitution saving throw. On a failed save, the creature takes Necrotic or Radiant damage (your choice) equal to that total. On a successful save, the creature takes half as much damage (round down).</p>
			<p class="indent">You roll an additional d8 when you reach Cleric levels 7 (2d8), 13 (3d8), and 18 (4d8).</p>
		</description>
		<sheet alt="Divine Spark" action="Magic Action" usage="Channel Divinity">
			<description>Choose a creature within 30 feet of yourself. You either restore Hit Points to the creature equal to {{divinespark:dice}}d8+{{wisdom:modifier}} or force the creature to make a Constitution saving throw, taking {{divinespark:dice}}d8+{{wisdom:modifier}} Necrotic or Radiant damage (your choice) on a failed save or half on a successful one.</description>
		</sheet>
		<rules>
			<stat name= "divinespark:dice" value="1" level="2" />
			<stat name= "divinespark:dice" value="1" level="7" />
			<stat name= "divinespark:dice" value="1" level="13" />
			<stat name= "divinespark:dice" value="1" level="18" />
		</rules>
	</element>

	<element name="Level 3: Cleric Subclass" type="Class Feature" source="Player’s Handbook 2024" id="ID_WOTC_PHB24_CLASS_FEATURE_CLERIC_CLERICSUBCLASS">
		<requirements>!ID_INTERNAL_FEATURE_REPLACEMENT_CLERIC_DIVINE_DOMAIN</requirements>
		<description>
			<p>You gain a Cleric subclass of your choice. The Life Domain, Light Domain, Trickery Domain, and War Domain subclasses are detailed after this class's description . A subclass is a specialization that grants you features at certain Cleric levels. For the rest of your career, you gain each of your subclass's features that are of your Cleric level or lower.</p>
		</description>
		<sheet display="false" />
		<rules>
			<select type="Archetype" name="Divine Domain" supports="Divine Domain" />
		</rules>
	</element>

	<element name="Level 4: Ability Score Improvement" type="Class Feature" source="Player’s Handbook 2024" id="ID_WOTC_PHB24_CLASS_FEATURE_CLERIC_ABILITYSCOREIMPROVEMENT_CLERIC">
		<requirements>!ID_INTERNAL_FEATURE_REPLACEMENT_CLERIC_ABILITY_SCORE_IMPROVEMENT</requirements>
		<compendium display="false" />
		<description>
			<p>When you reach 4th level, and again at 8th, 12th, 16th, and 19th level, you can increase one ability score of your choice by 2, or you can increase two ability scores of your choice by 1. As normal, you can’t increase an ability score above 20 using this feature.</p>
		</description>
		<sheet display="false" />
		<rules>
			<select type="Feat" name="Ability Score Improvement (Cleric 4)" supports="!Boon" level="4" />
			<select type="Feat" name="Ability Score Improvement (Cleric 8)" supports="!Boon" level="8" />
			<select type="Feat" name="Ability Score Improvement (Cleric 12)" supports="!Boon" level="12" />
			<select type="Feat" name="Ability Score Improvement (Cleric 16)" supports="!Boon" level="16" />
		</rules>
	</element>

	<element name="Level 7: Blessed Strikes" type="Class Feature" source="Player’s Handbook 2024" id="ID_WOTC_PHB24_CLASS_FEATURE_CLERIC_BLESSEDSTRIKES">
		<description>
			<p>Divine power infuses you in battle. You gain one of the following options of your choice (if you get either option from a Cleric subclass in an older book, use only the option you choose for this feature);</p>
			<p class="indent"><i>Divine Strike</i> or <i>Potent Spellcasting</i></p>
		</description>
		<sheet display="false" />
		<rules>
			<select type="Class Feature" name="Blessed Strikes" supports="ID_WOTC_PHB24_CLASS_FEATURE_CLERIC_BLESSEDSTRIKES_POTENTSPELLCASTING|ID_WOTC_PHB24_CLASS_FEATURE_CLERIC_BLESSEDSTRIKES_DIVINESTRIKE" />
		</rules>
	</element>

	<element name="Divine Strike" type="Class Feature" source="Player’s Handbook 2024" id="ID_WOTC_PHB24_CLASS_FEATURE_CLERIC_BLESSEDSTRIKES_DIVINESTRIKE">
		<description>
			<p>Once on each of your turns when you hit a creature with an attack roll using a weapon, you can cause the target to take an extra 1d8 Necrotic or Radiant damage (your choice).</p>
		</description>
		<sheet>
			<description>Once on each of your turns when you hit a creature with an attack roll using a weapon, you can cause the target to take an extra 1d8 Necrotic or Radiant damage (your choice).</description>
			<description level="14">Once on each of your turns when you hit a creature with an attack roll using a weapon, you can cause the target to take an extra 2d8 Necrotic or Radiant damage (your choice).</description>
		</sheet>
	</element>

	<element name="Potent Spellcasting" type="Class Feature" source="Player’s Handbook 2024" id="ID_WOTC_PHB24_CLASS_FEATURE_CLERIC_BLESSEDSTRIKES_POTENTSPELLCASTING">
		<description>
			<p>Add your Wisdom modifier to the damage you deal with any Cleric cantrip.</p>
		</description>
		<sheet>
			<description>You can add {{wisdom:modifier}} to the damage you deal with any Cleric cantrip.</description>
			<description level="14">You can add {{wisdom:modifier}} to the damage you deal with any Cleric cantrip. Additionally, when you cast a Cleric cantrip and deal damage to a creature with it, you can grant yourself or another creature within 60 feet of you {{doublewisdom:bonus}} Temporary Hit Points. </description>
		</sheet>
		<rules>
			<stat name="doublewisdom:bonus" value="wisdom:modifier" />
			<stat name="doublewisdom:bonus" value="wisdom:modifier" />
		</rules>
	</element>

	<element name="Level 10: Divine Intervention" type="Class Feature" source="Player’s Handbook 2024" id="ID_WOTC_PHB24_CLASS_FEATURE_CLERIC_DIVINEINTERVENTION">
		<requirements>!ID_INTERNAL_FEATURE_REPLACEMENT_CLERIC_DIVINE_INTERVENTION</requirements>
		<description>
			<p> You can call on your deity or pantheon to intervene on your behalf. As a Magic action, choose any Cleric spell of level 5 or lower that doesn't require a Reaction to cast. As part of the same action, you cast that spell without expending a spell slot or needing Material components. You can't use this feature again until you finish a Long Rest. </p>
		</description>
		<sheet alt="Divine Intervention" usage="1/Long Rest">
			<description>As a Magic action, choose any Cleric spell of level 5 or lower that doesn't require a Reaction to cast. As part of the same action, you cast that spell without expending a spell slot or needing Material components.</description>
			<description level="20">As a Magic action, choose any Cleric spell of level 5 or lower that doesn't require a Reaction to cast. As part of the same action, you cast that spell without expending a spell slot or needing Material components. 
			You can also choose the <i>Wish</i> spell. If you do so, you can't use Divine Intervention again until you finish 2d4 Long Rests.</description>
		</sheet>
	</element>

	<element name="Level 14: Improved Blessed Strikes" type="Class Feature" source="Player’s Handbook 2024" id="ID_WOTC_PHB24_CLASS_FEATURE_CLERIC_IMPROVEDBLESSEDSTRIKES" >
		<description>
			<p>The option you chose for Blessed Strikes grows more powerful. </p>

				<li><i>Divine Strike</i> The extra damage of your Divine Strike increases to 2d8.</li>
				<li><i>Potent Spellcasting</i> When you cast a Cleric cantrip and deal damage to a creature with it, you can give vitality to yourself or another creature within 60 feet of yourself, granting a number of Temporary Hit Points equal to twice your Wisdom modifier.</li>

		</description>
		<sheet display="false" />
	</element>

	<element name="Level 19: Epic Boon" type="Class Feature" source="Player’s Handbook 2024" id="ID_WOTC_PHB24_CLASS_FEATURE_CLERIC_EPIC_BOON">
		<description>
			<p>You gain an Epic Boon feat or another feat of your choice for which you qualify. Boon of Fate is recommended.</p>
		</description>
		<sheet display="false" />
		<rules>
			<select type="Feat" name="Epic Boon (Cleric 19)" level="19" />
		</rules>
	</element>

	<element name="Level 20: Greater Divine Intervention" type="Class Feature" source="Player’s Handbook 2024" id="ID_WOTC_PHB24_CLASS_FEATURE_CLERIC_GREATERDIVINEINTERVENTION">
		<description>
			<p>You can call on even more powerful divine intervention. When you use your Divine Intervention feature, you can choose <i>Wish</i> when you select a spell. If you do so, you can't use Divine Intervention again until you finish 2d4 Long Rests. </p>
		</description>
		<sheet display="false"/>
	</element>

	<!--Feature Replacement Grants-->
	<element name="Spellcasting Feature Replacement" type="Grants" source="Internal" id="ID_INTERNAL_FEATURE_REPLACEMENT_CLERIC_SPELLCASTING" />
	<element name="Divine Domain Feature Replacement" type="Grants" source="Internal" id="ID_INTERNAL_FEATURE_REPLACEMENT_CLERIC_DIVINE_DOMAIN" />
	<element name="Channel Divinity Feature Replacement" type="Grants" source="Internal" id="ID_INTERNAL_FEATURE_REPLACEMENT_CLERIC_CHANNEL_DIVINITY" />
	<element name="Channel Divinity: Turn Undead Feature Replacement" type="Grants" source="Internal" id="ID_INTERNAL_FEATURE_REPLACEMENT_CLERIC_CHANNELDIVINITY_TURN_UNDEAD" />
	<element name="Ability Score Improvement Feature Replacement" type="Grants" source="Internal" id="ID_INTERNAL_FEATURE_REPLACEMENT_CLERIC_ABILITY_SCORE_IMPROVEMENT" />
	<element name="Destroy Undead Feature Replacement" type="Grants" source="Internal" id="ID_INTERNAL_FEATURE_REPLACEMENT_CLERIC_DESTROY_UNDEAD" />
	<element name="Divine Intervention Feature Replacement" type="Grants" source="Internal" id="ID_INTERNAL_FEATURE_REPLACEMENT_CLERIC_DIVINE_INTERVENTION" />

	<element name="Divine Strike or Potent Spellcasting Feature Replacement" type="Grants" source="Internal" id="ID_INTERNAL_FEATURE_REPLACEMENT_CLERIC_DIVINE_STRIKE_OR_POTENT_SPELLCASTING" />
</elements>
