<?xml version="1.0" encoding="utf-8" ?>
<elements>
	<info>
		<name>Bard</name>
		<description>The Bard class from the Player’s Handbook 2024.</description>

		<author url="https://dndstore.wizards.com/us/en/product/1001494/2024-player-s-handbook-digital-plus-physical-bundle">Wizards of the Coast</author>
		<update version="0.0.10">
			<file name="class-bard.xml" url="https://raw.githubusercontent.com/Netrinil/Aurora/master/core/players-handbook-2024/classes/class-bard.xml" />
		</update>
	</info>

	<element name="Bard" type="Class" source="Player’s Handbook 2024" id="ID_WOTC_PHB24_CLASS_BARD">
		<description>
			<p>Invoking magic through music, dance, and verse, Bards are expert at inspiring others, soothing hurts, disheartening foes, and creating illusions. Bards believe the multiverse was spoken into existence and that remnants of its Words of Creation still resound and glimmer on every plane of existence. Bardic magic attempts to harness those words, which transcend any language.</p>
			<p class="indent">Anything can inspire a new song or tale, so Bards are fascinated by almost everything. They become masters of many things, including performing music, working magic, and making jests.</p>
			<p class="indent">A Bard’s life is spent traveling, gathering lore, telling stories, and living on the gratitude of audiences, much like any other entertainer. But Bards’ depth of knowledge and mastery of magic sets them apart.</p>
			
			<table>
				<thead>
					<tr><td>Core Bard Traits</td></tr>
				</thead>
				<tr><td>Primary Ability</td><td class="left">Charisma </td> </tr>
				<tr><td>Hit Point Die</td><td class="left">D8 per Bard level</td></tr>
				<tr><td>Saving Throw Proficiencies</td><td class="left">Dexterity and Charisma</td></tr>
				<tr><td>Skill Proficiencies</td><td class="left">Choose any 3.</td></tr>
				<tr><td>Tool Proficiencies</td><td class="left">Choose 3 Musical Instruments.</td></tr>
				<tr><td>Weapon Proficiencies</td><td class="left">Simple weapons</td></tr>
				<tr><td>Armor Training</td><td class="left">Light armor</td></tr>
				<tr><td>Starting Equipment</td><td class="left"><i> Choose A or B:</i> (A) Leather Armor, 2 Dagger, Musical Instrument of your choice, Entertainer’s Pack, 19 GP; or (B) 90 GP</td></tr>
			</table>
			<h3>BECOMING A BARD ...</h3>
			<h4>As A Level 1 Character</h4>
			<ul>
				<li>Gain all the traits in the Core Bard Traits table.</li>
				<li>Gain the Bard’s level 1 features which are listed in the Bard Features table.</li>
			</ul>
			<h4>As A Multiclass Character</h4>
			<ul>
				<li>Gain the Hit Point Die trait from the Core Bard Traits table.</li>
				<li>Gain the Bard’s level 1 features which are listed in the Bard Features table</li>
				<li>Gain one skill proficiency, one musical instrument proficiency, and light armor training</li>
			</ul>
			<h5 class="caption">BARD FEATURES</h5>
			<table class="class-features">
				<thead>
					<tr><td class="col-5">Level</td><td class="left">Features</td><td class="col-10">Bardic Die</td><td>Cantrips Known</td><td>Prepared Spells</td><td>1st</td><td>2nd</td><td>3rd</td><td>4th</td><td>5th</td><td>6th</td><td>7th</td><td>8th</td><td>9th</td></tr>
				</thead>
				<tr><td> 1st</td><td class="left">Bardic Inspiration, Spellcasting</td><td>1d6</td><td>2</td><td>4</td><td>2</td><td>—</td><td>—</td><td>—</td><td>—</td><td>—</td><td>—</td><td>—</td><td>—</td></tr>
				<tr><td> 2nd</td><td class="left">Expertise, Jack of All Trades</td><td>1d6</td><td>2</td><td>5</td><td>3</td><td>—</td><td>—</td><td>—</td><td>—</td><td>—</td><td>—</td><td>—</td><td>—</td></tr>
				<tr><td> 3rd</td><td class="left">Bard Subclass</td><td>1d6</td><td>2</td><td>6</td><td>4</td><td>2</td><td>—</td><td>—</td><td>—</td><td>—</td><td>—</td><td>—</td><td>—</td></tr>
				<tr><td> 4th</td><td class="left">Ability Score Improvement</td><td>1d6</td><td>3</td><td>7</td><td>4</td><td>3</td><td>—</td><td>—</td><td>—</td><td>—</td><td>—</td><td>—</td><td>—</td></tr>
				<tr><td> 5th</td><td class="left">Font of Inspiration</td><td>1d8</td><td>3</td><td>9</td><td>4</td><td>3</td><td>2</td><td>—</td><td>—</td><td>—</td><td>—</td><td>—</td><td>—</td></tr>
				<tr><td> 6th</td><td class="left">Subclass Feature</td><td>1d8</td><td>3</td><td>10</td><td>4</td><td>3</td><td>3</td><td>—</td><td>—</td><td>—</td><td>—</td><td>—</td><td>—</td></tr>
				<tr><td> 7th</td><td class="left">Countercharm</td><td>1d8</td><td>3</td><td>11</td><td>4</td><td>3</td><td>3</td><td>1</td><td>—</td><td>—</td><td>—</td><td>—</td><td>—</td></tr>
				<tr><td> 8th</td><td class="left">Ability Score Improvement</td><td>1d8</td><td>3</td><td>12</td><td>4</td><td>3</td><td>3</td><td>2</td><td>—</td><td>—</td><td>—</td><td>—</td><td>—</td></tr>
				<tr><td> 9th</td><td class="left">Expertise</td><td>1d8</td><td>3</td><td>14</td><td>4</td><td>3</td><td>3</td><td>3</td><td>1</td><td>—</td><td>—</td><td>—</td><td>—</td></tr>
				<tr><td>10th</td><td class="left">Magical Secrets</td><td>1d10</td><td>4</td><td>15</td><td>4</td><td>3</td><td>3</td><td>3</td><td>2</td><td>—</td><td>—</td><td>—</td><td>—</td></tr>
				<tr><td>11th</td><td class="left">—</td><td>1d10</td><td>4</td><td>16</td><td>4</td><td>3</td><td>3</td><td>3</td><td>2</td><td>1</td><td>—</td><td>—</td><td>—</td></tr>
				<tr><td>12th</td><td class="left">Ability Score Improvement</td><td>1d10</td><td>4</td><td>16</td><td>4</td><td>3</td><td>3</td><td>3</td><td>2</td><td>1</td><td>—</td><td>—</td><td>—</td></tr>
				<tr><td>13th</td><td class="left">—</td><td>1d10</td><td>4</td><td>17</td><td>4</td><td>3</td><td>3</td><td>3</td><td>2</td><td>1</td><td>1</td><td>—</td><td>—</td></tr>
				<tr><td>14th</td><td class="left">Subclass Feature</td><td>1d10</td><td>4</td><td>17</td><td>4</td><td>3</td><td>3</td><td>3</td><td>2</td><td>1</td><td>1</td><td>—</td><td>—</td></tr>
				<tr><td>15th</td><td class="left">—</td><td>1d12</td><td>4</td><td>18</td><td>4</td><td>3</td><td>3</td><td>3</td><td>2</td><td>1</td><td>1</td><td>1</td><td>—</td></tr>
				<tr><td>16th</td><td class="left">Ability Score Improvement</td><td>1d12</td><td>4</td><td>18</td><td>4</td><td>3</td><td>3</td><td>3</td><td>2</td><td>1</td><td>1</td><td>1</td><td>—</td></tr>
				<tr><td>17th</td><td class="left">—</td><td>1d12</td><td>4</td><td>19</td><td>4</td><td>3</td><td>3</td><td>3</td><td>2</td><td>1</td><td>1</td><td>1</td><td>1</td></tr>
				<tr><td>18th</td><td class="left">Superior Inspiration</td><td>1d12</td><td>4</td><td>20</td><td>4</td><td>3</td><td>3</td><td>3</td><td>3</td><td>1</td><td>1</td><td>1</td><td>1</td></tr>
				<tr><td>19th</td><td class="left">Epic Boon</td><td>1d12</td><td>4</td><td>21</td><td>4</td><td>3</td><td>3</td><td>3</td><td>3</td><td>2</td><td>1</td><td>1</td><td>1</td></tr>
				<tr><td>20th</td><td class="left">Words of Creation</td><td>1d12</td><td>4</td><td>22</td><td>4</td><td>3</td><td>3</td><td>3</td><td>3</td><td>2</td><td>2</td><td>1</td><td>1</td></tr>
			</table>
			<h3>BARD CLASS FEATURES</h3>
			<p>As a Bard, you gain the following class features when you reach the specified Bard levels. These features are listed in the Bard Features table.</p>
			<div element="ID_WOTC_PHB24_CLASS_FEATURE_BARD_BARDIC_INSPIRATION" />
			<div element="ID_WOTC_PHB24_CLASS_FEATURE_BARD_SPELLCASTING" />
			<div element="ID_WOTC_PHB24_CLASS_FEATURE_BARD_EXPERTISE" />
			<div element="ID_WOTC_PHB24_CLASS_FEATURE_BARD_JACK_OF_ALL_TRADES" />
			<div element="ID_WOTC_PHB24_CLASS_FEATURE_BARD_BARD_COLLEGE" />
			<div element="ID_WOTC_PHB24_CLASS_FEATURE_BARD_ABILITY_SCORE_IMPROVEMENT" />
			<div element="ID_WOTC_PHB24_CLASS_FEATURE_BARD_FONT_OF_INSPIRATION" />
			<div element="ID_WOTC_PHB24_CLASS_FEATURE_BARD_COUNTERCHARM" />
			<div element="ID_WOTC_PHB24_CLASS_FEATURE_BARD_MAGICAL_SECRETS" />
			<div element="ID_WOTC_PHB24_CLASS_FEATURE_BARD_SUPERIOR_INSPIRATION" />
			<div element="ID_WOTC_PHB24_CLASS_FEATURE_BARD_EPIC_BOON" />
			<div element="ID_WOTC_PHB24_CLASS_FEATURE_BARD_WORDS_OF_CREATION" />
		</description>
		<sheet display="false">
			<description>An Inspiring Performer of Music, Dance, and Magic</description>
		</sheet>
		<setters>
			<set name="short">An Inspiring Performer of Music, Dance, and Magic</set>
			<set name="hd">d8</set>
		</setters>
		<rules>
			<grant type="Proficiency" id="ID_WOTC_PHB24_PROFICIENCY_WEAPON_PROFICIENCY_SIMPLE_WEAPONS" requirements="!ID_WOTC_PHB24_MULTICLASS_BARD"/>
			<grant type="Proficiency" id="ID_WOTC_PHB24_PROFICIENCY_ARMOR_PROFICIENCY_LIGHT_ARMOR" requirements="!ID_WOTC_PHB24_MULTICLASS_BARD"/>
			<grant type="Proficiency" id="ID_PROFICIENCY_WEAPON_PROFICIENCY_SIMPLE_WEAPONS" requirements="!ID_WOTC_PHB24_MULTICLASS_BARD, ID_WOTC_SOURCE_PLAYERS_HANDBOOK"/>
			<grant type="Proficiency" id="ID_PROFICIENCY_ARMOR_PROFICIENCY_LIGHT_ARMOR" requirements="!ID_WOTC_PHB24_MULTICLASS_BARD, ID_WOTC_SOURCE_PLAYERS_HANDBOOK"/>
			<grant type="Proficiency" id="ID_WOTC_PHB24_PROFICIENCY_SAVINGTHROW_DEXTERITY" requirements="!ID_WOTC_PHB24_MULTICLASS_BARD"/>
			<grant type="Proficiency" id="ID_WOTC_PHB24_PROFICIENCY_SAVINGTHROW_CHARISMA" requirements="!ID_WOTC_PHB24_MULTICLASS_BARD"/>
			<select type="Proficiency" name="Skill Proficiency (Bard)" supports="Skill 2024,Bard,!Expertise" number="3" requirements="!ID_WOTC_PHB24_MULTICLASS_BARD"/>
			<select type="Proficiency" name="Musical Instrument (Bard)" supports="Musical Instrument" number="3" requirements="!ID_WOTC_PHB24_MULTICLASS_BARD"/>
			<grant type="Class Feature" id="ID_WOTC_PHB24_CLASS_FEATURE_BARD_BARDIC_INSPIRATION" level="1" />
			<grant type="Class Feature" id="ID_WOTC_PHB24_CLASS_FEATURE_BARD_SPELLCASTING" level="1"/>
			<grant type="Class Feature" id="ID_WOTC_PHB24_CLASS_FEATURE_BARD_EXPERTISE" level="2" />
			<grant type="Class Feature" id="ID_WOTC_PHB24_CLASS_FEATURE_BARD_JACK_OF_ALL_TRADES" level="2"/>
			<grant type="Class Feature" id="ID_WOTC_PHB24_CLASS_FEATURE_BARD_BARD_COLLEGE" level="3" />
			<grant type="Class Feature" id="ID_WOTC_PHB24_CLASS_FEATURE_BARD_ABILITY_SCORE_IMPROVEMENT" level="4" />
			<grant type="Class Feature" id="ID_WOTC_PHB24_CLASS_FEATURE_BARD_FONT_OF_INSPIRATION" level="5" />
			<grant type="Class Feature" id="ID_WOTC_PHB24_CLASS_FEATURE_BARD_COUNTERCHARM" level="7" />
			<grant type="Class Feature" id="ID_WOTC_PHB24_CLASS_FEATURE_BARD_MAGICAL_SECRETS" level="10" />
			<grant type="Class Feature" id="ID_WOTC_PHB24_CLASS_FEATURE_BARD_SUPERIOR_INSPIRATION" level="18" />
			<grant type="Class Feature" id="ID_WOTC_PHB24_CLASS_FEATURE_BARD_EPIC_BOON" level="19" />
			<grant type="Class Feature" id="ID_WOTC_PHB24_CLASS_FEATURE_BARD_WORDS_OF_CREATION" level="20" />
		</rules>
		<multiclass id="ID_WOTC_PHB24_MULTICLASS_BARD">
			<prerequisite>Charisma 13</prerequisite>
			<requirements>[cha:13]</requirements>
			<setters>
				<set name="multiclass proficiencies">Light armor, one skill of your choice, one musical instrument of your choice</set>
			</setters>
			<rules>
				<grant type="Grants" id="ID_INTERNAL_GRANT_MULTICLASS" />
				<grant type="Proficiency" id="ID_WOTC_PHB24_PROFICIENCY_ARMOR_PROFICIENCY_LIGHT_ARMOR" />
				<grant type="Proficiency" id="ID_PROFICIENCY_ARMOR_PROFICIENCY_LIGHT_ARMOR" requirements="ID_WOTC_SOURCE_PLAYERS_HANDBOOK"/>
				<select type="Proficiency" name="Skill Proficiency (Bard)" supports="Skill,Bard" number="1" />
				<select type="Proficiency" name="Musical Instrument (Bard)" supports="Musical Instrument" number="1" />
			</rules>
		</multiclass>
	</element>

	<element name="Level 1: Bardic Inspiration" type="Class Feature" source="Player’s Handbook 2024" id="ID_WOTC_PHB24_CLASS_FEATURE_BARD_BARDIC_INSPIRATION">
		<requirements>!ID_INTERNAL_FEATURE_REPLACEMENT_BARD_24_BARDIC_INSPIRATION</requirements>
		<description>
			<p>You can supernaturally inspire others through words, music, or dance. This inspiration is represented by your Bardic Inspiration die, which is a d6.</p>
			<p><em><strong>Using Bardic Inspiration.</strong></em> As a Bonus Action, you can inspire another creature within 60 feet of yourself who can see or hear you. That creature gains one of your Bardic Inspiration dice. A creature can have only one Bardic Inspiration die at a time.</p>
			<p class="indent">Once within the next hour when the creature fails a D20 Test, the creature can roll the Bardic Inspiration die and add the number rolled to the d20, potentially turning the failure into a success. A Bardic Inspiration die is expended when it’s rolled.</p>
			<p><em><strong>Number of Uses</strong></em> You can confer a Bardic Inspiration die a number of times equal to your Charisma modifier (minimum of once), and you regain all expended uses when you finish a Long Rest.</p>
			<p><em><strong>At Higher Levels.</strong></em> Your Bardic Inspiration die changes when you reach certain Bard levels, as shown in the Bardic Die column of the Bard Features table. The die becomes a d8 at level 5, a d10 at level 10, and a d12 at level 15.</p>
		</description>
		<sheet alt="Bardic Inspiration" action="Bonus Action" usage="{{bardic-inspiration:count}}/Long Rest">
			<description>Inspire one creature other than yourself within 60 feet of you who can see or hear you. It gains one Bardic Inspiration die, a d{{bardic-inspiration:dice}}. &#13;
		Once within the next hour when the creature fails a D20 Test, the creature can roll the die and add the number rolled to the d20, potentially turning the failure into a success.</description>
		</sheet>
		<rules>
			<stat name="bardic-inspiration:count" value="1" bonus="bardic inspiration"/>
			<stat name="bardic-inspiration:count" value="charisma:modifier" bonus="bardic inspiration"/>

			<stat name="bardic-inspiration:dice" value="6" bonus="bardic inspiration" />
			<stat name="bardic-inspiration:dice" value="8" bonus="bardic inspiration" level="5" />
			<stat name="bardic-inspiration:dice" value="10" bonus="bardic inspiration" level="10" />
			<stat name="bardic-inspiration:dice" value="12" bonus="bardic inspiration" level="15" />
		</rules>
	</element>
	<element name="Level 1: Spellcasting" type="Class Feature" source="Player’s Handbook 2024" id="ID_WOTC_PHB24_CLASS_FEATURE_BARD_SPELLCASTING">
		<requirements>!ID_INTERNAL_FEATURE_REPLACEMENT_BARD_24_SPELLCASTING</requirements>
		<description>
			<p>You have learned to cast spells through your bardic arts. See chapter 7 for the rules on spellcasting. The information below details how you use those rules with Bard spells, which appear in the Bard spell list later in the class’s description.</p>
			<h5>CANTRIPS</h5>
			<p>You know two Bard cantrips of your choice. <i>Dancing Lights</i> and <i>Vicious Mockery</i> are recommended. Whenever you gain a Bard level, you can replace one of your cantrips with another cantrip of your choice from the Bard spell list.</p>
			<p class="indent">When you reach Bard levels 4 and 10, you learn another cantrip of your choice from the Bard spell list, as shown in the Cantrips column of the Bard Features table.</p>
			<h5>SPELL SLOTS</h5>
			<p>The Bard Features table shows how many spell slots you have to cast your level 1+ spells. You regain all expended slots when you finish a Long Rest.</p>
			<h5>PREPARED SPELLS OF LEVEL 1+</h5>
			<p>You prepare the list of level 1+ spells that are available for you to cast with this feature. To start, choose four level 1 spells from the Bard spell list. <i>Charm Person</i>, <i>Color Spray</i>, <i>Dissonant Whispers</i>, and <i>Healing Word</i> are recommended.</p>
			<p class="indent">The number of spells on your list increases as you gain Bard levels, as shown in the Prepared Spells column of the Bard Features table. Whenever that number increases, choose additional spells from the Bard spell list until the number of spells on your list matches the number on the table. The chosen spells must be of a level for which you have spell slots. For example, if you’re a level 3 Bard, your list of prepared spells can include six spells of levels 1 and 2 in any combination.</p>
			<p class="indent">If another Bard feature gives you spells that you always have prepared, those spells don’t count against the number of spells you can prepare with this feature, but those spells otherwise count as Bard spells for you.</p>
			<h5>CHANGING YOUR PREPARED SPELLS</h5>
			<p class="indent">Whenever you gain a Bard level, you can replace one spell on your list with another Bard spell for which you have spell slots.</p>
			<h5>SPELLCASTING ABILITY</h5>
			<p>Charisma is your spellcasting ability for your bard spells. Your magic comes from the heart and soul you pour into the performance of your music or oration. You use your Charisma whenever a spell refers to your spellcasting ability. In addition, you use your Charisma modifier when setting the saving throw DC for a bard spell you cast and when making an attack roll with one.</p>
			<center>
				<p><strong>Spell save DC</strong> = 8 + your proficiency bonus + your Charisma modifier</p>
				<p><strong>Spell attack modifier</strong> = your proficiency bonus + your Charisma modifier</p>
			</center>
			<h5>SPELLCASTING FOCUS</h5>
			<p>You can use a Musical Instrument as a Spellcasting Focus for your Bard spells.</p>
		</description>
		<sheet display="false">
			<description>You have learned to untangle and reshape the fabric of reality in harmony with your wishes and music.</description>
		</sheet>
		<spellcasting name="Bard" ability="Charisma" prepare="false" allowReplace="true">
			<list>Bard</list>
		</spellcasting>
		<rules>
			<grant type="Grants" id="ID_INTERNAL_GRANT_MULTICLASS_SPELLCASTING_SLOTS_FULL" requirements="ID_INTERNAL_GRANT_MULTICLASS"/>
			<grant type="Grants" id="ID_INTERNAL_RITUAL_CASTING" />
			<grant type="Proficiency" id="ID_INTERNAL_PROFICIENCY_SPELLFOCUS_GROUP_MUSICAL_INSTRUMENT" />

			<stat name="bard:spellcasting:slots:1" value="2" level="1" />
			<stat name="bard:spellcasting:slots:1" value="1" level="2" />
			<stat name="bard:spellcasting:slots:1" value="1" level="3" />

			<stat name="bard:spellcasting:slots:2" value="2" level="3" />
			<stat name="bard:spellcasting:slots:2" value="1" level="4" />
			<stat name="bard:spellcasting:slots:3" value="2" level="5" />
			<stat name="bard:spellcasting:slots:3" value="1" level="6" />
			<stat name="bard:spellcasting:slots:4" value="1" level="7" />
			<stat name="bard:spellcasting:slots:4" value="1" level="8" />
			<stat name="bard:spellcasting:slots:4" value="1" level="9" />
			<stat name="bard:spellcasting:slots:5" value="1" level="9" />
			<stat name="bard:spellcasting:slots:5" value="1" level="10" />
			<stat name="bard:spellcasting:slots:5" value="1" level="18" />
			<stat name="bard:spellcasting:slots:6" value="1" level="11" />
			<stat name="bard:spellcasting:slots:6" value="1" level="19" />
			<stat name="bard:spellcasting:slots:7" value="1" level="13" />
			<stat name="bard:spellcasting:slots:7" value="1" level="20" />
			<stat name="bard:spellcasting:slots:8" value="1" level="15" />
			<stat name="bard:spellcasting:slots:9" value="1" level="17" />

			<select type="Spell" name="Cantrip (Bard)" supports="$(spellcasting:list), 0" level="1" number="2" spellcasting="Bard" />
			<select type="Spell" name="Cantrip (Bard)" supports="$(spellcasting:list), 0" level="4" number="1" spellcasting="Bard" />
			<select type="Spell" name="Cantrip (Bard)" supports="$(spellcasting:list), 0" level="10" number="1" spellcasting="Bard" />

			<select type="Spell" name="Spell (Bard)" supports="$(spellcasting:list), 1" level="1" number="4" spellcasting="Bard" />
			<select type="Spell" name="Spell (Bard)" supports="$(spellcasting:list), $(spellcasting:slots)" level="2" number="1" spellcasting="Bard" />
			<select type="Spell" name="Spell (Bard)" supports="$(spellcasting:list), $(spellcasting:slots)" level="3" number="1" spellcasting="Bard" />
			<select type="Spell" name="Spell (Bard)" supports="$(spellcasting:list), $(spellcasting:slots)" level="4" number="1" spellcasting="Bard" />
			<select type="Spell" name="Spell (Bard)" supports="$(spellcasting:list), $(spellcasting:slots)" level="5" number="2" spellcasting="Bard" />
			<select type="Spell" name="Spell (Bard)" supports="$(spellcasting:list), $(spellcasting:slots)" level="6" number="1" spellcasting="Bard" />
			<select type="Spell" name="Spell (Bard)" supports="$(spellcasting:list), $(spellcasting:slots)" level="7" number="1" spellcasting="Bard" />
			<select type="Spell" name="Spell (Bard)" supports="$(spellcasting:list), $(spellcasting:slots)" level="8" number="1" spellcasting="Bard" />
			<select type="Spell" name="Spell (Bard)" supports="$(spellcasting:list), $(spellcasting:slots)" level="9" number="2" spellcasting="Bard" />
			<select type="Spell" name="Spell (Bard)" supports="$(spellcasting:list), $(spellcasting:slots)" level="10" number="1" spellcasting="Bard" />
			<select type="Spell" name="Spell (Bard)" supports="$(spellcasting:list), $(spellcasting:slots)" level="11" number="1" spellcasting="Bard" />
			<select type="Spell" name="Spell (Bard)" supports="$(spellcasting:list), $(spellcasting:slots)" level="13" number="1" spellcasting="Bard" />
			<select type="Spell" name="Spell (Bard)" supports="$(spellcasting:list), $(spellcasting:slots)" level="15" number="1" spellcasting="Bard" />
			<select type="Spell" name="Spell (Bard)" supports="$(spellcasting:list), $(spellcasting:slots)" level="17" number="1" spellcasting="Bard" />
			<select type="Spell" name="Spell (Bard)" supports="$(spellcasting:list), $(spellcasting:slots)" level="18" number="1" spellcasting="Bard" />
			<select type="Spell" name="Spell (Bard)" supports="$(spellcasting:list), $(spellcasting:slots)" level="19" number="1" spellcasting="Bard" />
			<select type="Spell" name="Spell (Bard)" supports="$(spellcasting:list), $(spellcasting:slots)" level="20" number="1" spellcasting="Bard" />
		</rules>
	</element>

	<element name="Level 1: Expertise" type="Class Feature" source="Player’s Handbook 2024" id="ID_WOTC_PHB24_CLASS_FEATURE_BARD_EXPERTISE">
		<requirements>!ID_INTERNAL_FEATURE_REPLACEMENT_BARD_24_EXPERTISE</requirements>
		<description>
			<p>You gain Expertise in two of your skill proficiencies of your choice. Performance and Persuasion are recommended if you have proficiency in them.</p>
			<p class="indent">At Bard level 9, you gain Expertise in two more of your skill proficiencies of your choice.</p>
		</description>
		<sheet display="false" />
		<rules>
			<select type="Proficiency" name="Expertise (Bard 3)" level="2" number="2" supports="Expertise,Skill"/>
			<select type="Proficiency" name="Expertise (Bard 10)" level="10" number="2" supports="Expertise,Skill"/>
		</rules>
	</element>
	<element name="Level 2: Jack of All Trades" type="Class Feature" source="Player’s Handbook 2024" id="ID_WOTC_PHB24_CLASS_FEATURE_BARD_JACK_OF_ALL_TRADES">
		<requirements>!ID_INTERNAL_FEATURE_REPLACEMENT_BARD_24_JACK_OF_ALL_TRADES</requirements>
		<description>
			<p>You can add half your Proficiency Bonus (round down) to any ability check you make that uses a skill proficiency you lack and that doesn’t otherwise use your Proficiency Bonus.</p>
			<p class="indent">For example, if you make a Strength (Athletics) check and lack Athletics proficiency, you can add half your Proficiency Bonus to the check.</p>
		</description>
		<sheet display="false">
			<description>You can add half your proficiency bonus ({{proficiency:half}}), rounded down, to any ability check you make that doesn’t already include your proficiency bonus.</description>
		</sheet>
		<rules>
			<stat name="acrobatics:misc" value="proficiency:half" requirements="!(ID_PROFICIENCY_SKILL_ACROBATICS||ID_WOTC_PHB24_PROFICIENCY_SKILL_ACROBATICS)"/>
			<stat name="animal handling:misc" value="proficiency:half" requirements="!(ID_PROFICIENCY_SKILL_ANIMALHANDLING||ID_WOTC_PHB24_PROFICIENCY_SKILL_ANIMALHANDLING)"/>
			<stat name="arcana:misc" value="proficiency:half" requirements="!(ID_PROFICIENCY_SKILL_ARCANA||ID_WOTC_PHB24_PROFICIENCY_SKILL_ARCANA)"/>
			<stat name="athletics:misc" value="proficiency:half" requirements="!(ID_PROFICIENCY_SKILL_ATHLETICS||ID_WOTC_PHB24_PROFICIENCY_SKILL_ATHLETICS)"/>
			<stat name="deception:misc" value="proficiency:half" requirements="!(ID_PROFICIENCY_SKILL_DECEPTION||ID_WOTC_PHB24_PROFICIENCY_SKILL_DECEPTION)"/>
			<stat name="history:misc" value="proficiency:half" requirements="!(ID_PROFICIENCY_SKILL_HISTORY||ID_WOTC_PHB24_PROFICIENCY_SKILL_HISTORY)"/>
			<stat name="insight:misc" value="proficiency:half" requirements="!(ID_PROFICIENCY_SKILL_INSIGHT||ID_WOTC_PHB24_PROFICIENCY_SKILL_INSIGHT)"/>
			<stat name="intimidation:misc" value="proficiency:half" requirements="!(ID_PROFICIENCY_SKILL_INTIMIDATION||ID_WOTC_PHB24_PROFICIENCY_SKILL_INTIMIDATION)"/>
			<stat name="investigation:misc" value="proficiency:half" requirements="!(ID_PROFICIENCY_SKILL_INVESTIGATION||ID_WOTC_PHB24_PROFICIENCY_SKILL_INVESTIGATION)"/>
			<stat name="medicine:misc" value="proficiency:half" requirements="!(ID_PROFICIENCY_SKILL_MEDICINE||ID_WOTC_PHB24_PROFICIENCY_SKILL_MEDICINE)"/>
			<stat name="nature:misc" value="proficiency:half" requirements="!(ID_PROFICIENCY_SKILL_NATURE||ID_WOTC_PHB24_PROFICIENCY_SKILL_NATURE)"/>
			<stat name="perception:misc" value="proficiency:half" requirements="!(ID_PROFICIENCY_SKILL_PERCEPTION||ID_WOTC_PHB24_PROFICIENCY_SKILL_PERCEPTION)"/>
			<stat name="performance:misc" value="proficiency:half" requirements="!(ID_PROFICIENCY_SKILL_PERFORMANCE||ID_WOTC_PHB24_PROFICIENCY_SKILL_PERFORMANCE)"/>
			<stat name="persuasion:misc" value="proficiency:half" requirements="!(ID_PROFICIENCY_SKILL_PERSUASION||ID_WOTC_PHB24_PROFICIENCY_SKILL_PERSUASION)"/>
			<stat name="religion:misc" value="proficiency:half" requirements="!(ID_PROFICIENCY_SKILL_RELIGION||ID_WOTC_PHB24_PROFICIENCY_SKILL_RELIGION)"/>
			<stat name="sleight of hand:misc" value="proficiency:half" requirements="!(ID_PROFICIENCY_SKILL_SLEIGHTOFHAND||ID_WOTC_PHB24_PROFICIENCY_SKILL_SLEIGHTOFHAND)"/>
			<stat name="stealth:misc" value="proficiency:half" requirements="!(ID_PROFICIENCY_SKILL_STEALTH||ID_WOTC_PHB24_PROFICIENCY_SKILL_STEALTH)"/>
			<stat name="survival:misc" value="proficiency:half" requirements="!(ID_PROFICIENCY_SKILL_SURVIVAL||ID_WOTC_PHB24_PROFICIENCY_SKILL_SURVIVAL)"/>
		</rules>
	</element>

	<element name="Level 3: Bard Subclass" type="Class Feature" source="Player’s Handbook 2024" id="ID_WOTC_PHB24_CLASS_FEATURE_BARD_BARD_COLLEGE">
		<requirements>!ID_INTERNAL_FEATURE_REPLACEMENT_BARD_24_BARD_COLLEGE</requirements>
		<description>
			<p>You gain a Bard subclass of your choice. The College of Dance, College of Glamour, College of Lore, and College of Valor subclasses are detailed after this class’s description. A subclass is a specialization that grants you features at certain Bard levels. For the rest of your career, you gain each of your subclass’s features that are of your Bard level or lower.</p>
		</description>
		<sheet display="false"/>
		<rules>
			<select type="Archetype" name="Bard College" supports="Bard College" />
		</rules>
	</element>

	<element name="Level 4: Ability Score Improvement" type="Class Feature" source="Player’s Handbook 2024" id="ID_WOTC_PHB24_CLASS_FEATURE_BARD_ABILITY_SCORE_IMPROVEMENT">
		<requirements>!ID_INTERNAL_FEATURE_REPLACEMENT_BARD_24_ABILITY_SCORE_IMPROVEMENT</requirements>
		<compendium display="false" />
		<description>
			<p>You gain the Ability Score Improvement feat or another feat of your choice for which you qualify. You gain this feature again at Bard levels 8, 12, and 16.</p>
		</description>
		<sheet display="false" />
		<rules>
			<select type="Feat" name="Ability Score Improvement (Bard 4)" level="4" />
			<select type="Feat" name="Ability Score Improvement (Bard 8)" level="8" />
			<select type="Feat" name="Ability Score Improvement (Bard 12)" level="12" />
			<select type="Feat" name="Ability Score Improvement (Bard 16)" level="16" />
		</rules>
	</element>

	<element name="Level 5: Font of Inspiration" type="Class Feature" source="Player’s Handbook 2024" id="ID_WOTC_PHB24_CLASS_FEATURE_BARD_FONT_OF_INSPIRATION">
		<requirements>!ID_INTERNAL_FEATURE_REPLACEMENT_BARD_24_FONT_OF_INSPIRATION</requirements>
		<description>
			<p>You now regain all your expended uses of Bardic Inspiration when you finish a Short or Long Rest.</p>
			<p class="indent">In addition, you can expend a spell slot (no action required) to regain one expended use of Bardic Inspiration.</p>
		</description>
		<sheet alt="Font of Inspiration">
			<description>You regain all of your expended uses of Bardic Inspiration when you finish a short or long rest. In addition, you can expend a spell slot (no action required) to regain one expended use of Bardic Inspiration.</description>
		</sheet>
	</element>

	<element name="Level 7: Countercharm" type="Class Feature" source="Player’s Handbook 2024" id="ID_WOTC_PHB24_CLASS_FEATURE_BARD_COUNTERCHARM">
		<requirements>!ID_INTERNAL_FEATURE_REPLACEMENT_BARD_24_COUNTERCHARM</requirements>
		<description>
			<p>You can use musical notes or words of power to disrupt mind-influencing effects. If you or a creature within 30 feet of you fails a saving throw against an effect that applies the Charmed or Frightened condition, you can take a Reaction to cause the save to be rerolled, and the new roll has Advantage.</p>
		</description>
		<sheet alt="Countercharm" usage="Reaction">
			<description>If you or a creature within 30 feet of you fails a saving throw against an effect that applies the Charmed or Frightened condition, you can cause the save to be rerolled, and the new roll has Advantage.</description>
		</sheet>
	</element>

	<element name="Level 10: Magical Secrets" type="Class Feature" source="Player’s Handbook 2024" id="ID_WOTC_PHB24_CLASS_FEATURE_BARD_MAGICAL_SECRETS">
		<requirements>!ID_INTERNAL_FEATURE_REPLACEMENT_BARD_24_MAGICAL_SECRETS</requirements>
		<description>
			<p>You’ve learned secrets from various magical traditions. Whenever you reach a Bard level (including this level) and the Prepared Spells number in the Bard Features table increases, you can choose any of your new prepared spells from the Bard, Cleric, Druid, and Wizard spell lists, and the chosen spells count as Bard spells for you (see a class’s section for its spell list). In addition, whenever you replace a spell prepared for this class, you can replace it with a spell from those lists.</p>
		</description>
		<sheet alt="Magical Secrets">
			<description>Whenever you choose a new prepared spell or replace one, you may choose from the Bard, Cleric, Druid, and Wizard spell lists.</description>
		</sheet>
		<spellcasting name="Bard" extend="true">
			<extend>Cleric</extend>
			<extend>Druid</extend>
			<extend>Wizard</extend>
		</spellcasting>
	</element>

	<element name="Level 18: Superior Inspiration" type="Class Feature" source="Player’s Handbook 2024" id="ID_WOTC_PHB24_CLASS_FEATURE_BARD_SUPERIOR_INSPIRATION">
		<requirements>!ID_INTERNAL_FEATURE_REPLACEMENT_BARD_24_SUPERIOR_INSPIRATION</requirements>
		<description>
			<p>When you roll Initiative, you regain expended uses of Bardic Inspiration until you have two if you have fewer than that.</p>
		</description>
		<sheet alt="Superior Inspiration" usage="Initiative Roll">
			<description>You regain expended uses of Bardic Inspiration until you have two if you have fewer than that.</description>
		</sheet>
	</element>

	<element name="Level 19: Epic Boon" type="Class Feature" source="Player’s Handbook 2024" id="ID_WOTC_PHB24_CLASS_FEATURE_BARD_EPIC_BOON">
		<requirements>!ID_INTERNAL_FEATURE_REPLACEMENT_BARD_24_EPIC_BOON</requirements>
		<description>
			<p>You gain an Epic Boon feat or another feat of your choice for which you qualify. Boon of Spell Recall is recommended.</p>
		</description>
		<sheet display="false">
		</sheet>
		<rules>
			<select type="Feat" name="Epic Boon (Bard 19)" level="19" />
		</rules>
	</element>

	<element name="Level 20: Words of Creation" type="Class Feature" source="Player’s Handbook 2024" id="ID_WOTC_PHB24_CLASS_FEATURE_BARD_WORDS_OF_CREATION">
		<requirements>!ID_INTERNAL_FEATURE_REPLACEMENT_BARD_24_WORDS_OF_CREATION</requirements>
		<description>
			<p>You have mastered two of the Words of Creation: the words of life and death. You therefore always have the <i>Power Word Heal</i> and <i>Power Word Kill</i> spells prepared. When you cast either spell, you can target a second creature with it if that creature is within 10 feet of the first target.</p>
		</description>
		<sheet alt="Words of Creation">
			<description>You always have the Power Word Heal and Power Word Kill spells prepared. When you cast either spell, you can target a second creature with it if that creature is within 10 feet of the first target.</description>
		</sheet>
		<rules>
			<!--<grant type="Spell" id="ID_PHB_SPELL_POWER_WORD_HEAL" level="20" spellcasting="Bard" allowReplace="false" />
			<grant type="Spell" id="ID_PHB_SPELL_POWER_WORD_KILL" level="20" spellcasting="Bard" allowReplace="false" />-->

			<grant type="Spell" id="ID_WOTC_PHB24_SPELL_POWER_WORD_HEAL" level="20" spellcasting="Bard" allowReplace="false" />
			<grant type="Spell" id="ID_WOTC_PHB24_SPELL_POWER_WORD_KILL" level="20" spellcasting="Bard" allowReplace="false" />
		</rules>
	</element>


	<!--Feature Replacement Grants-->
	<element name="Bardic Inspiration Feature Replacement" type="Grants" source="Internal" id="ID_INTERNAL_FEATURE_REPLACEMENT_BARD_24_BARDIC_INSPIRATION" />
	<element name="Spellcasting Feature Replacement" type="Grants" source="Internal" id="ID_INTERNAL_FEATURE_REPLACEMENT_BARD_24_SPELLCASTING" />
	<element name="Expertise Feature Replacement" type="Grants" source="Internal" id="ID_INTERNAL_FEATURE_REPLACEMENT_BARD_24_EXPERTISE" />
	<element name="Jack of All Trades Feature Replacement" type="Grants" source="Internal" id="ID_INTERNAL_FEATURE_REPLACEMENT_BARD_24_JACK_OF_ALL_TRADES" />
	<element name="Bard Subclass Feature Replacement" type="Grants" source="Internal" id="ID_INTERNAL_FEATURE_REPLACEMENT_BARD_24_BARD_COLLEGE" />
	<element name="Ability Score Improvement Feature Replacement" type="Grants" source="Internal" id="ID_INTERNAL_FEATURE_REPLACEMENT_BARD_24_ABILITY_SCORE_IMPROVEMENT" />
	<element name="Font of Inspiration Feature Replacement" type="Grants" source="Internal" id="ID_INTERNAL_FEATURE_REPLACEMENT_BARD_24_FONT_OF_INSPIRATION" />
	<element name="Countercharm Feature Replacement" type="Grants" source="Internal" id="ID_INTERNAL_FEATURE_REPLACEMENT_BARD_24_COUNTERCHARM" />
	<element name="Magical Secrets Feature Replacement" type="Grants" source="Internal" id="ID_INTERNAL_FEATURE_REPLACEMENT_BARD_24_MAGICAL_SECRETS" />
	<element name="Superior Inspiration Feature Replacement" type="Grants" source="Internal" id="ID_INTERNAL_FEATURE_REPLACEMENT_BARD_24_SUPERIOR_INSPIRATION" />
	<element name="Bard Epic Boon Feature Replacement" type="Grants" source="Internal" id="ID_INTERNAL_FEATURE_REPLACEMENT_BARD_24_EPIC_BOON" />
	<element name="Words of Creation Feature Replacement" type="Grants" source="Internal" id="ID_INTERNAL_FEATURE_REPLACEMENT_BARD_24_WORDS_OF_CREATION" />
</elements>
