<?xml version="1.0" encoding="utf-8" ?>
<elements>
	<info>
		<name>Barbarian</name>
		<description>The Barbarian class from the Player’s Handbook 2024.</description>

		<author url="https://dndstore.wizards.com/us/en/product/1001494/2024-player-s-handbook-digital-plus-physical-bundle">Wizards of the Coast</author>
		<update version="0.0.7">
			<file name="class-barbarian.xml" url="https://raw.githubusercontent.com/Netrinil/Aurora/master/core/players-handbook-2024/classes/class-barbarian.xml" />
		</update>
	</info>

	<element name="Barbarian" type="Class" source="Player’s Handbook 2024" id="ID_WOTC_PHB24_CLASS_BARBARIAN">
		<description>
			<p>Barbarians are mighty warriors who are powered by primal forces of the multiverse that manifest as a Rage. More than a mere emotion—and not limited to anger—this Rage is an incarnation of a predator’s ferocity, a storm’s fury, and a sea’s turmoil.</p>
			<p class="indent">Some Barbarians personify their Rage as a fierce spirit or revered forebear. Others see it as a connection to the pain and anguish of the world, as an impersonal tangle of wild magic, or as an expression of their own deepest self. For every Barbarian, their Rage is a power that fuels not just battle prowess, but also uncanny reflexes and heightened senses.</p>
			<p class="indent">Barbarians often serve as protectors and leaders in their communities. They charge headlong into danger so those under their protection don’t have to. Their courage in the face of danger makes Barbarians perfectly suited for adventure.</p>
			<table>
				<thead>
					<tr><td>Core Barbarian Traits</td></tr>
				</thead>
				<tr><td>Primary Ability</td><td class="left">Strength </td> </tr>
				<tr><td>Hit Point Die</td><td class="left">D12 per Barbarian level</td></tr>
				<tr><td>Saving Throw Proficiencies</td><td class="left">Strength and Constitution</td></tr>
				<tr><td>Skill Proficiencies</td><td class="left"><i>Choose 2:</i>  Animal Handling, Athletics, Intimidation, Nature, Perception, or Survival</td></tr>
				<tr><td>Weapon Proficiencies</td><td class="left">Simple and Martial weapons</td></tr>
				<tr><td>Armor Training</td><td class="left">Light and Medium armor, Shields</td></tr>
				<tr><td>Starting Equipment</td><td class="left"><i> Choose A or B:</i>  (A) Greataxe, 4 Handaxes, Explorer’s Pack, and 15 GP; or (B) 75 GP</td></tr>
			</table>
			<h3>BECOMING A BARBARIAN ...</h3>
			<h4>As A Level 1 Character</h4>
			<ul>
				<li>Gain all the traits in the Core Barbarian Traits table.</li>
				<li>Gain the Barbarian’s level 1 features which are listed in the Barbarian Features table.</li>
			</ul>
			<h4>As A Multiclass Character</h4>
			<ul>
				<li>Gain the Hit Point Die trait from the Core Barbarian Traits table.</li>
				<li>Gain the Barbarian’s level 1 features which are listed in the Barbarian Features table</li>
				<li>Gain proficiency with Martial weapons and training with Shields</li>
			</ul>
			<h5 class="caption">BARBARIAN FEATURES</h5>
			<table class="class-features">
				<thead>
					<tr><td class="col-5">Level</td><td>Rages</td><td>Rage Damage</td><td>Weapon Mastery</td><td class="col-60 left">Features</td></tr>
				</thead>
				<tr><td>1st</td><td>2</td><td>+2</td><td>2</td><td class="left">Rage, Unarmored Defense, Weapon Mastery</td></tr>
				<tr><td>2nd</td><td>2</td><td>+2</td><td>2</td><td class="left">Danger Sense, Reckless Attack</td></tr>
				<tr><td>3rd</td><td>3</td><td>+2</td><td>2</td><td class="left">Barbarian Subclass, Primal Knowledge</td></tr>
				<tr><td>4th</td><td>3</td><td>+2</td><td>3</td><td class="left">Ability Score Improvement</td></tr>
				<tr><td>5th</td><td>3</td><td>+2</td><td>3</td><td class="left">Extra Attack, Fast Movement</td></tr>
				<tr><td>6th</td><td>4</td><td>+2</td><td>3</td><td class="left">Subclass Feature</td></tr>
				<tr><td>7th</td><td>4</td><td>+2</td><td>3</td><td class="left">Feral Instinct, Instinctive Pounce</td></tr>
				<tr><td>8th</td><td>4</td><td>+2</td><td>3</td><td class="left">Ability Score Improvement</td></tr>
				<tr><td>9th</td><td>4</td><td>+3</td><td>3</td><td class="left">Brutal Strike</td></tr>
				<tr><td>10th</td><td>4</td><td>+3</td><td>4</td><td class="left">Subclass Feature</td></tr>
				<tr><td>11th</td><td>4</td><td>+3</td><td>4</td><td class="left">Relentless Rage</td></tr>
				<tr><td>12th</td><td>5</td><td>+3</td><td>4</td><td class="left">Ability Score Improvement</td></tr>
				<tr><td>13th</td><td>5</td><td>+3</td><td>4</td><td class="left">Improved Brutal Strike</td></tr>
				<tr><td>14th</td><td>5</td><td>+3</td><td>4</td><td class="left">Subclass Feature</td></tr>
				<tr><td>15th</td><td>5</td><td>+3</td><td>4</td><td class="left">Persistent Rage</td></tr>
				<tr><td>16th</td><td>5</td><td>+4</td><td>4</td><td class="left">Ability Score Improvement</td></tr>
				<tr><td>17th</td><td>6</td><td>+4</td><td>4</td><td class="left">Improved Brutal Strike</td></tr>
				<tr><td>18th</td><td>6</td><td>+4</td><td>4</td><td class="left">Indomitable Might</td></tr>
				<tr><td>19th</td><td>6</td><td>+4</td><td>4</td><td class="left">Epic Boon</td></tr>
				<tr><td>20th</td><td>6</td><td>+4</td><td>4</td><td class="left">Primal Champion</td></tr>
			</table>
			<h3>BARBARIAN CLASS FEATURES</h3>
			<p>As a Barbarian, you gain the following class features when you reach the specified Barbarian levels. These features are listed in the Barbarian Features table.</p>
			<div element="ID_WOTC_PHB24_CLASS_FEATURE_BARBARIAN_RAGE"/>
			<div element="ID_WOTC_PHB24_CLASS_FEATURE_BARBARIAN_UNARMORED_DEFENSE"/>
			<div element="ID_WOTC_PHB24_CLASS_FEATURE_BARBARIAN_WEAPON_MASTERY"/>
			<div element="ID_WOTC_PHB24_CLASS_FEATURE_BARBARIAN_DANGER_SENSE"/>
			<div element="ID_WOTC_PHB24_CLASS_FEATURE_BARBARIAN_RECKLESS_ATTACK"/>
			<div element="ID_WOTC_PHB24_CLASS_FEATURE_BARBARIAN_PRIMAL_PATH"/>
			<div element="ID_WOTC_PHB24_CLASS_FEATURE_BARBARIAN_PRIMAL_KNOWLEDGE"/>
			<div element="ID_WOTC_PHB24_CLASS_FEATURE_BARBARIAN_ABILITY_SCORE_IMPROVEMENT"/>
			<div element="ID_WOTC_PHB24_CLASS_FEATURE_BARBARIAN_EXTRA_ATTACK"/>
			<div element="ID_WOTC_PHB24_CLASS_FEATURE_BARBARIAN_FAST_MOVEMENT"/>
			<div element="ID_WOTC_PHB24_CLASS_FEATURE_BARBARIAN_FERAL_INSTINCT"/>
			<div element="ID_WOTC_PHB24_CLASS_FEATURE_BARBARIAN_INSTINCTIVE_POUNCE"/>
			<div element="ID_WOTC_PHB24_CLASS_FEATURE_BARBARIAN_BRUTAL_STRIKE"/>
			<div element="ID_WOTC_PHB24_CLASS_FEATURE_BARBARIAN_RELENTLESS_RAGE"/>
			<div element="ID_WOTC_PHB24_CLASS_FEATURE_BARBARIAN_IMPROVED_BRUTAL_STRIKE_OPTIONS"/>
			<div element="ID_WOTC_PHB24_CLASS_FEATURE_BARBARIAN_PERSISTENT_RAGE"/>
			<div element="ID_WOTC_PHB24_CLASS_FEATURE_BARBARIAN_IMPROVED_BRUTAL_STRIKE_COUNT"/>
			<div element="ID_WOTC_PHB24_CLASS_FEATURE_BARBARIAN_INDOMITABLE_MIGHT"/>
			<div element="ID_WOTC_PHB24_CLASS_FEATURE_BARBARIAN_EPIC_BOON"/>
			<div element="ID_WOTC_PHB24_CLASS_FEATURE_BARBARIAN_PRIMAL_CHAMPION"/>
		</description>
		<sheet display="false">
			<description>A Fierce Warrior of Primal Rage</description>
		</sheet>
		<setters>
			<set name="short">A Fierce Warrior of Primal Rage</set>
			<set name="hd">d12</set>
		</setters>
		<rules>
			<grant type="Proficiency" id="ID_WOTC_PHB24_PROFICIENCY_ARMOR_PROFICIENCY_LIGHT_ARMOR" requirements="!ID_WOTC_PHB24_MULTICLASS_BARBARIAN" />
			<grant type="Proficiency" id="ID_WOTC_PHB24_PROFICIENCY_ARMOR_PROFICIENCY_MEDIUM_ARMOR" requirements="!ID_WOTC_PHB24_MULTICLASS_BARBARIAN" />
			<grant type="Proficiency" id="ID_WOTC_PHB24_PROFICIENCY_ARMOR_PROFICIENCY_SHIELDS" requirements="!ID_WOTC_PHB24_MULTICLASS_BARBARIAN" />
			<grant type="Proficiency" id="ID_WOTC_PHB24_PROFICIENCY_WEAPON_PROFICIENCY_SIMPLE_WEAPONS" requirements="!ID_WOTC_PHB24_MULTICLASS_BARBARIAN" />
			<grant type="Proficiency" id="ID_WOTC_PHB24_PROFICIENCY_WEAPON_PROFICIENCY_MARTIAL_WEAPONS" requirements="!ID_WOTC_PHB24_MULTICLASS_BARBARIAN" />
			<grant type="Proficiency" id="ID_PROFICIENCY_WEAPON_PROFICIENCY_SIMPLE_WEAPONS" requirements="!ID_WOTC_PHB24_MULTICLASS_BARBARIAN, ID_WOTC_SOURCE_PLAYERS_HANDBOOK" />
			<grant type="Proficiency" id="ID_PROFICIENCY_WEAPON_PROFICIENCY_MARTIAL_WEAPONS" requirements="!ID_WOTC_PHB24_MULTICLASS_BARBARIAN, ID_WOTC_SOURCE_PLAYERS_HANDBOOK" />
			<grant type="Proficiency" id="ID_WOTC_PHB24_PROFICIENCY_SAVINGTHROW_STRENGTH" requirements="!ID_WOTC_PHB24_MULTICLASS_BARBARIAN"/>
			<grant type="Proficiency" id="ID_WOTC_PHB24_PROFICIENCY_SAVINGTHROW_CONSTITUTION" requirements="!ID_WOTC_PHB24_MULTICLASS_BARBARIAN"/>
			<select type="Proficiency" name="Skill Proficiency (Barbarian)" supports="Skill 2024,Barbarian,!Expertise" number="2" requirements="!ID_WOTC_PHB24_MULTICLASS_BARBARIAN" />
			<grant type="Class Feature" id="ID_WOTC_PHB24_CLASS_FEATURE_BARBARIAN_RAGE" level="1" />
			<grant type="Class Feature" id="ID_WOTC_PHB24_CLASS_FEATURE_BARBARIAN_UNARMORED_DEFENSE" level="1"/>
			<grant type="Class Feature" id="ID_WOTC_PHB24_CLASS_FEATURE_BARBARIAN_WEAPON_MASTERY" level="1" />
			<grant type="Class Feature" id="ID_WOTC_PHB24_CLASS_FEATURE_BARBARIAN_DANGER_SENSE" level="2"/>
			<grant type="Class Feature" id="ID_WOTC_PHB24_CLASS_FEATURE_BARBARIAN_RECKLESS_ATTACK" level="2"/>
			<grant type="Class Feature" id="ID_WOTC_PHB24_CLASS_FEATURE_BARBARIAN_PRIMAL_PATH" level="3" />
			<grant type="Class Feature" id="ID_WOTC_PHB24_CLASS_FEATURE_BARBARIAN_PRIMAL_KNOWLEDGE" level="3" />
			<grant type="Class Feature" id="ID_WOTC_PHB24_CLASS_FEATURE_BARBARIAN_ABILITY_SCORE_IMPROVEMENT" level="4" />
			<grant type="Class Feature" id="ID_WOTC_PHB24_CLASS_FEATURE_BARBARIAN_EXTRA_ATTACK" level="5" />
			<grant type="Class Feature" id="ID_WOTC_PHB24_CLASS_FEATURE_BARBARIAN_FAST_MOVEMENT" level="5" />
			<grant type="Class Feature" id="ID_WOTC_PHB24_CLASS_FEATURE_BARBARIAN_FERAL_INSTINCT" level="7" />
			<grant type="Class Feature" id="ID_WOTC_PHB24_CLASS_FEATURE_BARBARIAN_INSTINCTIVE_POUNCE" level="7" />
			<grant type="Class Feature" id="ID_WOTC_PHB24_CLASS_FEATURE_BARBARIAN_BRUTAL_STRIKE" level="9" />
			<grant type="Class Feature" id="ID_WOTC_PHB24_CLASS_FEATURE_BARBARIAN_RELENTLESS_RAGE" level="11" />
			<grant type="Class Feature" id="ID_WOTC_PHB24_CLASS_FEATURE_BARBARIAN_IMPROVED_BRUTAL_STRIKE_OPTIONS" level="13" />
			<grant type="Class Feature" id="ID_WOTC_PHB24_CLASS_FEATURE_BARBARIAN_PERSISTENT_RAGE" level="15" />
			<grant type="Class Feature" id="ID_WOTC_PHB24_CLASS_FEATURE_BARBARIAN_IMPROVED_BRUTAL_STRIKE_COUNT" level="17" />
			<grant type="Class Feature" id="ID_WOTC_PHB24_CLASS_FEATURE_BARBARIAN_INDOMITABLE_MIGHT" level="18" />
			<grant type="Class Feature" id="ID_WOTC_PHB24_CLASS_FEATURE_BARBARIAN_EPIC_BOON" level="19" />
			<grant type="Class Feature" id="ID_WOTC_PHB24_CLASS_FEATURE_BARBARIAN_PRIMAL_CHAMPION" level="20" />
		</rules>
		<multiclass id="ID_WOTC_PHB24_MULTICLASS_BARBARIAN">
			<prerequisite>Strength 13</prerequisite>
			<requirements>[str:13]</requirements>
			<setters>
				<set name="multiclass proficiencies">Martial Weapons, Shields</set>
			</setters>
			<rules>
				<grant type="Grants" id="ID_INTERNAL_GRANT_MULTICLASS" />
				<grant type="Proficiency" id="ID_WOTC_PHB24_PROFICIENCY_ARMOR_PROFICIENCY_SHIELDS" />
				<grant type="Proficiency" id="ID_WOTC_PHB24_PROFICIENCY_WEAPON_PROFICIENCY_MARTIAL_WEAPONS" />
				<grant type="Proficiency" id="ID_PROFICIENCY_WEAPON_PROFICIENCY_MARTIAL_WEAPONS" requirements="ID_WOTC_SOURCE_PLAYERS_HANDBOOK" />
				<grant type="Proficiency" id="ID_PROFICIENCY_ARMOR_PROFICIENCY_SHIELDS" requirements="ID_WOTC_SOURCE_PLAYERS_HANDBOOK" />
			</rules> 
		</multiclass>
	</element>

	<element name="Level 1: Rage" type="Class Feature" source="Player’s Handbook 2024" id="ID_WOTC_PHB24_CLASS_FEATURE_BARBARIAN_RAGE">
		<requirements>!ID_INTERNAL_FEATURE_REPLACEMENT_BARBARIAN_24_RAGE</requirements>
		<description>
			<p>You can imbue yourself with a primal power called Rage, a force that grants you extraordinary might and resilience. You can enter it as a Bonus Action if you aren’t wearing Heavy armor.</p>
			<p class="indent">You can enter your Rage the number of times shown for your Barbarian level in the Rages column of the Barbarian Features table. You regain one expended use when you finish a Short Rest, and you regain all expended uses when you finish a Long Rest.</p>
			<p>While active, your Rage follows the rules below.</p>
			<p class="indent"><em><strong>Damage Resistance.</strong></em> You have Resistance to Bludgeoning, Piercing, and Slashing damage.</p>
			<p class="indent"><em><strong>Rage Damage.</strong></em> When you make an attack using Strength—with either a weapon or an Unarmed Strike—and deal damage to the target, you gain a bonus to the damage that increases as you gain levels as a Barbarian, as shown in the Rage Damage column of the Barbarian Features table.</p>
			<p class="indent"><em><strong>Strength Advantage.</strong></em> You have Advantage on Strength checks and Strength saving throws.</p>
			<p class="indent"><em><strong>No Concentration or Spells.</strong></em> You can’t maintain Concentration, and you can’t cast spells.</p>
			<p class="indent"><em><strong>Duration.</strong></em> The Rage lasts until the end of your next turn, and it ends early if you don Heavy armor or have the Incapacitated condition. If your Rage is still active on your next turn, you can extend the Rage for another round by doing one of the following:</p>
			<ul>
				<li>Make an attack roll against an enemy.</li>
				<li>Force an enemy to make a saving throw.</li>
				<li>Take a Bonus Action to extend your Rage.</li>
			</ul>
			<p>Each time the Rage is extended, it lasts until the end of your next turn. You can maintain a Rage for up to 10 minutes.</p>
		</description>
		<sheet alt="Rage" action="Bonus Action" usage="{{barbarian rage:count}}/Long Rest">
			<description>While Raging, you have the following benefits: &#13;
			• Advantage on Strength checks and Strength Saves. &#13;
			• A +{{barbarian rage:damage}} to damage rolls with strength melee weapon attacks. &#13;
			• You have resistance to bludgeoning, piercing, and slashing damage. &#13;
			You can regain one Rage usage when you finish a Short Rest.
			</description>
		</sheet>
		<rules>
			<stat name="barbarian rage:count" value="2" level="1" />
			<stat name="barbarian rage:count" value="1" level="3" />
			<stat name="barbarian rage:count" value="1" level="6" />
			<stat name="barbarian rage:count" value="1" level="12" />
			<stat name="barbarian rage:count" value="1" level="17" />
			<stat name="barbarian rage:damage" value="2" level="1" />
			<stat name="barbarian rage:damage" value="1" level="9" />
			<stat name="barbarian rage:damage" value="1" level="16" />
		</rules>
	</element>
	<element name="Level 1: Unarmored Defense" type="Class Feature" source="Player’s Handbook 2024" id="ID_WOTC_PHB24_CLASS_FEATURE_BARBARIAN_UNARMORED_DEFENSE">
		<requirements>!ID_INTERNAL_FEATURE_REPLACEMENT_BARBARIAN_24_UNARMORED_DEFENSE</requirements>
		<description>
			<p>While you aren’t wearing any armor, your base Armor Class equals 10 plus your Dexterity and Constitution modifiers. You can use a Shield and still gain this benefit.</p>
		</description>
		<sheet alt="Unarmored Defense">
			<description>While you aren’t wearing armor, your AC is {{ac:unarmored defense barbarian}}. You can use a Shield and still gain this benefit.</description>
		</sheet>
		<rules>
			<stat name="ac:unarmored defense barbarian:base" value="10" />
			<stat name="ac:unarmored defense barbarian:dexterity" value="dexterity:modifier" />
			<stat name="ac:unarmored defense barbarian:constitution" value="constitution:modifier" />

			<stat name="ac:unarmored defense barbarian" value="ac:unarmored defense barbarian:base" />
			<stat name="ac:unarmored defense barbarian" value="ac:unarmored defense barbarian:dexterity" />
			<stat name="ac:unarmored defense barbarian" value="ac:unarmored defense barbarian:constitution" />

			<stat name="ac:calculation" value="ac:unarmored defense barbarian" bonus="calculation" equipped="[armor:none]" alt="Unarmored Defense (Barbarian)" />
		</rules>
	</element>
	<element name="Level 1: Weapon Mastery" type="Class Feature" source="Player’s Handbook 2024" id="ID_WOTC_PHB24_CLASS_FEATURE_BARBARIAN_WEAPON_MASTERY">
		<requirements>!ID_INTERNAL_FEATURE_REPLACEMENT_BARBARIAN_24_WEAPON_MASTERY</requirements>
		<description>
			<p>Your training with weapons allows you to use the mastery properties of two kinds of Simple or Martial Melee weapons of your choice, such as Greataxes and Handaxes. Whenever you finish a Long Rest, you can practice weapon drills and change one of those weapon choices.</p>
			<p class="indent">When you reach certain Barbarian levels, you gain the ability to use the mastery properties of more kinds of weapons, as shown in the Weapon Mastery column of the Barbarian Features table.</p>
		</description>
		<sheet alt="Weapon Mastery">
			<description>You can use the mastery properties of two kinds of weapons of your choice with which you have proficiency. Whenever you finish a Long Rest, you can change the kinds of weapons you chose.</description>
			<description level="4">You can use the mastery properties of three kinds of weapons of your choice with which you have proficiency. Whenever you finish a Long Rest, you can change the kinds of weapons you chose.</description>
			<description level="10">You can use the mastery properties of four kinds of weapons of your choice with which you have proficiency. Whenever you finish a Long Rest, you can change the kinds of weapons you chose.</description>
		</sheet>
		<rules>
			<select type="Class Feature" name="Weapon Mastery" supports="Weapon Mastery" number="2"/>
			<select type="Class Feature" name="Weapon Mastery" supports="Weapon Mastery" number="1" level="4"/>
			<select type="Class Feature" name="Weapon Mastery" supports="Weapon Mastery" number="1" level="10"/>
		</rules>
	</element>

	<element name="Level 2: Danger Sense" type="Class Feature" source="Player’s Handbook 2024" id="ID_WOTC_PHB24_CLASS_FEATURE_BARBARIAN_DANGER_SENSE">
		<requirements>!ID_INTERNAL_FEATURE_REPLACEMENT_BARBARIAN_24_DANGER_SENSE</requirements>
		<description>
			<p>You gain an uncanny sense of when things aren’t as they should be, giving you an edge when you dodge perils. You have Advantage on Dexterity saving throws unless you have the Incapacitated condition.</p>
		</description>
		<sheet alt="Danger Sense">
			<description>You have Advantage on Dexterity saving throws unless you have the Incapacitated condition.</description>
		</sheet>
	</element>
	<element name="Level 2: Reckless Attack" type="Class Feature" source="Player’s Handbook 2024" id="ID_WOTC_PHB24_CLASS_FEATURE_BARBARIAN_RECKLESS_ATTACK">
		<requirements>!ID_INTERNAL_FEATURE_REPLACEMENT_BARBARIAN_24_RECKLESS_ATTACK</requirements>
		<description>
			<p>You can throw aside all concern for defense to attack with increased ferocity. When you make your first attack roll on your turn, you can decide to attack recklessly. Doing so gives you Advantage on attack rolls using Strength until the start of your next turn, but attack rolls against you have Advantage during that time.</p>
		</description>
		<sheet alt="Reckless Attack">
			<description>When you make your first attack roll on your turn, you can decide to attack recklessly. Doing so gives you Advantage on attack rolls using Strength until the start of your next turn, but attack rolls against you have Advantage during that time.</description>
		</sheet>
	</element>

	<element name="Level 3: Barbarian Subclass" type="Class Feature" source="Player’s Handbook 2024" id="ID_WOTC_PHB24_CLASS_FEATURE_BARBARIAN_PRIMAL_PATH">
		<requirements>!ID_INTERNAL_FEATURE_REPLACEMENT_BARBARIAN_24_PRIMAL_PATH</requirements>
		<description>
			<p>You gain a Barbarian subclass of your choice. The Path of the Berserker, Path of the Wild Heart, Path of the World Tree, and Path of the Zealot subclasses are detailed after this class’s description. A subclass is a specialization that grants you features at certain Barbarian levels. For the rest of your career, you gain each of your subclass’s features that are of your Barbarian level or lower.</p>
		</description>
		<sheet display="false"/>
		<rules>
			<select type="Archetype" name="Primal Path" supports="Primal Path" level="3"/>
		</rules>
	</element>
	<element name="Level 3: Primal Knowledge" type="Class Feature" source="Player’s Handbook 2024" id="ID_WOTC_PHB24_CLASS_FEATURE_BARBARIAN_PRIMAL_KNOWLEDGE">
		<requirements>!ID_INTERNAL_FEATURE_REPLACEMENT_BARBARIAN_24_PRIMAL_KNOWLEDGE</requirements>
		<description>
			<p>You gain proficiency in another skill of your choice from the skill list available to Barbarians at level 1.</p>
			<p class="indent">In addition, while your Rage is active, you can channel primal power when you attempt certain tasks; whenever you make an ability check using one of the following skills, you can make it as a Strength check even if it normally uses a different ability: Acrobatics, Intimidation, Perception, Stealth, or Survival. When you use this ability, your Strength represents primal power coursing through you, honing your agility, bearing, and senses.</p>
		</description>
		<sheet alt="Primal Knowledge">
			<description>Whenever you make an ability check using one of the following skills while your Rage is active, you can make it as a Strength check even if it normally uses a different ability: Acrobatics, Intimidation, Perception, Stealth, or Survival.</description>
		</sheet>
		<rules>
			<select type="Proficiency" name="Primal Knowledge (Barbarian)" supports="Skill,Barbarian" number="1" level="3" />
		</rules>
	</element>

	<element name="Level 4: Ability Score Improvement" type="Class Feature" source="Player’s Handbook 2024" id="ID_WOTC_PHB24_CLASS_FEATURE_BARBARIAN_ABILITY_SCORE_IMPROVEMENT">
		<requirements>!ID_INTERNAL_FEATURE_REPLACEMENT_BARBARIAN_24_ABILITY_SCORE_IMPROVEMENT</requirements>
		<compendium display="false" />
		<description>
			<p>You gain the Ability Score Improvement feat (see chapter 5) or another feat of your choice for which you qualify. You gain this feature again at Barbarian levels 8, 12, and 16.</p>
		</description>
		<sheet display="false" />
		<rules>
			<select type="Feat" name="Ability Score Improvement (Barbarian 4)" level="4" />
			<select type="Feat" name="Ability Score Improvement (Barbarian 8)" level="8" />
			<select type="Feat" name="Ability Score Improvement (Barbarian 12)" level="12" />
			<select type="Feat" name="Ability Score Improvement (Barbarian 16)" level="16" />
		</rules>
	</element>

	<element name="Level 5: Extra Attack" type="Class Feature" source="Player’s Handbook 2024" id="ID_WOTC_PHB24_CLASS_FEATURE_BARBARIAN_EXTRA_ATTACK">
		<requirements>!ID_INTERNAL_FEATURE_REPLACEMENT_BARBARIAN_24_EXTRA_ATTACK</requirements>
		<description>
			<p>You can attack twice instead of once whenever you take the Attack action on your turn.</p>
		</description>
		<sheet alt="Extra Attack">
			<description>You can attack twice instead of once whenever you take the Attack action on your turn.</description>
		</sheet>
		<rules>
			<stat name="extra attack:count" value="2" level="5" bonus="extra attack" />
		</rules>
	</element>
	<element name="Level 5: Fast Movement" type="Class Feature" source="Player’s Handbook 2024" id="ID_WOTC_PHB24_CLASS_FEATURE_BARBARIAN_FAST_MOVEMENT">
		<requirements>!ID_INTERNAL_FEATURE_REPLACEMENT_BARBARIAN_24_FAST_MOVEMENT</requirements>
		<description>
			<p>Your speed increases by 10 feet while you aren’t wearing Heavy armor.</p>
		</description>
		<sheet alt="Fast Movement">
			<description>Your speed increases by 10 feet while you aren’t wearing Heavy armor.</description>
		</sheet>
		<rules>
			<stat name="innate speed:misc" value="10" equipped="![armor:heavy]" requirements="[innate speed:1]" />
			<stat name="innate speed:climb:misc" value="10" equipped="![armor:heavy]" requirements="[innate speed:climb:1]" />
			<stat name="innate speed:fly:misc" value="10" equipped="![armor:heavy]" requirements="[innate speed:fly:1]" />
			<stat name="innate speed:swim:misc" value="10" equipped="![armor:heavy]" requirements="[innate speed:swim:1]" />
			<stat name="innate speed:burrow:misc" value="10" equipped="![armor:heavy]" requirements="[innate speed:burrow:1]" />
		</rules>
	</element>

	<element name="Level 7: Feral Instinct" type="Class Feature" source="Player’s Handbook 2024" id="ID_WOTC_PHB24_CLASS_FEATURE_BARBARIAN_FERAL_INSTINCT">
		<requirements>!ID_INTERNAL_FEATURE_REPLACEMENT_BARBARIAN_24_FERAL_INSTINCT</requirements>
		<description>
			<p>Your instincts are so honed that you have Advantage on Initiative rolls.</p>
		</description>
		<sheet alt="Feral Instinct">
			<description>You have advantage on initiative rolls.</description>
		</sheet>
		<rules>
			<grant type="Grants" id="ID_INTERNAL_GRANTS_INITIATIVE_ADVANTAGE" />
		</rules>
	</element>
	<element name="Level 7: Instinctive Pounce" type="Class Feature" source="Player’s Handbook 2024" id="ID_WOTC_PHB24_CLASS_FEATURE_BARBARIAN_INSTINCTIVE_POUNCE">
		<requirements>!ID_INTERNAL_FEATURE_REPLACEMENT_BARBARIAN_24_INSTINCTIVE_POUNCE</requirements>
		<description>
			<p>As part of the Bonus Action you take to enter your Rage, you can move up to half your Speed.</p>
		</description>
		<sheet alt="Instinctive Pounce">
			<description>When you enter your Rage, you can move up to half your Speed as part of the same Bonus Action</description>
		</sheet>
	</element>

	<element name="Level 9: Brutal Strike" type="Class Feature" source="Player’s Handbook 2024" id="ID_WOTC_PHB24_CLASS_FEATURE_BARBARIAN_BRUTAL_STRIKE">
		<requirements>!ID_INTERNAL_FEATURE_REPLACEMENT_BARBARIAN_24_BRUTAL_STRIKE</requirements>
		<description>
			<p>If you use Reckless Attack, you can forgo any Advantage on one Strength-based attack roll of your choice on your turn. The chosen attack roll mustn’t have Disadvantage. If the chosen attack roll hits, the target takes an extra 1d10 damage of the same type dealt by the weapon or Unarmed Strike, and you can cause one Brutal Strike effect of your choice. You have the following effect options.</p>
			<p class="indent"><em><strong>Forceful Blow.</strong></em> The target is pushed 15 feet straight away from you. You can then move up to half your Speed straight toward the target without provoking Opportunity Attacks.</p>
			<p class="indent"><em><strong>Hamstring Blow.</strong></em> The target’s Speed is reduced by 15 feet until the start of your next turn. A target can be affected by only one Hamstring Blow at a time—the most recent one.</p>
		</description>
		<sheet alt="Brutal Strike">
			<description>When attacking Recklessly, you can forgo any Advantage on one attack roll of your choice on your turn. If the attack hits, the target takes an extra 1d10 damage, and you can cause one Brutal Strike effect from the list below: &#13;
			• Forceful Blow. Target is pushed 15ft away from you. You can then move up to half your Speed towards the target without provoking Opportunity Attacks. &#13;
			• Hamstring Blow. Target’s Speed is reduced by 15ft until the start of your next turn.</description>
			<description level="13">When attacking Recklessly, you can forgo any Advantage on one attack roll of your choice on your turn. If the attack hits, the target takes an extra 1d10 damage, and you can cause one Brutal Strike effect from the list below: &#13;
			• Forceful Blow. Target is pushed 15ft away from you. You can then move up to half your Speed towards the target without provoking Opportunity Attacks. &#13;
			• Hamstring Blow. Target’s Speed is reduced by 15ft until the start of your next turn. &#13;
			• Staggering Blow. Target has Disadvantage on the next saving throw it makes, and it can’t make Opportunity Attacks until the start of your next turn. &#13;
			• Sundering Blow. Before the start of your next turn, the next attack roll made by another creature against the target gains a +5 bonus to the roll.</description>
			<description level="17">When attacking Recklessly, you can forgo any Advantage on one attack roll of your choice on your turn. If the attack hits, the target takes an extra 2d10 damage, and you can cause up to two Brutal Strike effects from the list below: &#13;
			• Forceful Blow. Target is pushed 15ft away from you. You can then move up to half your Speed towards the target without provoking Opportunity Attacks. &#13;
			• Hamstring Blow. Target’s Speed is reduced by 15ft until the start of your next turn. &#13;
			• Staggering Blow. Target has Disadvantage on the next saving throw it makes, and it can’t make Opportunity Attacks until the start of your next turn. &#13;
			• Sundering Blow. Before the start of your next turn, the next attack roll made by another creature against the target gains a +5 bonus to the roll.</description>
			</sheet>
	</element>

	<element name="Level 11: Relentless Rage" type="Class Feature" source="Player’s Handbook 2024" id="ID_WOTC_PHB24_CLASS_FEATURE_BARBARIAN_RELENTLESS_RAGE">
		<requirements>!ID_INTERNAL_FEATURE_REPLACEMENT_BARBARIAN_24_RELENTLESS_RAGE</requirements>
		<description>
			<p>Your Rage can keep you fighting despite grievous wounds. If you drop to 0 Hit Points while your Rage is active and don’t die outright, you can make a DC 10 Constitution saving throw. If you succeed, your Hit Points instead change to a number equal to twice your Barbarian level.</p>
			<p class="indent">Each time you use this feature after the first, the DC increases by 5. When you finish a Short or Long Rest, the DC resets to 10.</p>
		</description>
		<sheet alt="Relentless Rage">
			<description>If you drop to 0 Hit Points while your Rage is active and don’t die outright, you can make a DC 10 Constitution saving throw. If you succeed, your Hit Points become {{hp:relentless rage}}. Each time you use this feature after the first, the DC increases by 5. When you finish a Short or Long Rest, the DC resets to 10.</description>
		</sheet>
		<rules>
			<stat name="hp:relentless rage" value="level:barbarian" />
			<stat name="hp:relentless rage" value="level:barbarian" />
		</rules>
	</element>

	<element name="Level 13: Improved Brutal Strike" type="Class Feature" source="Player’s Handbook 2024" id="ID_WOTC_PHB24_CLASS_FEATURE_BARBARIAN_IMPROVED_BRUTAL_STRIKE_OPTIONS">
		<requirements>!ID_INTERNAL_FEATURE_REPLACEMENT_BARBARIAN_24_IMPROVED_BRUTAL_STRIKE_OPTIONS</requirements>
		<description>
			<p>You have honed new ways to attack furiously. The following effects are now among your Brutal Strike options.</p>
			<p class="indent"><em><strong>Staggering Blow.</strong></em> The target has Disadvantage on the next saving throw it makes, and it can’t make Opportunity Attacks until the start of your next turn.</p>
			<p class="indent"><em><strong>Sundering Blow.</strong></em> Before the start of your next turn, the next attack roll made by another creature against the target gains a +5 bonus to the roll. An attack roll can gain only one Sundering Blow bonus.</p>
		</description>
		<sheet display="false" />
	</element>

	<element name="Level 15: Persistent Rage" type="Class Feature" source="Player’s Handbook 2024" id="ID_WOTC_PHB24_CLASS_FEATURE_BARBARIAN_PERSISTENT_RAGE">
		<requirements>!ID_INTERNAL_FEATURE_REPLACEMENT_BARBARIAN_24_PERSISTANT_RAGE</requirements>
		<description>
			<p>When you roll Initiative, you can regain all expended uses of Rage. After you regain uses of Rage in this way, you can’t do so again until you finish a Long Rest.</p>
			<p class="indent">In addition, your Rage is so fierce that it now lasts for 10 minutes without you needing to do anything to extend it from round to round. Your Rage ends early if you have the Unconscious condition (not just the Incapacitated condition) or don Heavy armor.</p>
		</description>
		<sheet alt="Persistent Rage" usage="1/Long Rest">
			<description>When you roll Initiative, you can regain all expended uses of Rage. 
			In addition, your Rage is so fierce that it now lasts for 10 minutes without you needing to do anything to extend it from round to round. Your Rage ends early if you have the Unconscious condition or don Heavy armor.</description>
		</sheet>
	</element>

	<element name="Level 17: Improved Brutal Strike" type="Class Feature" source="Player’s Handbook 2024" id="ID_WOTC_PHB24_CLASS_FEATURE_BARBARIAN_IMPROVED_BRUTAL_STRIKE_COUNT">
		<requirements>!ID_INTERNAL_FEATURE_REPLACEMENT_BARBARIAN_24_IMPROVED_BRUTAL_STRIKE_COUNT</requirements>
		<description>
			<p>The extra damage of your Brutal Strike increases to 2d10. In addition, you can use two different Brutal Strike effects whenever you use your Brutal Strike feature.</p>
		</description>
		<sheet display="false" />
	</element>

	<element name="Level 18: Indomitable Might" type="Class Feature" source="Player’s Handbook 2024" id="ID_WOTC_PHB24_CLASS_FEATURE_BARBARIAN_INDOMITABLE_MIGHT">
		<requirements>!ID_INTERNAL_FEATURE_REPLACEMENT_BARBARIAN_24_INDOMITABLE_MIGHT</requirements>
		<description>
			<p>If your total for a Strength check or Strength saving throw is less than your Strength score, you can use that score in place of the total.</p>
		</description>
		<sheet alt="Indomitable Might">
			<description>If your total for a Strength check or Strength saving throw is less than {{strength:score}}, you can use {{strength:score}} place of the total.</description>
		</sheet>
	</element>

	<element name="Level 19: Epic Boon" type="Class Feature" source="Player’s Handbook 2024" id="ID_WOTC_PHB24_CLASS_FEATURE_BARBARIAN_EPIC_BOON">
		<requirements>!ID_INTERNAL_FEATURE_REPLACEMENT_BARBARIAN_24_EPIC_BOON</requirements>
		<description>
			<p>You gain an Epic Boon feat or another feat of your choice for which you qualify. Boon of Irresistible Offense is recommended.</p>
		</description>
		<sheet display="false">
		</sheet>
		<rules>
			<select type="Feat" name="Epic Boon (Barbarian 19)" level="19" />
		</rules>
	</element>

	<element name="Level 20: Primal Champion" type="Class Feature" source="Player’s Handbook 2024" id="ID_WOTC_PHB24_CLASS_FEATURE_BARBARIAN_PRIMAL_CHAMPION">
		<requirements>!ID_INTERNAL_FEATURE_REPLACEMENT_BARBARIAN_24_PRIMAL_CHAMPION</requirements>
		<description>
			<p>You embody primal power. Your Strength and Constitution scores increase by 4, to a maximum of 25.</p>
		</description>
		<sheet display="false">
			<description>You embody primal power. Your Strength and Constitution scores increase by 4, to a maximum of 25.</description>
		</sheet>
		<rules>
			<stat name="strength" value="4" />
			<stat name="constitution" value="4" />
			<stat name="strength:max" value="4" bonus="ability" />
			<stat name="constitution:max" value="4" bonus="ability" />
		</rules>
	</element>

	<!--Feature Replacement Grants-->
	<element name="Rage Feature Replacement" type="Grants" source="Internal" id="ID_INTERNAL_FEATURE_REPLACEMENT_BARBARIAN_24_RAGE" />
	<element name="Unarmored Defense Feature Replacement" type="Grants" source="Internal" id="ID_INTERNAL_FEATURE_REPLACEMENT_BARBARIAN_24_UNARMORED_DEFENSE" />
	<element name="Weapon Mastery Feature Replacement" type="Grants" source="Internal" id="ID_INTERNAL_FEATURE_REPLACEMENT_BARBARIAN_24_WEAPON_MASTERY" />
	<element name="Danger Sense Feature Replacement" type="Grants" source="Internal" id="ID_INTERNAL_FEATURE_REPLACEMENT_BARBARIAN_24_DANGER_SENSE" />
	<element name="Reckless Attack Feature Replacement" type="Grants" source="Internal" id="ID_INTERNAL_FEATURE_REPLACEMENT_BARBARIAN_24_RECKLESS_ATTACK" />
	<element name="Barbarian Subclass Feature Replacement" type="Grants" source="Internal" id="ID_INTERNAL_FEATURE_REPLACEMENT_BARBARIAN_24_PRIMAL_PATH" />
	<element name="Primal Knowledge Feature Replacement" type="Grants" source="Internal" id="ID_INTERNAL_FEATURE_REPLACEMENT_BARBARIAN_24_PRIMAL_KNOWLEDGE" />
	<element name="Ability Score Improvement Feature Replacement" type="Grants" source="Internal" id="ID_INTERNAL_FEATURE_REPLACEMENT_BARBARIAN_24_ABILITY_SCORE_IMPROVEMENT" />
	<element name="Extra Attack Feature Replacement" type="Grants" source="Internal" id="ID_INTERNAL_FEATURE_REPLACEMENT_BARBARIAN_24_EXTRA_ATTACK" />
	<element name="Fast Movement Feature Replacement" type="Grants" source="Internal" id="ID_INTERNAL_FEATURE_REPLACEMENT_BARBARIAN_24_FAST_MOVEMENT" />
	<element name="Feral Instinct Feature Replacement" type="Grants" source="Internal" id="ID_INTERNAL_FEATURE_REPLACEMENT_BARBARIAN_24_FERAL_INSTINCT" />
	<element name="Instinctive Pounce Feature Replacement" type="Grants" source="Internal" id="ID_INTERNAL_FEATURE_REPLACEMENT_BARBARIAN_24_INSTINCTIVE_POUNCE" />
	<element name="Brutal Strike Feature Replacement" type="Grants" source="Internal" id="ID_INTERNAL_FEATURE_REPLACEMENT_BARBARIAN_24_BRUTAL_STRIKE" />
	<element name="Relentless Rage Feature Replacement" type="Grants" source="Internal" id="ID_INTERNAL_FEATURE_REPLACEMENT_BARBARIAN_24_RELENTLESS_RAGE" />
	<element name="Improved Brutal Strike (Options) Feature Replacement" type="Grants" source="Internal" id="ID_INTERNAL_FEATURE_REPLACEMENT_BARBARIAN_24_IMPROVED_BRUTAL_STRIKE_OPTIONS" />
	<element name="Persistent Rage Feature Replacement" type="Grants" source="Internal" id="ID_INTERNAL_FEATURE_REPLACEMENT_BARBARIAN_24_PERSISTANT_RAGE" />
	<element name="Improved Brutal Strike (Count) Feature Replacement" type="Grants" source="Internal" id="ID_INTERNAL_FEATURE_REPLACEMENT_BARBARIAN_24_IMPROVED_BRUTAL_STRIKE_COUNT" />
	<element name="Indomitable Might Feature Replacement" type="Grants" source="Internal" id="ID_INTERNAL_FEATURE_REPLACEMENT_BARBARIAN_24_INDOMITABLE_MIGHT" />
	<element name="Epic Boon Feature Replacement" type="Grants" source="Internal" id="ID_INTERNAL_FEATURE_REPLACEMENT_BARBARIAN_24_EPIC_BOON" />
	<element name="Primal Champion Feature Replacement" type="Grants" source="Internal" id="ID_INTERNAL_FEATURE_REPLACEMENT_BARBARIAN_24_PRIMAL_CHAMPION" />

</elements>
