<?xml version="1.0" encoding="utf-8" ?>
<elements>
	<info>
		<name>Eldritch Invocations</name>
		<description>Eldritch Invocations for the Warlock Class from the Player’s Handbook 2024.</description>

		<author url="https://dndstore.wizards.com/us/en/product/1001494/2024-player-s-handbook-digital-plus-physical-bundle">Wizards of the Coast</author>
		<update version="0.0.5">
			<file name="eldritch-invocations.xml" url="https://raw.githubusercontent.com/Netrinil/Aurora/master/core/players-handbook-2024/classes/eldritch-invocations.xml" />
		</update>
	</info>

	<!-- Eldritch Invocations -->
	<element name="Agonizing Blast" type="Class Feature" source="Player’s Handbook 2024" id="ID_WOTC_PHB24_CLASS_FEATURE_ELDRITCH_INVOCATION_AGONIZING_BLAST">
		<supports>Eldritch Invocation</supports>
		<prerequisite>Level 2+ Warlock, a Warlock Cantrip That Deals Damage</prerequisite>
		<requirements>[level:warlock:2]</requirements>
		<description>
			<p><em>Prerequisite: Level 2+ Warlock, a Warlock Cantrip That Deals Damage</em></p>
			<p>Choose one of your known Warlock cantrips that deals damage. You can add your Charisma modifier to that spell’s damage rolls.</p>
			<p class="indent"><em><strong>Repeatable.</strong></em> You can gain this invocation more than once. Each time you do so, choose a different eligible cantrip.</p>
		</description>
		<sheet>
			<description>You can add your Charisma modifier to your chosen spell’s damage rolls.</description>
		</sheet>
		<rules>
			<stat name="agonizing blast:damage" value="charisma:modifier" bonus="base" />
			<select type="Class Feature" name="Agonizing Blast Cantrip" supports="Agonizing Blast Cantrip" number="1" />
		</rules>
	</element>
	<element name="Agonizing Blast" type="Class Feature" source="Player’s Handbook 2024" id="ID_WOTC_PHB24_CLASS_FEATURE_ELDRITCH_INVOCATION_AGONIZING_BLAST_2">
		<compendium display="false" />
		<supports>Eldritch Invocation</supports>
		<prerequisite>Level 2+ Warlock, a Warlock Cantrip That Deals Damage</prerequisite>
		<requirements>[level:warlock:2],ID_WOTC_PHB24_CLASS_FEATURE_ELDRITCH_INVOCATION_AGONIZING_BLAST</requirements>
		<description>
			<p><em>Prerequisite: Level 2+ Warlock, a Warlock Cantrip That Deals Damage</em></p>
			<p>Choose one of your known Warlock cantrips that deals damage. You can add your Charisma modifier to that spell’s damage rolls.</p>
			<p class="indent"><em><strong>Repeatable.</strong></em> You can gain this invocation more than once. Each time you do so, choose a different eligible cantrip.</p>
		</description>
		<sheet alt="Agonizing Blast (2nd cantrip)">
			<description>You can add your Charisma modifier to your chosen spell’s damage rolls.</description>
		</sheet>
		<rules>
			<stat name="agonizing blast:damage" value="charisma:modifier" bonus="base" />
			<select type="Class Feature" name="Agonizing Blast Cantrip" supports="Agonizing Blast Cantrip" number="1" />
		</rules>
	</element>
	<element name="Agonizing Blast" type="Class Feature" source="Player’s Handbook 2024" id="ID_WOTC_PHB24_CLASS_FEATURE_ELDRITCH_INVOCATION_AGONIZING_BLAST_3">
		<compendium display="false" />
		<supports>Eldritch Invocation</supports>
		<prerequisite>Level 2+ Warlock, a Warlock Cantrip That Deals Damage</prerequisite>
		<requirements>[level:warlock:2],ID_WOTC_PHB24_CLASS_FEATURE_ELDRITCH_INVOCATION_AGONIZING_BLAST_2</requirements>
		<description>
			<p><em>Prerequisite: Level 2+ Warlock, a Warlock Cantrip That Deals Damage</em></p>
			<p>Choose one of your known Warlock cantrips that deals damage. You can add your Charisma modifier to that spell’s damage rolls.</p>
			<p class="indent"><em><strong>Repeatable.</strong></em> You can gain this invocation more than once. Each time you do so, choose a different eligible cantrip.</p>
		</description>
		<sheet alt="Agonizing Blast (3rd cantrip)">
			<description>You can add your Charisma modifier to your chosen spell’s damage rolls.</description>
		</sheet>
		<rules>
			<stat name="agonizing blast:damage" value="charisma:modifier" bonus="base" />
			<select type="Class Feature" name="Agonizing Blast Cantrip" supports="Agonizing Blast Cantrip" number="1" />
		</rules>
	</element>
	<element name="Agonizing Blast" type="Class Feature" source="Player’s Handbook 2024" id="ID_WOTC_PHB24_CLASS_FEATURE_ELDRITCH_INVOCATION_AGONIZING_BLAST_4">
		<compendium display="false" />
		<supports>Eldritch Invocation</supports>
		<prerequisite>Level 2+ Warlock, a Warlock Cantrip That Deals Damage</prerequisite>
		<requirements>[level:warlock:2],ID_WOTC_PHB24_CLASS_FEATURE_ELDRITCH_INVOCATION_AGONIZING_BLAST_3</requirements>
		<description>
			<p><em>Prerequisite: Level 2+ Warlock, a Warlock Cantrip That Deals Damage</em></p>
			<p>Choose one of your known Warlock cantrips that deals damage. You can add your Charisma modifier to that spell’s damage rolls.</p>
			<p class="indent"><em><strong>Repeatable.</strong></em> You can gain this invocation more than once. Each time you do so, choose a different eligible cantrip.</p>
		</description>
		<sheet alt="Agonizing Blast (4th cantrip)">
			<description>You can add your Charisma modifier to your chosen spell’s damage rolls.</description>
		</sheet>
		<rules>
			<stat name="agonizing blast:damage" value="charisma:modifier" bonus="base" />
			<select type="Class Feature" name="Agonizing Blast Cantrip" supports="Agonizing Blast Cantrip" number="1" />
		</rules>
	</element>
	<element name="Agonizing Blast" type="Class Feature" source="Player’s Handbook 2024" id="ID_WOTC_PHB24_CLASS_FEATURE_ELDRITCH_INVOCATION_AGONIZING_BLAST_5">
		<compendium display="false" />
		<supports>Eldritch Invocation</supports>
		<prerequisite>Level 2+ Warlock, a Warlock Cantrip That Deals Damage</prerequisite>
		<requirements>[level:warlock:2],ID_WOTC_PHB24_CLASS_FEATURE_ELDRITCH_INVOCATION_AGONIZING_BLAST_4</requirements>
		<description>
			<p><em>Prerequisite: Level 2+ Warlock, a Warlock Cantrip That Deals Damage</em></p>
			<p>Choose one of your known Warlock cantrips that deals damage. You can add your Charisma modifier to that spell’s damage rolls.</p>
			<p class="indent"><em><strong>Repeatable.</strong></em> You can gain this invocation more than once. Each time you do so, choose a different eligible cantrip.</p>
		</description>
		<sheet alt="Agonizing Blast (5th cantrip)">
			<description>You can add your Charisma modifier to your chosen spell’s damage rolls.</description>
		</sheet>
		<rules>
			<stat name="agonizing blast:damage" value="charisma:modifier" bonus="base" />
			<select type="Class Feature" name="Agonizing Blast Cantrip" supports="Agonizing Blast Cantrip" number="1" />
		</rules>
	</element>

	<element name="Armor of Shadows" type="Class Feature" source="Player’s Handbook 2024" id="ID_WOTC_PHB24_CLASS_FEATURE_ELDRITCH_INVOCATION_ARMOR_OF_SHADOWS">
		<supports>Eldritch Invocation</supports>
		<description>
			<p>You can cast <i>Mage Armor</i> on yourself without expending a spell slot.</p>
			<div class="reference">
				<!--<div element="ID_PHB_SPELL_MAGE_ARMOR" />-->
				<div element="ID_WOTC_PHB24_SPELL_MAGE_ARMOR" />
			</div>
		</description>
		<sheet>
			<description>You can cast Mage Armor on yourself without expending a spell slot.</description>
		</sheet>
		<rules>
			<!--<grant type="Spell" id="ID_PHB_SPELL_MAGE_ARMOR" spellcasting="Warlock Invocations"/>-->
			<grant type="Spell" id="ID_WOTC_PHB24_SPELL_MAGE_ARMOR" spellcasting="Warlock Invocations"/>
		</rules>
	</element>
	<element name="Ascendant Step" type="Class Feature" source="Player’s Handbook 2024" id="ID_WOTC_PHB24_CLASS_FEATURE_ELDRITCH_INVOCATION_ASCENDANT_STEP">
		<supports>Eldritch Invocation</supports>
		<prerequisite>Level 5+ Warlock</prerequisite>
		<requirements>[level:warlock:5]</requirements>
		<description>
			<p><em>Prerequisite: Level 5+ Warlock</em></p>
			<p>You can cast <i>Levitate</i> on yourself without expending a spell slot.</p>
			<div class="reference">
				<!--<div element="ID_PHB_SPELL_LEVITATE" />-->
				<div element="ID_WOTC_PHB24_SPELL_LEVITATE" />
			</div>
		</description>
		<sheet>
			<description>You can cast Levitate on yourself without expending a spell slot.</description>
		</sheet>
		<rules>
			<!--<grant type="Spell" id="ID_PHB_SPELL_LEVITATE" spellcasting="Warlock Invocations"/>-->
			<grant type="Spell" id="ID_WOTC_PHB24_SPELL_LEVITATE" spellcasting="Warlock Invocations"/>
		</rules>
	</element>
	<element name="Devil’s Sight" type="Class Feature" source="Player’s Handbook 2024" id="ID_WOTC_PHB24_CLASS_FEATURE_ELDRITCH_INVOCATION_DEVILS_SIGHT">
		<supports>Eldritch Invocation</supports>
		<prerequisite>Level 2+ Warlock</prerequisite>
		<requirements>[level:warlock:2]</requirements>
		<description>
			<p><em>Prerequisite: Level 2+ Warlock</em></p>
			<p>You can see normally in Dim Light and Darkness—both magical and nonmagical—within 120 feet of yourself.</p>
		</description>
		<sheet>
			<description>You can see normally in Dim Light and Darkness—both magical and nonmagical—within 120 feet of yourself.</description>
		</sheet>
	</element>
	<element name="Devouring Blade" type="Class Feature" source="Player’s Handbook 2024" id="ID_WOTC_PHB24_CLASS_FEATURE_ELDRITCH_INVOCATION_DEVOURING_BLADE">
		<supports>Eldritch Invocation, Pact of the Blade</supports>
		<prerequisite>Level 12+ Warlock, Thirsting Blade</prerequisite>
		<requirements>[level:warlock:12],ID_WOTC_PHB24_CLASS_FEATURE_ELDRITCH_INVOCATION_THIRSTING_BLADE</requirements>
		<description>
			<p><em>Prerequisite: Level 12+ Warlock, Thirsting Blade</em></p>
			<p>The Extra Attack of your Thirsting Blade invocation confers two extra attacks rather than one.</p>
		</description>
		<sheet usage="1/Long Rest">
			<description>You can attack three times with your pact weapon when you take the Attack action.</description>
		</sheet>
		<rules>
			<stat name="extra attack:count" value="3" bonus="extra attack" />
		</rules>
	</element>
	<element name="Eldritch Mind" type="Class Feature" source="Player’s Handbook 2024" id="ID_WOTC_PHB24_CLASS_FEATURE_ELDRITCH_INVOCATION_ELDRITCH_MIND">
		<supports>Eldritch Invocation</supports>
		<description>
			<p>You have Advantage on Constitution saving throws that you make to maintain Concentration.</p>
		</description>
		<sheet>
			<description>You have Advantage on Constitution saving throws that you make to maintain Concentration.</description>
		</sheet>
	</element>
	<element name="Eldritch Smite" type="Class Feature" source="Player’s Handbook 2024" id="ID_WOTC_PHB24_CLASS_FEATURE_ELDRITCH_INVOCATION_ELDRITCH_SMITE">
		<supports>Eldritch Invocation, Pact of the Blade</supports>
		<prerequisite>Level 5+ Warlock, Pact of the Blade</prerequisite>
		<requirements>[level:warlock:5],ID_WOTC_PHB24_CLASS_FEATURE_ELDRITCH_INVOCATION_PACT_OF_THE_BLADE</requirements>
		<description>
			<p><em>Prerequisite: Level 5+ Warlock, Pact of the Blade</em></p>
			<p>Once per turn when you hit a creature with your pact weapon, you can expend a Pact Magic spell slot to deal an extra 1d8 Force damage to the target, plus another 1d8 per level of the spell slot, and you can give the target the Prone condition if it is Huge or smaller.</p>
		</description>
		<sheet usage="1/Turn">
			<description>When you hit a creature with your pact weapon, you can expend a Pact Magic spell slot to deal an extra {{eldritch smite:damage}}d8 Force damage and give the target the Prone condition if it is Huge or smaller.</description>
		</sheet>
		<rules>
			<stat name="eldritch smite:damage" value="1" />
			<stat name="eldritch smite:damage" value="warlock:spellcasting:slot" />
		</rules>
	</element>

	<element name="Eldritch Spear" type="Class Feature" source="Player’s Handbook 2024" id="ID_WOTC_PHB24_CLASS_FEATURE_ELDRITCH_INVOCATION_ELDRITCH_SPEAR">
		<supports>Eldritch Invocation</supports>
		<prerequisite>Level 2+ Warlock, a Warlock Cantrip That Deals Damage</prerequisite>
		<requirements>[level:warlock:2]</requirements>
		<description>
			<p><em>Level 2+ Warlock, a Warlock Cantrip That Deals Damage</em></p>
			<p>Choose one of your known Warlock cantrips that deals damage and has a range of 10+ feet. When you cast that spell, its range increases by a number of feet equal to 30 times your Warlock level.</p>
			<p class="indent"><em><strong>Repeatable.</strong></em> You can gain this invocation more than once. Each time you do so, choose a different eligible cantrip.</p>
		</description>
		<sheet>
			<description>Your chosen spell’s range is increased by {{eldritch spear:range}} feet.</description>
		</sheet>
		<rules>
			<stat name="eldritch spear:first multiple" value="level:warlock" />
			<stat name="eldritch spear:first multiple" value="level:warlock" />
			<stat name="eldritch spear:second multiple" value="eldritch spear:first multiple" />
			<stat name="eldritch spear:second multiple" value="eldritch spear:first multiple" />
			<stat name="eldritch spear:third multiple" value="eldritch spear:second multiple" />
			<stat name="eldritch spear:third multiple" value="eldritch spear:second multiple" />
			<stat name="eldritch spear:fourth multiple" value="eldritch spear:third multiple" />
			<stat name="eldritch spear:fourth multiple" value="eldritch spear:third multiple" />
			<stat name="eldritch spear:fifth multiple" value="eldritch spear:fourth multiple" />
			<stat name="eldritch spear:fifth multiple" value="eldritch spear:fourth multiple" />
			<stat name="eldritch spear:range" value="eldritch spear:fifth multiple" />
			<stat name="eldritch spear:range" value="-level:warlock" />
			<stat name="eldritch spear:range" value="-level:warlock" />
			<select type="Class Feature" name="Eldritch Spear Cantrip" supports="Eldritch Spear Cantrip" number="1" />
		</rules>
	</element>
	<element name="Eldritch Spear" type="Class Feature" source="Player’s Handbook 2024" id="ID_WOTC_PHB24_CLASS_FEATURE_ELDRITCH_INVOCATION_ELDRITCH_SPEAR_2">
		<compendium display="false" />
		<supports>Eldritch Invocation</supports>
		<prerequisite>Level 2+ Warlock, a Warlock Cantrip That Deals Damage</prerequisite>
		<requirements>[level:warlock:2],ID_WOTC_PHB24_CLASS_FEATURE_ELDRITCH_INVOCATION_ELDRITCH_SPEAR</requirements>
		<description>
			<p><em>Level 2+ Warlock, a Warlock Cantrip That Deals Damage</em></p>
			<p>Choose one of your known Warlock cantrips that deals damage and has a range of 10+ feet. When you cast that spell, its range increases by a number of feet equal to 30 times your Warlock level.</p>
			<p class="indent"><em><strong>Repeatable.</strong></em> You can gain this invocation more than once. Each time you do so, choose a different eligible cantrip.</p>
		</description>
		<sheet alt="Eldritch Spear (2nd cantrip)">
			<description>Your chosen spell’s range is increased by {{eldritch spear:range}} feet.</description>
		</sheet>
		<rules>
			<select type="Class Feature" name="Eldritch Spear Cantrip" supports="Eldritch Spear Cantrip" number="1" />
		</rules>
	</element>
	<element name="Eldritch Spear" type="Class Feature" source="Player’s Handbook 2024" id="ID_WOTC_PHB24_CLASS_FEATURE_ELDRITCH_INVOCATION_ELDRITCH_SPEAR_3">
		<compendium display="false" />
		<supports>Eldritch Invocation</supports>
		<prerequisite>Level 2+ Warlock, a Warlock Cantrip That Deals Damage</prerequisite>
		<requirements>[level:warlock:2],ID_WOTC_PHB24_CLASS_FEATURE_ELDRITCH_INVOCATION_ELDRITCH_SPEAR_2</requirements>
		<description>
			<p><em>Level 2+ Warlock, a Warlock Cantrip That Deals Damage</em></p>
			<p>Choose one of your known Warlock cantrips that deals damage and has a range of 10+ feet. When you cast that spell, its range increases by a number of feet equal to 30 times your Warlock level.</p>
			<p class="indent"><em><strong>Repeatable.</strong></em> You can gain this invocation more than once. Each time you do so, choose a different eligible cantrip.</p>
		</description>
		<sheet alt="Eldritch Spear (3rd cantrip)">
			<description>Your chosen spell’s range is increased by {{eldritch spear:range}} feet.</description>
		</sheet>
		<rules>
			<select type="Class Feature" name="Eldritch Spear Cantrip" supports="Eldritch Spear Cantrip" number="1" />
		</rules>
	</element>
	<element name="Eldritch Spear" type="Class Feature" source="Player’s Handbook 2024" id="ID_WOTC_PHB24_CLASS_FEATURE_ELDRITCH_INVOCATION_ELDRITCH_SPEAR_4">
		<compendium display="false" />
		<supports>Eldritch Invocation</supports>
		<prerequisite>Level 2+ Warlock, a Warlock Cantrip That Deals Damage</prerequisite>
		<requirements>[level:warlock:2],ID_WOTC_PHB24_CLASS_FEATURE_ELDRITCH_INVOCATION_ELDRITCH_SPEAR_3</requirements>
		<description>
			<p><em>Level 2+ Warlock, a Warlock Cantrip That Deals Damage</em></p>
			<p>Choose one of your known Warlock cantrips that deals damage and has a range of 10+ feet. When you cast that spell, its range increases by a number of feet equal to 30 times your Warlock level.</p>
			<p class="indent"><em><strong>Repeatable.</strong></em> You can gain this invocation more than once. Each time you do so, choose a different eligible cantrip.</p>
		</description>
		<sheet alt="Eldritch Spear (4th cantrip)">
			<description>Your chosen spell’s range is increased by {{eldritch spear:range}} feet.</description>
		</sheet>
		<rules>
			<select type="Class Feature" name="Eldritch Spear Cantrip" supports="Eldritch Spear Cantrip" number="1" />
		</rules>
	</element>
	<element name="Eldritch Spear" type="Class Feature" source="Player’s Handbook 2024" id="ID_WOTC_PHB24_CLASS_FEATURE_ELDRITCH_INVOCATION_ELDRITCH_SPEAR_5">
		<compendium display="false" />
		<supports>Eldritch Invocation</supports>
		<prerequisite>Level 2+ Warlock, a Warlock Cantrip That Deals Damage</prerequisite>
		<requirements>[level:warlock:2],ID_WOTC_PHB24_CLASS_FEATURE_ELDRITCH_INVOCATION_ELDRITCH_SPEAR_4</requirements>
		<description>
			<p><em>Level 2+ Warlock, a Warlock Cantrip That Deals Damage</em></p>
			<p>Choose one of your known Warlock cantrips that deals damage and has a range of 10+ feet. When you cast that spell, its range increases by a number of feet equal to 30 times your Warlock level.</p>
			<p class="indent"><em><strong>Repeatable.</strong></em> You can gain this invocation more than once. Each time you do so, choose a different eligible cantrip.</p>
		</description>
		<sheet alt="Eldritch Spear (5th cantrip)">
			<description>Your chosen spell’s range is increased by {{eldritch spear:range}} feet.</description>
		</sheet>
		<rules>
			<select type="Class Feature" name="Eldritch Spear Cantrip" supports="Eldritch Spear Cantrip" number="1" />
		</rules>
	</element>

	<element name="Fiendish Vigor" type="Class Feature" source="Player’s Handbook 2024" id="ID_WOTC_PHB24_CLASS_FEATURE_ELDRITCH_INVOCATION_FIENDISH_VIGOR">
		<supports>Eldritch Invocation</supports>
		<prerequisite>Level 2+ Warlock</prerequisite>
		<requirements>[level:warlock:2]</requirements>
		<description>
			<p><em>Prerequisite: Level 2+ Warlock</em></p>
			<p>You can cast <i>False Life</i> on yourself without expending a spell slot. When you cast the spell with this feature, you don’t roll the die for the Temporary Hit Points; you automatically get the highest number on the die.</p>
			<div class="reference">
				<!--<div element="ID_PHB_SPELL_FALSE_LIFE" />-->
				<div element="ID_WOTC_PHB24_SPELL_FALSE_LIFE" />
			</div>
		</description>
		<sheet>
			<description>You can cast False Life on yourself without expending a spell slot, and you always gain the maximum amount of Temporary Hit Points possible.</description>
		</sheet>
		<rules>
			<!--<grant type="Spell" id="ID_PHB_SPELL_FALSE_LIFE" spellcasting="Warlock Invocations" />-->
			<grant type="Spell" id="ID_WOTC_PHB24_SPELL_FALSE_LIFE" spellcasting="Warlock Invocations" />
		</rules>
	</element>
	<element name="Gaze of Two Minds" type="Class Feature" source="Player’s Handbook 2024" id="ID_WOTC_PHB24_CLASS_FEATURE_ELDRITCH_INVOCATION_GAZE_OF_TWO_MINDS">
		<supports>Eldritch Invocation</supports>
		<prerequisite>Level 5+ Warlock</prerequisite>
		<requirements>[level:warlock:5]</requirements>
		<description>
			<p><em>Prerequisite: Level 5+ Warlock</em></p>
			<p>You can use a Bonus Action to touch a willing creature and perceive through its senses until the end of your next turn. As long as the creature is on the same plane of existence as you, you can take a Bonus Action on subsequent turns to maintain this connection, extending the duration until the end of your next turn. The connection ends if you don’t maintain it in this way.</p>
			<p class="indent">While perceiving through the other creature’s senses, you benefit from any special senses possessed by that creature, and you can cast spells as if you were in your space or the other creature’s space if the two of you are within 60 feet of each other.</p>
		</description>
		<sheet action="Bonus Action">
			<description>You can touch a willing creature and perceive through its senses until the end of your next turn. As long as the creature is on the same plane of existence as you, you can take a Bonus Action on subsequent turns to maintain this connection, extending the duration until the end of your next turn. The connection ends if you don’t maintain it in this way. &#13;
			While perceiving through the other creature’s senses, you benefit from any special senses possessed by that creature, and you can cast spells as if you were in your space or the other creature’s space if the two of you are within 60 feet of each other.</description>
		</sheet>
	</element>
	<element name="Gift of the Depths" type="Class Feature" source="Player’s Handbook 2024" id="ID_WOTC_PHB24_CLASS_FEATURE_ELDRITCH_INVOCATION_GIFT_OF_THE_DEPTHS">
		<supports>Eldritch Invocation</supports>
		<prerequisite>Level 5+ Warlock</prerequisite>
		<requirements>[level:warlock:5]</requirements>
		<description>
			<p><em>Prerequisite: Level 5+ Warlock</em></p>
			<p>You can breathe underwater, and you gain a Swim Speed equal to your Speed.</p>
			<p class="indent">You can also cast <i>Water Breathing</i> once without expending a spell slot. You regain the ability to cast it in this way again when you finish a Long Rest.</p>
		</description>
		<sheet usage="1/Long Rest">
			<description>You can cast Water Breathing once without expending a spell slot.</description>
		</sheet>
		<rules>
			<!--<grant type="Spell" id="ID_PHB_SPELL_WATER_BREATHING" spellcasting="Warlock Invocations" />-->
			<grant type="Spell" id="ID_WOTC_PHB24_SPELL_WATER_BREATHING" spellcasting="Warlock Invocations" />
		</rules>
	</element>
	<element name="Gift of the Protectors" type="Class Feature" source="Player’s Handbook 2024" id="ID_WOTC_PHB24_CLASS_FEATURE_ELDRITCH_INVOCATION_GIFT_OF_THE_PROTECTORS">
		<supports>Eldritch Invocation, Pact of the Tome</supports>
		<prerequisite>Level 9+ Warlock, Pact of the Tome</prerequisite>
		<requirements>[level:warlock:9],ID_WOTC_PHB24_CLASS_FEATURE_ELDRITCH_INVOCATION_PACT_OF_THE_TOME</requirements>
		<description>
			<p><em>Prerequisite: Level 9+ Warlock, Pact of the Tome</em></p>
			<p>A new page appears in your Book of Shadows when you conjure it. With your permission, a creature can take an action to write its name on that page, which can contain a number of names equal to your Charisma modifier (minimum of one name).</p>
			<p class="indent">When any creature whose name is on the page is reduced to 0 Hit Points but not killed outright, the creature magically drops to 1 Hit Point instead. Once this magic is triggered, no creature can benefit from it until you finish a Long Rest.</p>
			<p class="indent">As a Magic action, you can erase a name on the page by touching it.</p>
		</description>
		<sheet usage="1/Long Rest">
			<description>With your permission, up to {{gift of the protectors:count}} creatures can use its action to scribe their name into your Book of Shadows. When any of these creatures is reduced to 0 Hit Points but not killed outright, the creature instead drops to 1 Hit Point.</description>
		</sheet>
		<rules>
			<stat name="gift of the protectors:count" value="1" bonus="base" />
			<stat name="gift of the protectors:count" value="charisma:modifier" bonus="base" />
		</rules>
	</element>
	<element name="Investment of the Chain Master" type="Class Feature" source="Player’s Handbook 2024" id="ID_WOTC_PHB24_CLASS_FEATURE_ELDRITCH_INVOCATION_INVESTMENT_OF_THE_CHAIN_MASTER">
		<supports>Eldritch Invocation, Pact of the Chain</supports>
		<prerequisite>Level 5+ Warlock, Pact of the Chain</prerequisite>
		<requirements>[level:warlock:5],ID_WOTC_PHB24_CLASS_FEATURE_ELDRITCH_INVOCATION_PACT_OF_THE_CHAIN</requirements>
		<description>
			<p><em>Prerequisite: Level 5+ Warlock, Pact of the Chain</em></p>
			<p>When you cast <i>Find Familiar</i>, you infuse the summoned familiar with a measure of your eldritch power, granting the creature the following benefits.</p>
			<p class="indent"><em><strong>Aerial or Aquatic.</strong></em> The familiar gains either a Fly Speed or a Swim Speed (your choice) of 40 feet.</p>
			<p class="indent"><em><strong>Quick Attack.</strong></em> As a Bonus Action, you can command the familiar to take the Attack action.</p>
			<p class="indent"><em><strong>Necrotic or Radiant Damage.</strong></em> Whenever the familiar deals Bludgeoning, Piercing, or Slashing damage, you can make it deal Necrotic or Radiant damage instead.</p>
			<p class="indent"><em><strong>Your Save DC.</strong></em> If the familiar forces a creature to make a saving throw, it uses your spell save DC.</p>
			<p class="indent"><em><strong>Resistance.</strong></em> When the familiar takes damage, you can take a Reaction to grant it Resistance against that damage.</p>
		</description>
		<sheet>
			<description>Your familiar gains the following benefits: &#13;
			• It gains a Fly or Swim Speed of 40 feet. &#13;
			• As a Bonus Action, you can command your familiar to take the Attack action. &#13;
			• Your familiar can deal Necrotic or Radiant damage instead of its normal damage type. &#13;
			• If your familiar forces a creature to make a saving throw, the DC is {{warlock:spellcasting:dc}}. &#13;
			• When your familiar takes damage, you can take a Reaction to grant it Resistance against the damage.</description>
		</sheet>
	</element>

	<element name="Lessons of the First Ones" type="Class Feature" source="Player’s Handbook 2024" id="ID_WOTC_PHB24_CLASS_FEATURE_ELDRITCH_INVOCATION_LESSONS_OF_THE_FIRST_ONES">
		<supports>Eldritch Invocation</supports>
		<prerequisite>Level 2+ Warlock</prerequisite>
		<requirements>[level:warlock:2]</requirements>
		<description>
			<p><em>Prerequisite: Level 2+ Warlock</em></p>
			<p>You have received knowledge from an elder entity of the multiverse, allowing you to gain one Origin feat of your choice.</p>
			<p class="indent"><em><strong>Repeatable.</strong></em> You can gain this invocation more than once. Each time you do so, choose a different Origin feat.</p>
		</description>
		<sheet>
			<description>You gain one Origin feat of your choice.</description>
		</sheet>
		<rules>
			<select type="Feat" name="Origin Feat (Lessons of the First Ones)" supports="Origin" number="1" />
		</rules>
	</element>
	<element name="Lessons of the First Ones" type="Class Feature" source="Player’s Handbook 2024" id="ID_WOTC_PHB24_CLASS_FEATURE_ELDRITCH_INVOCATION_LESSONS_OF_THE_FIRST_ONES_2">
		<compendium display="false" />
		<supports>Eldritch Invocation</supports>
		<prerequisite>Level 2+ Warlock</prerequisite>
		<requirements>[level:warlock:2],ID_WOTC_PHB24_CLASS_FEATURE_ELDRITCH_INVOCATION_LESSONS_OF_THE_FIRST_ONES</requirements>
		<description>
			<p><em>Prerequisite: Level 2+ Warlock</em></p>
			<p>You have received knowledge from an elder entity of the multiverse, allowing you to gain one Origin feat of your choice.</p>
			<p class="indent"><em><strong>Repeatable.</strong></em> You can gain this invocation more than once. Each time you do so, choose a different Origin feat.</p>
		</description>
		<sheet>
			<description>You gain one Origin feat of your choice.</description>
		</sheet>
		<rules>
			<select type="Feat" name="Origin Feat (Lessons of the First Ones)" supports="Origin" number="1" />
		</rules>
	</element>
	<element name="Lessons of the First Ones" type="Class Feature" source="Player’s Handbook 2024" id="ID_WOTC_PHB24_CLASS_FEATURE_ELDRITCH_INVOCATION_LESSONS_OF_THE_FIRST_ONES_3">
		<compendium display="false" />
		<supports>Eldritch Invocation</supports>
		<prerequisite>Level 2+ Warlock</prerequisite>
		<requirements>[level:warlock:2],ID_WOTC_PHB24_CLASS_FEATURE_ELDRITCH_INVOCATION_LESSONS_OF_THE_FIRST_ONES_2</requirements>
		<description>
			<p><em>Prerequisite: Level 2+ Warlock</em></p>
			<p>You have received knowledge from an elder entity of the multiverse, allowing you to gain one Origin feat of your choice.</p>
			<p class="indent"><em><strong>Repeatable.</strong></em> You can gain this invocation more than once. Each time you do so, choose a different Origin feat.</p>
		</description>
		<sheet>
			<description>You gain one Origin feat of your choice.</description>
		</sheet>
		<rules>
			<select type="Feat" name="Origin Feat (Lessons of the First Ones)" supports="Origin" number="1" />
		</rules>
	</element>
	<element name="Lessons of the First Ones" type="Class Feature" source="Player’s Handbook 2024" id="ID_WOTC_PHB24_CLASS_FEATURE_ELDRITCH_INVOCATION_LESSONS_OF_THE_FIRST_ONES_4">
		<compendium display="false" />
		<supports>Eldritch Invocation</supports>
		<prerequisite>Level 2+ Warlock</prerequisite>
		<requirements>[level:warlock:2],ID_WOTC_PHB24_CLASS_FEATURE_ELDRITCH_INVOCATION_LESSONS_OF_THE_FIRST_ONES_3</requirements>
		<description>
			<p><em>Prerequisite: Level 2+ Warlock</em></p>
			<p>You have received knowledge from an elder entity of the multiverse, allowing you to gain one Origin feat of your choice.</p>
			<p class="indent"><em><strong>Repeatable.</strong></em> You can gain this invocation more than once. Each time you do so, choose a different Origin feat.</p>
		</description>
		<sheet>
			<description>You gain one Origin feat of your choice.</description>
		</sheet>
		<rules>
			<select type="Feat" name="Origin Feat (Lessons of the First Ones)" supports="Origin" number="1" />
		</rules>
	</element>
	<element name="Lessons of the First Ones" type="Class Feature" source="Player’s Handbook 2024" id="ID_WOTC_PHB24_CLASS_FEATURE_ELDRITCH_INVOCATION_LESSONS_OF_THE_FIRST_ONES_5">
		<compendium display="false" />
		<supports>Eldritch Invocation</supports>
		<prerequisite>Level 2+ Warlock</prerequisite>
		<requirements>[level:warlock:2],ID_WOTC_PHB24_CLASS_FEATURE_ELDRITCH_INVOCATION_LESSONS_OF_THE_FIRST_ONES_4</requirements>
		<description>
			<p><em>Prerequisite: Level 2+ Warlock</em></p>
			<p>You have received knowledge from an elder entity of the multiverse, allowing you to gain one Origin feat of your choice.</p>
			<p class="indent"><em><strong>Repeatable.</strong></em> You can gain this invocation more than once. Each time you do so, choose a different Origin feat.</p>
		</description>
		<sheet>
			<description>You gain one Origin feat of your choice.</description>
		</sheet>
		<rules>
			<select type="Feat" name="Origin Feat (Lessons of the First Ones)" supports="Origin" number="1" />
		</rules>
	</element>
	<element name="Lessons of the First Ones" type="Class Feature" source="Player’s Handbook 2024" id="ID_WOTC_PHB24_CLASS_FEATURE_ELDRITCH_INVOCATION_LESSONS_OF_THE_FIRST_ONES_6">
		<compendium display="false" />
		<supports>Eldritch Invocation</supports>
		<prerequisite>Level 2+ Warlock</prerequisite>
		<requirements>[level:warlock:2],ID_WOTC_PHB24_CLASS_FEATURE_ELDRITCH_INVOCATION_LESSONS_OF_THE_FIRST_ONES_5</requirements>
		<description>
			<p><em>Prerequisite: Level 2+ Warlock</em></p>
			<p>You have received knowledge from an elder entity of the multiverse, allowing you to gain one Origin feat of your choice.</p>
			<p class="indent"><em><strong>Repeatable.</strong></em> You can gain this invocation more than once. Each time you do so, choose a different Origin feat.</p>
		</description>
		<sheet>
			<description>You gain one Origin feat of your choice.</description>
		</sheet>
		<rules>
			<select type="Feat" name="Origin Feat (Lessons of the First Ones)" supports="Origin" number="1" />
		</rules>
	</element>
	<element name="Lessons of the First Ones" type="Class Feature" source="Player’s Handbook 2024" id="ID_WOTC_PHB24_CLASS_FEATURE_ELDRITCH_INVOCATION_LESSONS_OF_THE_FIRST_ONES_7">
		<compendium display="false" />
		<supports>Eldritch Invocation</supports>
		<prerequisite>Level 2+ Warlock</prerequisite>
		<requirements>[level:warlock:2],ID_WOTC_PHB24_CLASS_FEATURE_ELDRITCH_INVOCATION_LESSONS_OF_THE_FIRST_ONES_6</requirements>
		<description>
			<p><em>Prerequisite: Level 2+ Warlock</em></p>
			<p>You have received knowledge from an elder entity of the multiverse, allowing you to gain one Origin feat of your choice.</p>
			<p class="indent"><em><strong>Repeatable.</strong></em> You can gain this invocation more than once. Each time you do so, choose a different Origin feat.</p>
		</description>
		<sheet>
			<description>You gain one Origin feat of your choice.</description>
		</sheet>
		<rules>
			<select type="Feat" name="Origin Feat (Lessons of the First Ones)" supports="Origin" number="1" />
		</rules>
	</element>
	<element name="Lessons of the First Ones" type="Class Feature" source="Player’s Handbook 2024" id="ID_WOTC_PHB24_CLASS_FEATURE_ELDRITCH_INVOCATION_LESSONS_OF_THE_FIRST_ONES_8">
		<compendium display="false" />
		<supports>Eldritch Invocation</supports>
		<prerequisite>Level 2+ Warlock</prerequisite>
		<requirements>[level:warlock:2],ID_WOTC_PHB24_CLASS_FEATURE_ELDRITCH_INVOCATION_LESSONS_OF_THE_FIRST_ONES_7</requirements>
		<description>
			<p><em>Prerequisite: Level 2+ Warlock</em></p>
			<p>You have received knowledge from an elder entity of the multiverse, allowing you to gain one Origin feat of your choice.</p>
			<p class="indent"><em><strong>Repeatable.</strong></em> You can gain this invocation more than once. Each time you do so, choose a different Origin feat.</p>
		</description>
		<sheet>
			<description>You gain one Origin feat of your choice.</description>
		</sheet>
		<rules>
			<select type="Feat" name="Origin Feat (Lessons of the First Ones)" supports="Origin" number="1" />
		</rules>
	</element>
	<element name="Lessons of the First Ones" type="Class Feature" source="Player’s Handbook 2024" id="ID_WOTC_PHB24_CLASS_FEATURE_ELDRITCH_INVOCATION_LESSONS_OF_THE_FIRST_ONES_9">
		<compendium display="false" />
		<supports>Eldritch Invocation</supports>
		<prerequisite>Level 2+ Warlock</prerequisite>
		<requirements>[level:warlock:2],ID_WOTC_PHB24_CLASS_FEATURE_ELDRITCH_INVOCATION_LESSONS_OF_THE_FIRST_ONES_8</requirements>
		<description>
			<p><em>Prerequisite: Level 2+ Warlock</em></p>
			<p>You have received knowledge from an elder entity of the multiverse, allowing you to gain one Origin feat of your choice.</p>
			<p class="indent"><em><strong>Repeatable.</strong></em> You can gain this invocation more than once. Each time you do so, choose a different Origin feat.</p>
		</description>
		<sheet>
			<description>You gain one Origin feat of your choice.</description>
		</sheet>
		<rules>
			<select type="Feat" name="Origin Feat (Lessons of the First Ones)" supports="Origin" number="1" />
		</rules>
	</element>
	<element name="Lessons of the First Ones" type="Class Feature" source="Player’s Handbook 2024" id="ID_WOTC_PHB24_CLASS_FEATURE_ELDRITCH_INVOCATION_LESSONS_OF_THE_FIRST_ONES_10">
		<compendium display="false" />
		<supports>Eldritch Invocation</supports>
		<prerequisite>Level 2+ Warlock</prerequisite>
		<requirements>[level:warlock:2],ID_WOTC_PHB24_CLASS_FEATURE_ELDRITCH_INVOCATION_LESSONS_OF_THE_FIRST_ONES_9</requirements>
		<description>
			<p><em>Prerequisite: Level 2+ Warlock</em></p>
			<p>You have received knowledge from an elder entity of the multiverse, allowing you to gain one Origin feat of your choice.</p>
			<p class="indent"><em><strong>Repeatable.</strong></em> You can gain this invocation more than once. Each time you do so, choose a different Origin feat.</p>
		</description>
		<sheet>
			<description>You gain one Origin feat of your choice.</description>
		</sheet>
		<rules>
			<select type="Feat" name="Origin Feat (Lessons of the First Ones)" supports="Origin" number="1" />
		</rules>
	</element>
	
	<element name="Lifedrinker" type="Class Feature" source="Player’s Handbook 2024" id="ID_WOTC_PHB24_CLASS_FEATURE_ELDRITCH_INVOCATION_LIFEDRINKER">
		<supports>Eldritch Invocation, Pact of the Blade</supports>
		<prerequisite>Level 9+ Warlock, Pact of the Blade</prerequisite>
		<requirements>[level:warlock:9],ID_WOTC_PHB24_CLASS_FEATURE_ELDRITCH_INVOCATION_PACT_OF_THE_BLADE</requirements>
		<description>
			<p><em>Prerequisites: Level 9+ Warlock, Pact of the Blade</em></p>
			<p>Once per turn when you hit a creature with your pact weapon, you can deal an extra 1d6 Necrotic, Psychic, or Radiant damage (your choice) to the creature, and you can expend one of your Hit Point Dice to roll it and regain a number of Hit Points equal to the roll plus your Constitution modifier (minimum of 1 Hit Point).</p>
		</description>
		<sheet usage="1/Turn">
			<description>When you hit a creature with your pact weapon, you can deal an extra 1d6 Necrotic, Psychic, or Radiant damage (your choice) to the creature, and you can expend one of your Hit Point Dice to roll it and regain 1{{warlock:hd}}+{{constitution:modifier}} Hit Points.</description>
		</sheet>
	</element>
	<element name="Mask of Many Faces" type="Class Feature" source="Player’s Handbook 2024" id="ID_WOTC_PHB24_CLASS_FEATURE_ELDRITCH_INVOCATION_MASK_OF_MANY_FACES">
		<supports>Eldritch Invocation</supports>
		<prerequisite>Level 2+ Warlock</prerequisite>
		<requirements>[level:warlock:2]</requirements>
		<description>
			<p><em>Prerequisites: Level 2+ Warlock</em></p>
			<p>You can cast <i>Disguise Self</i> without expending a spell slot.</p>
			<div class="reference">
			<!--<div element="ID_PHB_SPELL_DISGUISE_SELF" />-->
				<div element="ID_WOTC_PHB24_SPELL_DISGUISE_SELF" />
			</div>
		</description>
		<sheet>
			<description>You can cast Disguise Self without expending a spell slot.</description>
		</sheet>
		<rules>
			<!--<grant type="Spell" id="ID_PHB_SPELL_DISGUISE_SELF" spellcasting="Warlock Invocations" />-->
			<grant type="Spell" id="ID_WOTC_PHB24_SPELL_DISGUISE_SELF" spellcasting="Warlock Invocations" />
		</rules>
	</element>
	<element name="Master of Myriad Forms" type="Class Feature" source="Player’s Handbook 2024" id="ID_WOTC_PHB24_CLASS_FEATURE_ELDRITCH_INVOCATION_MASTER_OF_MYRIAD_FORMS">
		<supports>Eldritch Invocation</supports>
		<prerequisite>Level 5+ Warlock</prerequisite>
		<requirements>[level:warlock:5]</requirements>
		<description>
			<p><em>Prerequisites: Level 5+ Warlock</em></p>
			<p>You can cast <em>Alter Self</em> without expending a spell slot.</p>
			<div class="reference">
				<!--<div element="ID_PHB_SPELL_ALTER_SELF" />-->
				<div element="ID_WOTC_PHB24_SPELL_ALTER_SELF" />
			</div>
		</description>
		<sheet>
			<description>You can cast Alter Self without expending a spell slot.</description>
		</sheet>
		<rules>
			<!--<grant type="Spell" id="ID_PHB_SPELL_ALTER_SELF" spellcasting="Warlock Invocations" />-->
			<grant type="Spell" id="ID_WOTC_PHB24_SPELL_ALTER_SELF" spellcasting="Warlock Invocations" />
		</rules>
	</element>
	<element name="Misty Visions" type="Class Feature" source="Player’s Handbook 2024" id="ID_WOTC_PHB24_CLASS_FEATURE_ELDRITCH_INVOCATION_MISTY_VISIONS">
		<supports>Eldritch Invocation</supports>
		<prerequisite>Level 2+ Warlock</prerequisite>
		<requirements>[level:warlock:2]</requirements>
		<description>
			<p><em>Prerequisites: Level 2+ Warlock</em></p>
			<p>You can cast <em>Silent Image</em> without expending a spell slot.</p>
			<div class="reference">
				<!--<div element="ID_PHB_SPELL_SILENT_IMAGE" />-->
				<div element="ID_WOTC_PHB24_SPELL_SILENT_IMAGE" />
			</div>
		</description>
		<sheet>
			<description>You can cast Silent Image without expending a spell slot.</description>
		</sheet>
		<rules>
			<!--<grant type="Spell" id="ID_PHB_SPELL_SILENT_IMAGE" spellcasting="Warlock Invocations" />-->
			<grant type="Spell" id="ID_WOTC_PHB24_SPELL_SILENT_IMAGE" spellcasting="Warlock Invocations" />
		</rules>
	</element>
	<element name="One with Shadows" type="Class Feature" source="Player’s Handbook 2024" id="ID_WOTC_PHB24_CLASS_FEATURE_ELDRITCH_INVOCATION_ONE_WITH_SHADOWS">
		<supports>Eldritch Invocation</supports>
		<prerequisite>Level 5+ Warlock</prerequisite>
		<requirements>[level:warlock:5]</requirements>
		<description>
			<p><em>Prerequisites: Level 5+ Warlock</em></p>
			<p>While you’re in an area of Dim Light or Darkness, you can cast <i>Invisibility</i> on yourself without expending a spell slot.</p>
			<div class="reference">
				<!--<div element="ID_PHB_SPELL_INVISIBILITY" />-->
				<div element="ID_WOTC_PHB24_SPELL_INVISIBILITY" />
			</div>
		</description>
		<sheet action="Action">
			<description>While you’re in an area of Dim Light or Darkness, you can cast Invisibility on yourself without expending a spell slot.</description>
		</sheet>
		<rules>
			<!--<grant type="Spell" id="ID_PHB_SPELL_INVISIBILITY" spellcasting="Warlock Invocations" />-->
			<grant type="Spell" id="ID_WOTC_PHB24_SPELL_INVISIBILITY" spellcasting="Warlock Invocations" />
		</rules>
	</element>
	<element name="Otherworldly Leap" type="Class Feature" source="Player’s Handbook 2024" id="ID_WOTC_PHB24_CLASS_FEATURE_ELDRITCH_INVOCATION_OTHERWORLDLY_LEAP">
		<supports>Eldritch Invocation</supports>
		<prerequisite>Level 2+ Warlock</prerequisite>
		<requirements>[level:warlock:2]</requirements>
		<description>
			<p><em>Prerequisites: Level 2+ Warlock</em></p>
			<p>You can cast <em>Jump</em> on yourself without expending a spell slot.</p>
			<div class="reference">
				<!--<div element="ID_PHB_SPELL_JUMP" />-->
				<div element="ID_WOTC_PHB24_SPELL_JUMP" />
			</div>
		</description>
		<sheet>
			<description>You can cast Jump on yourself without expending a spell slot.</description>
		</sheet>
		<rules>
			<!--<grant type="Spell" id="ID_PHB_SPELL_JUMP" spellcasting="Warlock Invocations" />-->
			<grant type="Spell" id="ID_WOTC_PHB24_SPELL_JUMP" spellcasting="Warlock Invocations" />
		</rules>
	</element>

	<element name="Pact of the Blade" type="Class Feature" source="Player’s Handbook 2024" id="ID_WOTC_PHB24_CLASS_FEATURE_ELDRITCH_INVOCATION_PACT_OF_THE_BLADE">
		<supports>Eldritch Invocation, Pact of the Blade</supports>
		<description>
			<p>As a Bonus Action, you can conjure a pact weapon in your hand—a Simple or Martial Melee weapon of your choice with which you bond—or create a bond with a magic weapon you touch; you can’t bond with a magic weapon if someone else is attuned to it or another Warlock is bonded with it. Until the bond ends, you have proficiency with the weapon, and you can use it as a Spellcasting Focus.</p>
			<p class="indent">Whenever you attack with the bonded weapon, you can use your Charisma modifier for the attack and damage rolls instead of using Strength or Dexterity; and you can cause the weapon to deal Necrotic, Psychic, or Radiant damage or its normal damage type.</p>
			<p class="indent">Your bond with the weapon ends if you use this feature’s Bonus Action again, if the weapon is more than 5 feet away from you for 1 minute or more, or if you die. A conjured weapon disappears when the bond ends.</p>
		</description>
		<sheet action="Bonus Action">
			<description>You can conjure a pact weapon in your hand—a Simple or Martial Melee weapon of your choice with which you bond—or create a bond with a magic weapon you touch. Until the bond ends, you have proficiency with the weapon, and you can use it as a Spellcasting Focus. &#13;
			Whenever you attack with the bonded weapon, you can use your Charisma modifier for the attack and damage rolls instead of using Strength or Dexterity; and you can cause the weapon to deal Necrotic, Psychic, or Radiant damage or its normal damage type. &#13;
			Your bond with the weapon ends if you use this feature’s Bonus Action again, if the weapon is more than 5 feet away from you for 1 minute or more, or if you die. A conjured weapon disappears when the bond ends.</description>
		</sheet>
	</element>
	<element name="Pact of the Chain" type="Class Feature" source="Player’s Handbook 2024" id="ID_WOTC_PHB24_CLASS_FEATURE_ELDRITCH_INVOCATION_PACT_OF_THE_CHAIN">
		<supports>Eldritch Invocation, Pact of the Chain</supports>
		<description>
			<p>You learn the <i>Find Familiar</i> spell and can cast it as a Magic action without expending a spell slot.</p>
			<p class="indent">When you cast the spell, you choose one of the normal forms for your familiar or one of the following special forms: <b>Imp</b>, <b>Pseudodragon</b>, <b>Quasit</b>, <b>Skeleton</b>, <b>Slaad Tadpole</b>, <b>Sphinx of Wonder</b>, <b>Sprite</b>, or <b>Venomous Snake</b> (see appendix B for the familiar’s stat block).</p>
			<p class="indent">Additionally, when you take the Attack action, you can forgo one of your own attacks to allow your familiar to make one attack of its own with its Reaction.</p>
			<div class="reference">
				<!--<div element="ID_PHB_SPELL_FIND_FAMILIAR" />-->
				<div element="ID_WOTC_PHB24_SPELL_FIND_FAMILIAR" />
			</div>
		</description>
		<sheet>
			<description>You can cast the Find Familiar spell as a Magic Action without expending a spell slot. &#13;
			When you take the Attack action, you can forgo one of your own attacks to allow your familiar to make one attack of its own with its Reaction.</description>
		</sheet>
		<rules>
			<!--<grant type="Spell" id="ID_PHB_SPELL_FIND_FAMILIAR" spellcasting="Warlock Invocations" />-->
			<grant type="Spell" id="ID_WOTC_PHB24_SPELL_FIND_FAMILIAR" spellcasting="Warlock Invocations" />
			<select type="Companion" name="Pact of the Chain Familiar" supports="Variant Familiar" />
		</rules>
	</element>
	<element name="Pact of the Tome" type="Class Feature" source="Player’s Handbook 2024" id="ID_WOTC_PHB24_CLASS_FEATURE_ELDRITCH_INVOCATION_PACT_OF_THE_TOME">
		<supports>Eldritch Invocation, Pact of the Tome</supports>
		<description>
			<p>Stitching together strands of shadow, you conjure forth a book in your hand at the end of a Short or Long Rest. This Book of Shadows (you determine its appearance) contains eldritch magic that only you can access, granting you the benefits below. The book disappears if you conjure another book with this feature or if you die.</p>
			<p class="indent"><em><strong>Cantrips and Rituals.</strong></em> When the book appears, choose three cantrips, and choose two level 1 spells that have the Ritual tag. The spells can be from any class’s spell list, and they must be spells you don’t already have prepared. While the book is on your person, you have the chosen spells prepared, and they function as Warlock spells for you.</p>
			<p class="indent"><em><strong>Spellcasting Focus.</strong></em> You can use the book as a Spellcasting Focus.</p>
		</description>
		<sheet>
			<description>You conjure a Book of Shadows in your hand at the end of a Short or Long Rest. You can use it as your Spellcasting Focus, and it disappears if you conjure another book with this feature or if you die. &#13;
			The book appears with three cantrips and two level 1 Ritual spells of your choosing. While the book is on your person, you have the chosen spells prepared, and they function as Warlock spells for you.</description>
		</sheet>
		<rules>
			<select type="Spell" name="Cantrip (Pact of the Tome)" supports="0" number="3" spellcasting="Warlock" />
			<select type="Spell" name="Rituals (Pact of the Tome)" supports="1,Ritual" number="2" spellcasting="Warlock" allowReplace="false"/>
		</rules>
	</element>

	<element name="Repelling Blast" type="Class Feature" source="Player’s Handbook 2024" id="ID_WOTC_PHB24_CLASS_FEATURE_ELDRITCH_INVOCATION_REPELLING_BLAST">
		<supports>Eldritch Invocation</supports>
		<prerequisite>Level 2+ Warlock, a Warlock Cantrip That Deals Damage via an Attack Roll</prerequisite>
		<requirements>[level:warlock:2]</requirements>
		<description>
			<p><em>Prerequisite: Level 2+ Warlock, a Warlock Cantrip That Deals Damage via an Attack Roll</em></p>
			<p>Choose one of your known Warlock cantrips that requires an attack roll. When you hit a Large or smaller creature with that cantrip, you can push the creature up to 10 feet straight away from you.</p>
			<p class="indent"><em><strong>Repeatable.</strong></em> You can gain this invocation more than once. Each time you do so, choose a different eligible cantrip.</p>
		</description>
		<sheet>
			<description>When you hit a Large or smaller creature with your chosen cantrip, you can push the creature up to 10 feet straight away from you.</description>
		</sheet>
		<rules>
			<select type="Class Feature" name="Repelling Blast Cantrip" supports="Repelling Blast Cantrip" number="1" />
		</rules>
	</element>
	<element name="Repelling Blast" type="Class Feature" source="Player’s Handbook 2024" id="ID_WOTC_PHB24_CLASS_FEATURE_ELDRITCH_INVOCATION_REPELLING_BLAST_2">
		<supports>Eldritch Invocation</supports>
		<prerequisite>Level 2+ Warlock, a Warlock Cantrip That Deals Damage via an Attack Roll</prerequisite>
		<requirements>[level:warlock:2],ID_WOTC_PHB24_CLASS_FEATURE_ELDRITCH_INVOCATION_REPELLING_BLAST</requirements>
		<description>
			<p><em>Prerequisite: Level 2+ Warlock, a Warlock Cantrip That Deals Damage via an Attack Roll</em></p>
			<p>Choose one of your known Warlock cantrips that requires an attack roll. When you hit a Large or smaller creature with that cantrip, you can push the creature up to 10 feet straight away from you.</p>
			<p class="indent"><em><strong>Repeatable.</strong></em> You can gain this invocation more than once. Each time you do so, choose a different eligible cantrip.</p>
		</description>
		<sheet alt="Repelling Blast (2nd cantrip)">
			<description>When you hit a Large or smaller creature with your chosen cantrip, you can push the creature up to 10 feet straight away from you.</description>
		</sheet>
		<rules>
			<select type="Class Feature" name="Repelling Blast Cantrip" supports="Repelling Blast Cantrip" number="1" />
		</rules>
	</element>
	<element name="Repelling Blast" type="Class Feature" source="Player’s Handbook 2024" id="ID_WOTC_PHB24_CLASS_FEATURE_ELDRITCH_INVOCATION_REPELLING_BLAST_3">
		<supports>Eldritch Invocation</supports>
		<prerequisite>Level 2+ Warlock, a Warlock Cantrip That Deals Damage via an Attack Roll</prerequisite>
		<requirements>[level:warlock:2],ID_WOTC_PHB24_CLASS_FEATURE_ELDRITCH_INVOCATION_REPELLING_BLAST_2</requirements>
		<description>
			<p><em>Prerequisite: Level 2+ Warlock, a Warlock Cantrip That Deals Damage via an Attack Roll</em></p>
			<p>Choose one of your known Warlock cantrips that requires an attack roll. When you hit a Large or smaller creature with that cantrip, you can push the creature up to 10 feet straight away from you.</p>
			<p class="indent"><em><strong>Repeatable.</strong></em> You can gain this invocation more than once. Each time you do so, choose a different eligible cantrip.</p>
		</description>
		<sheet alt="Repelling Blast (3rd cantrip)">
			<description>When you hit a Large or smaller creature with your chosen cantrip, you can push the creature up to 10 feet straight away from you.</description>
		</sheet>
		<rules>
			<select type="Class Feature" name="Repelling Blast Cantrip" supports="Repelling Blast Cantrip" number="1" />
		</rules>
	</element>
	<element name="Repelling Blast" type="Class Feature" source="Player’s Handbook 2024" id="ID_WOTC_PHB24_CLASS_FEATURE_ELDRITCH_INVOCATION_REPELLING_BLAST_4">
		<supports>Eldritch Invocation</supports>
		<prerequisite>Level 2+ Warlock, a Warlock Cantrip That Deals Damage via an Attack Roll</prerequisite>
		<requirements>[level:warlock:2],ID_WOTC_PHB24_CLASS_FEATURE_ELDRITCH_INVOCATION_REPELLING_BLAST_3</requirements>
		<description>
			<p><em>Prerequisite: Level 2+ Warlock, a Warlock Cantrip That Deals Damage via an Attack Roll</em></p>
			<p>Choose one of your known Warlock cantrips that requires an attack roll. When you hit a Large or smaller creature with that cantrip, you can push the creature up to 10 feet straight away from you.</p>
			<p class="indent"><em><strong>Repeatable.</strong></em> You can gain this invocation more than once. Each time you do so, choose a different eligible cantrip.</p>
		</description>
		<sheet alt="Repelling Blast (4th cantrip)">
			<description>When you hit a Large or smaller creature with your chosen cantrip, you can push the creature up to 10 feet straight away from you.</description>
		</sheet>
		<rules>
			<select type="Class Feature" name="Repelling Blast Cantrip" supports="Repelling Blast Cantrip" number="1" />
		</rules>
	</element>
	<element name="Repelling Blast" type="Class Feature" source="Player’s Handbook 2024" id="ID_WOTC_PHB24_CLASS_FEATURE_ELDRITCH_INVOCATION_REPELLING_BLAST_5">
		<supports>Eldritch Invocation</supports>
		<prerequisite>Level 2+ Warlock, a Warlock Cantrip That Deals Damage via an Attack Roll</prerequisite>
		<requirements>[level:warlock:2],ID_WOTC_PHB24_CLASS_FEATURE_ELDRITCH_INVOCATION_REPELLING_BLAST_4</requirements>
		<description>
			<p><em>Prerequisite: Level 2+ Warlock, a Warlock Cantrip That Deals Damage via an Attack Roll</em></p>
			<p>Choose one of your known Warlock cantrips that requires an attack roll. When you hit a Large or smaller creature with that cantrip, you can push the creature up to 10 feet straight away from you.</p>
			<p class="indent"><em><strong>Repeatable.</strong></em> You can gain this invocation more than once. Each time you do so, choose a different eligible cantrip.</p>
		</description>
		<sheet alt="Repelling Blast (5th cantrip)">
			<description>When you hit a Large or smaller creature with your chosen cantrip, you can push the creature up to 10 feet straight away from you.</description>
		</sheet>
		<rules>
			<select type="Class Feature" name="Repelling Blast Cantrip" supports="Repelling Blast Cantrip" number="1" />
		</rules>
	</element>

	<element name="Thirsting Blade" type="Class Feature" source="Player’s Handbook 2024" id="ID_WOTC_PHB24_CLASS_FEATURE_ELDRITCH_INVOCATION_THIRSTING_BLADE">
		<supports>Eldritch Invocation, Pact of the Blade</supports>
		<prerequisite>Level 5+ Warlock, Pact of the Blade</prerequisite>
		<requirements>[level:warlock:5],ID_WOTC_PHB24_CLASS_FEATURE_ELDRITCH_INVOCATION_PACT_OF_THE_BLADE</requirements>
		<description>
			<p><em>Prerequisites: Level 5+ Warlock, Pact of the Blade</em></p>
			<p>You gain the Extra Attack feature for your pact weapon only. With that feature, you can attack twice with the weapon instead of once when you take the Attack action on your turn.</p>
		</description>
		<sheet>
			<description>You gain the Extra Attack feature for your pact weapon only. With that feature, you can attack twice with the weapon instead of once when you take the Attack action on your turn.</description>
		</sheet>
	</element>
	<element name="Visions of Distant Realms" type="Class Feature" source="Player’s Handbook 2024" id="ID_WOTC_PHB24_CLASS_FEATURE_ELDRITCH_INVOCATION_VISIONS_OF_DISTANT_REALMS">
		<supports>Eldritch Invocation</supports>
		<prerequisite>Level 9+ Warlock</prerequisite>
		<requirements>[level:warlock:9]</requirements>
		<description>
			<p><em>Prerequisite: Level 9+ Warlock</em></p>
			<p>You can cast <i>Arcane Eye</i> without expending a spell slot.</p>
			<div class="reference">
				<!--<div element="ID_PHB_SPELL_ARCANE_EYE" />-->
				<div element="ID_WOTC_PHB24_SPELL_ARCANE_EYE" />
			</div>
		</description>
		<sheet>
			<description>You can cast Arcane Eye without expending a spell slot.</description>
		</sheet>
		<rules>
			<!--<grant type="Spell" id="ID_PHB_SPELL_ARCANE_EYE" spellcasting="Warlock Invocations"/>-->
			<grant type="Spell" id="ID_WOTC_PHB24_SPELL_ARCANE_EYE" spellcasting="Warlock Invocations"/>
		</rules>
	</element>
	<element name="Whispers of the Grave" type="Class Feature" source="Player’s Handbook 2024" id="ID_WOTC_PHB24_CLASS_FEATURE_ELDRITCH_INVOCATION_WHISPERS_OF_THE_GRAVE">
		<supports>Eldritch Invocation</supports>
		<prerequisite>Level 7+ Warlock</prerequisite>
		<requirements>[level:warlock:7]</requirements>
		<description>
			<p><em>Prerequisite: Level 7+ Warlock</em></p>
			<p>You can cast <em>Speak with Dead</em> without expending a spell slot.</p>
			<div class="reference">
				<!--<div element="ID_PHB_SPELL_SPEAK_WITH_DEAD" />-->
				<div element="ID_WOTC_PHB24_SPELL_SPEAK_WITH_DEAD" />
			</div>
		</description>
		<sheet>
			<description>You can cast Speak with Dead without expending a spell slot.</description>
		</sheet>
		<rules>
			<!--<grant type="Spell" id="ID_PHB_SPELL_SPEAK_WITH_DEAD" spellcasting="Warlock Invocations"/>-->
			<grant type="Spell" id="ID_WOTC_PHB24_SPELL_SPEAK_WITH_DEAD" spellcasting="Warlock Invocations"/>
		</rules>
	</element>
	<element name="Witch Sight" type="Class Feature" source="Player’s Handbook 2024" id="ID_WOTC_PHB24_CLASS_FEATURE_ELDRITCH_INVOCATION_WITCH_SIGHT">
		<supports>Eldritch Invocation</supports>
		<prerequisite>Level 15+ Warlock</prerequisite>
		<requirements>[level:warlock:15]</requirements>
		<description>
			<p><em>Prerequisite: Level 15+ Warlock</em></p>
			<p>You have Truesight with a range of 30 feet.</p>
		</description>
		<sheet>
			<description>You have Truesight with a range of 30 feet.</description>
		</sheet>
	</element>

	<!--Agonizing Blast Spell "Selects"-->
	<element name="Booming Blade" type="Class Feature" source="Player’s Handbook 2024" id="ID_WOTC_PHB24_CLASS_FEATURE_ELDRITCH_INVOCATION_AGONIZING_BLAST_BOOMING_BLADE">
		<compendium display="false" />
		<supports>Agonizing Blast Cantrip</supports>
		<requirements>ID_WOTC_TCOE_SPELL_BOOMING_BLADE</requirements>
		<description>
			<p>When you cast Booming Blade, add your Charisma modifier to its damage roll.</p>
		</description>
		<sheet alt="Agonizing Blast: Booming Blade">
			<description>When you cast Booming Blade, add {{agonizing blast:damage}} to its damage roll.</description>
		</sheet>
	</element>
	<element name="Chill Touch" type="Class Feature" source="Player’s Handbook 2024" id="ID_WOTC_PHB24_CLASS_FEATURE_ELDRITCH_INVOCATION_AGONIZING_BLAST_CHILL_TOUCH">
		<compendium display="false" />
		<supports>Agonizing Blast Cantrip</supports>
		<requirements>(ID_PHB_SPELL_CHILL_TOUCH||ID_WOTC_PHB24_SPELL_CHILL_TOUCH)</requirements>
		<description>
			<p>When you cast Chill Touch, add your Charisma modifier to its damage roll.</p>
		</description>
		<sheet alt="Agonizing Blast: Chill Touch">
			<description>When you cast Chill Touch, add {{agonizing blast:damage}} to its damage roll.</description>
		</sheet>
	</element>
	<element name="Create Bonfire" type="Class Feature" source="Player’s Handbook 2024" id="ID_WOTC_PHB24_CLASS_FEATURE_ELDRITCH_INVOCATION_AGONIZING_BLAST_CREATE_BONFIRE">
		<compendium display="false" />
		<supports>Agonizing Blast Cantrip</supports>
		<requirements>ID_WOTC_XGTE_SPELL_CREATE_BONFIRE</requirements>
		<description>
			<p>When you cast Create Bonfire, add your Charisma modifier to its damage roll.</p>
		</description>
		<sheet alt="Agonizing Blast: Create Bonfire">
			<description>When you cast Create Bonfire, add {{agonizing blast:damage}} to its damage roll.</description>
		</sheet>
	</element>
	<element name="Eldritch Blast" type="Class Feature" source="Player’s Handbook 2024" id="ID_WOTC_PHB24_CLASS_FEATURE_ELDRITCH_INVOCATION_AGONIZING_BLAST_ELDRITCH_BLAST">
		<compendium display="false" />
		<supports>Agonizing Blast Cantrip</supports>
		<requirements>(ID_PHB_SPELL_ELDRITCH_BLAST||ID_WOTC_PHB24_SPELL_ELDRITCH_BLAST)</requirements>
		<description>
			<p>When you cast Eldritch Blast, add your Charisma modifier to its damage rolls.</p>
		</description>
		<sheet alt="Agonizing Blast: Eldritch Blast">
			<description>When you cast Eldritch Blast, add {{agonizing blast:damage}} to its damage rolls.</description>
		</sheet>
	</element>
	<element name="Frostbite" type="Class Feature" source="Player’s Handbook 2024" id="ID_WOTC_PHB24_CLASS_FEATURE_ELDRITCH_INVOCATION_AGONIZING_BLAST_FROSTBITE">
		<compendium display="false" />
		<supports>Agonizing Blast Cantrip</supports>
		<requirements>ID_WOTC_XGTE_SPELL_FROSTBITE</requirements>
		<description>
			<p>When you cast Frostbite, add your Charisma modifier to its damage roll.</p>
		</description>
		<sheet alt="Agonizing Blast: Frostbite">
			<description>When you cast Frostbite, add {{agonizing blast:damage}} to its damage roll.</description>
		</sheet>
	</element>
	<element name="Green-Flame Blade" type="Class Feature" source="Player’s Handbook 2024" id="ID_WOTC_PHB24_CLASS_FEATURE_ELDRITCH_INVOCATION_AGONIZING_BLAST_GREEN_FLAME_BLADE">
		<compendium display="false" />
		<supports>Agonizing Blast Cantrip</supports>
		<requirements>ID_WOTC_TCOE_SPELL_GREEN_FLAME_BLADE</requirements>
		<description>
			<p>When you cast Green-Flame Blade, add your Charisma modifier to its damage roll.</p>
		</description>
		<sheet alt="Agonizing Blast: Green-Flame Blade">
			<description>When you cast Green-Flame Blade, add {{agonizing blast:damage}} to its damage roll.</description>
		</sheet>
	</element>
	<element name="Infestation" type="Class Feature" source="Player’s Handbook 2024" id="ID_WOTC_PHB24_CLASS_FEATURE_ELDRITCH_INVOCATION_AGONIZING_BLAST_INFESTATION">
		<compendium display="false" />
		<supports>Agonizing Blast Cantrip</supports>
		<requirements>ID_WOTC_XGTE_SPELL_INFESTATION</requirements>
		<description>
			<p>When you cast Infestation, add your Charisma modifier to its damage roll.</p>
		</description>
		<sheet alt="Agonizing Blast: Infestation">
			<description>When you cast Infestation, add {{agonizing blast:damage}} to its damage roll.</description>
		</sheet>
	</element>
	<element name="Lightning Lure" type="Class Feature" source="Player’s Handbook 2024" id="ID_WOTC_PHB24_CLASS_FEATURE_ELDRITCH_INVOCATION_AGONIZING_BLAST_LIGHTNING_LURE">
		<compendium display="false" />
		<supports>Agonizing Blast Cantrip</supports>
		<requirements>ID_WOTC_TCOE_SPELL_LIGHTNING_LURE</requirements>
		<description>
			<p>When you cast Lightning Lure, add your Charisma modifier to its damage roll.</p>
		</description>
		<sheet alt="Agonizing Blast: Lightning Lure">
			<description>When you cast Lightning Lure, add {{agonizing blast:damage}} to its damage roll.</description>
		</sheet>
	</element>
	<element name="Magic Stone" type="Class Feature" source="Player’s Handbook 2024" id="ID_WOTC_PHB24_CLASS_FEATURE_ELDRITCH_INVOCATION_AGONIZING_BLAST_MAGIC_STONE">
		<compendium display="false" />
		<supports>Agonizing Blast Cantrip</supports>
		<requirements>ID_WOTC_XGTE_SPELL_MAGIC_STONE</requirements>
		<description>
			<p>When you cast Magic Stone, add your Charisma modifier to its damage roll.</p>
		</description>
		<sheet alt="Agonizing Blast: Magic Stone">
			<description>When you cast Magic Stone, add {{agonizing blast:damage}} to its damage roll.</description>
		</sheet>
	</element>
	<element name="Mind Sliver" type="Class Feature" source="Player’s Handbook 2024" id="ID_WOTC_PHB24_CLASS_FEATURE_ELDRITCH_INVOCATION_AGONIZING_BLAST_MIND_SLIVER">
		<compendium display="false" />
		<supports>Agonizing Blast Cantrip</supports>
		<requirements>(ID_WOTC_TCOE_SPELL_MIND_SLIVER||ID_WOTC_PHB24_SPELL_MIND_SLIVER)</requirements>
		<description>
			<p>When you cast Mind Sliver, add your Charisma modifier to its damage roll.</p>
		</description>
		<sheet alt="Agonizing Blast: Mind Sliver">
			<description>When you cast Mind Sliver, add {{agonizing blast:damage}} to its damage roll.</description>
		</sheet>
	</element>
	<element name="Poison Spray" type="Class Feature" source="Player’s Handbook 2024" id="ID_WOTC_PHB24_CLASS_FEATURE_ELDRITCH_INVOCATION_AGONIZING_BLAST_POISON_SPRAY">
		<compendium display="false" />
		<supports>Agonizing Blast Cantrip</supports>
		<requirements>(ID_PHB_SPELL_POISON_SPRAY||ID_WOTC_PHB24_SPELL_POISON_SPRAY)</requirements>
		<description>
			<p>When you cast Poison Spray add your Charisma modifier to its damage roll.</p>
		</description>
		<sheet alt="Agonizing Blast: Poison Spray">
			<description>When you cast Poison Spray, add {{agonizing blast:damage}} to its damage roll.</description>
		</sheet>
	</element>
	<element name="Sword Burst" type="Class Feature" source="Player’s Handbook 2024" id="ID_WOTC_PHB24_CLASS_FEATURE_ELDRITCH_INVOCATION_AGONIZING_BLAST_SWORD_BURST">
		<compendium display="false" />
		<supports>Agonizing Blast Cantrip</supports>
		<requirements>ID_WOTC_TCOE_SPELL_SWORD_BURST</requirements>
		<description>
			<p>When you cast Sword Burst, add your Charisma modifier to its damage roll.</p>
		</description>
		<sheet alt="Agonizing Blast: Sword Burst">
			<description>When you cast Sword Burst, add {{agonizing blast:damage}} to its damage roll.</description>
		</sheet>
	</element>	<element name="Thunderclap" type="Class Feature" source="Player’s Handbook 2024" id="ID_WOTC_PHB24_CLASS_FEATURE_ELDRITCH_INVOCATION_AGONIZING_BLAST_THUNDERCLAP">
		<compendium display="false" />
		<supports>Agonizing Blast Cantrip</supports>
		<requirements>(ID_WOTC_XGTE_SPELL_THUNDERCLAP||ID_WOTC_PHB24_SPELL_THUNDERCLAP)</requirements>
		<description>
			<p>When you cast Thunderclap, add your Charisma modifier to its damage roll.</p>
		</description>
		<sheet alt="Agonizing Blast: Thunderclap">
			<description>When you cast Thunderclap, add {{agonizing blast:damage}} to its damage roll.</description>
		</sheet>
	</element>
	<element name="Toll the Dead" type="Class Feature" source="Player’s Handbook 2024" id="ID_WOTC_PHB24_CLASS_FEATURE_ELDRITCH_INVOCATION_AGONIZING_BLAST_TOLL_THE_DEAD">
		<compendium display="false" />
		<supports>Agonizing Blast Cantrip</supports>
		<requirements>(ID_WOTC_XGTE_SPELL_TOLL_THE_DEAD||ID_WOTC_PHB24_SPELL_TOLL_THE_DEAD)</requirements>
		<description>
			<p>When you cast Toll the Dead, add your Charisma modifier to its damage roll.</p>
		</description>
		<sheet alt="Agonizing Blast: Toll the Dead">
			<description>When you cast Toll the Dead, add {{agonizing blast:damage}} to its damage roll.</description>
		</sheet>
	</element>
	<element name="True Strike" type="Class Feature" source="Player’s Handbook 2024" id="ID_WOTC_PHB24_CLASS_FEATURE_ELDRITCH_INVOCATION_AGONIZING_BLAST_TRUE_STRIKE">
		<compendium display="false" />
		<supports>Agonizing Blast Cantrip</supports>
		<requirements>ID_WOTC_PHB24_SPELL_TRUE_STRIKE</requirements>
		<description>
			<p>When you cast True Strike, add your Charisma modifier to its damage roll.</p>
		</description>
		<sheet alt="Agonizing Blast: True Strike">
			<description>When you cast True Strike, add {{agonizing blast:damage}} to its damage roll.</description>
		</sheet>
	</element>

	<!--Eldritch Spear Spell "Selects"-->
	<element name="Chill Touch" type="Class Feature" source="Player’s Handbook 2024" id="ID_WOTC_PHB24_CLASS_FEATURE_ELDRITCH_INVOCATION_ELDRITCH_SPEAR_CHILL_TOUCH">
		<compendium display="false" />
		<supports>Eldritch Spear Cantrip</supports>
		<requirements>(ID_PHB_SPELL_CHILL_TOUCH||ID_WOTC_PHB24_SPELL_CHILL_TOUCH)</requirements>
		<description>
			<p>When you cast Chill Touch, its range increases by a number of feet equal to 30 times your Warlock level.</p>
		</description>
		<sheet alt="Eldritch Spear: Chill Touch">
			<description>When you cast Chill Touch, its range increases by {{eldritch spear:range}} feet.</description>
		</sheet>
	</element>
	<element name="Create Bonfire" type="Class Feature" source="Player’s Handbook 2024" id="ID_WOTC_PHB24_CLASS_FEATURE_ELDRITCH_INVOCATION_ELDRITCH_SPEAR_CREATE_BONFIRE">
		<compendium display="false" />
		<supports>Eldritch Spear Cantrip</supports>
		<requirements>ID_WOTC_XGTE_SPELL_CREATE_BONFIRE</requirements>
		<description>
			<p>When you cast Create Bonfire, its range increases by a number of feet equal to 30 times your Warlock level.</p>
		</description>
		<sheet alt="Eldritch Spear: Create Bonfire">
			<description>When you cast Create Bonfire, its range increases by {{eldritch spear:range}} feet.</description>
		</sheet>
	</element>
	<element name="Eldritch Blast" type="Class Feature" source="Player’s Handbook 2024" id="ID_WOTC_PHB24_CLASS_FEATURE_ELDRITCH_INVOCATION_ELDRITCH_SPEAR_ELDRITCH_BLAST">
		<compendium display="false" />
		<supports>Eldritch Spear Cantrip</supports>
		<requirements>(ID_PHB_SPELL_ELDRITCH_BLAST||ID_WOTC_PHB24_SPELL_ELDRITCH_BLAST)</requirements>
		<description>
			<p>When you cast Eldritch Blast, its range increases by a number of feet equal to 30 times your Warlock level.</p>
		</description>
		<sheet alt="Eldritch Spear: Eldritch Blast">
			<description>When you cast Eldritch Blast, its range increases by {{eldritch spear:range}} feet.</description>
		</sheet>
	</element>
	<element name="Frostbite" type="Class Feature" source="Player’s Handbook 2024" id="ID_WOTC_PHB24_CLASS_FEATURE_ELDRITCH_INVOCATION_ELDRITCH_SPEAR_FROSTBITE">
		<compendium display="false" />
		<supports>Eldritch Spear Cantrip</supports>
		<requirements>ID_WOTC_XGTE_SPELL_FROSTBITE</requirements>
		<description>
			<p>When you cast Frostbite, its range increases by a number of feet equal to 30 times your Warlock level.</p>
		</description>
		<sheet alt="Eldritch Spear: Frostbite">
			<description>When you cast Frostbite, its range increases by {{eldritch spear:range}} feet.</description>
		</sheet>
	</element>
	<element name="Infestation" type="Class Feature" source="Player’s Handbook 2024" id="ID_WOTC_PHB24_CLASS_FEATURE_ELDRITCH_INVOCATION_ELDRITCH_SPEAR_INFESTATION">
		<compendium display="false" />
		<supports>Eldritch Spear Cantrip</supports>
		<requirements>ID_WOTC_XGTE_SPELL_INFESTATION</requirements>
		<description>
			<p>When you cast Infestation, its range increases by a number of feet equal to 30 times your Warlock level.</p>
		</description>
		<sheet alt="Eldritch Spear: Infestation">
			<description>When you cast Infestation, its range increases by {{eldritch spear:range}} feet.</description>
		</sheet>
	</element>
	<element name="Lightning Lure" type="Class Feature" source="Player’s Handbook 2024" id="ID_WOTC_PHB24_CLASS_FEATURE_ELDRITCH_INVOCATION_ELDRITCH_SPEAR_LIGHTNING_LURE">
		<compendium display="false" />
		<supports>Eldritch Spear Cantrip</supports>
		<requirements>ID_WOTC_TCOE_SPELL_LIGHTNING_LURE</requirements>
		<description>
			<p>When you cast Lightning Lure, its range increases by a number of feet equal to 30 times your Warlock level.</p>
		</description>
		<sheet alt="Eldritch Spear: Lightning Lure">
			<description>When you cast Lightning Lure, its range increases by {{eldritch spear:range}} feet.</description>
		</sheet>
	</element>
	<element name="Magic Stone" type="Class Feature" source="Player’s Handbook 2024" id="ID_WOTC_PHB24_CLASS_FEATURE_ELDRITCH_INVOCATION_ELDRITCH_SPEAR_MAGIC_STONE">
		<compendium display="false" />
		<supports>Eldritch Spear Cantrip</supports>
		<requirements>ID_WOTC_XGTE_SPELL_MAGIC_STONE</requirements>
		<description>
			<p>When you cast Magic Stone, its range increases by a number of feet equal to 30 times your Warlock level.</p>
		</description>
		<sheet alt="Eldritch Spear: Magic Stone">
			<description>When you cast Magic Stone, its range increases by {{eldritch spear:range}} feet.</description>
		</sheet>
	</element>
	<element name="Mind Sliver" type="Class Feature" source="Player’s Handbook 2024" id="ID_WOTC_PHB24_CLASS_FEATURE_ELDRITCH_INVOCATION_ELDRITCH_SPEAR_MIND_SLIVER">
		<compendium display="false" />
		<supports>Eldritch Spear Cantrip</supports>
		<requirements>(ID_WOTC_TCOE_SPELL_MIND_SLIVER||ID_WOTC_PHB24_SPELL_MIND_SLIVER)</requirements>
		<description>
			<p>When you cast Mind Sliver, its range increases by a number of feet equal to 30 times your Warlock level.</p>
		</description>
		<sheet alt="Eldritch Spear: Mind Sliver">
			<description>When you cast Mind Sliver, its range increases by {{eldritch spear:range}} feet.</description>
		</sheet>
	</element>
	<element name="Poison Spray" type="Class Feature" source="Player’s Handbook 2024" id="ID_WOTC_PHB24_CLASS_FEATURE_ELDRITCH_INVOCATION_ELDRITCH_SPEAR_POISON_SPRAY">
		<compendium display="false" />
		<supports>Eldritch Spear Cantrip</supports>
		<requirements>(ID_PHB_SPELL_POISON_SPRAY||ID_WOTC_PHB24_SPELL_POISON_SPRAY)</requirements>
		<description>
			<p>When you cast Poison Spray its range increases by a number of feet equal to 30 times your Warlock level.</p>
		</description>
		<sheet alt="Eldritch Spear: Poison Spray">
			<description>When you cast Poison Spray, its range increases by {{eldritch spear:range}} feet.</description>
		</sheet>
	</element>
	<element name="Toll the Dead" type="Class Feature" source="Player’s Handbook 2024" id="ID_WOTC_PHB24_CLASS_FEATURE_ELDRITCH_INVOCATION_ELDRITCH_SPEAR_TOLL_THE_DEAD">
		<compendium display="false" />
		<supports>Eldritch Spear Cantrip</supports>
		<requirements>(ID_WOTC_XGTE_SPELL_TOLL_THE_DEAD||ID_WOTC_PHB24_SPELL_TOLL_THE_DEAD)</requirements>
		<description>
			<p>When you cast Toll the Dead, its range increases by a number of feet equal to 30 times your Warlock level.</p>
		</description>
		<sheet alt="Eldritch Spear: Toll the Dead">
			<description>When you cast Toll the Dead, its range increases by {{eldritch spear:range}} feet.</description>
		</sheet>
	</element>

	<!--Repelling Blast Spell "Selects"-->
	<element name="Booming Blade" type="Class Feature" source="Player’s Handbook 2024" id="ID_WOTC_PHB24_CLASS_FEATURE_ELDRITCH_INVOCATION_REPELLING_BLAST_BOOMING_BLADE">
		<compendium display="false" />
		<supports>Repelling Blast Cantrip</supports>
		<requirements>ID_WOTC_TCOE_SPELL_BOOMING_BLADE</requirements>
		<description>
			<p>When you hit a Large or smaller creature with Booming Blade, you can push that creature up to 10 feet straight away from you.</p>
		</description>
		<sheet alt="Repelling Blast: Booming Blade">
			<description>When you hit a Large or smaller creature with Booming Blade, you can push that creature up to 10 feet straight away from you.</description>
		</sheet>
	</element>
	<element name="Chill Touch" type="Class Feature" source="Player’s Handbook 2024" id="ID_WOTC_PHB24_CLASS_FEATURE_ELDRITCH_INVOCATION_REPELLING_BLAST_CHILL_TOUCH">
		<compendium display="false" />
		<supports>Repelling Blast Cantrip</supports>
		<requirements>(ID_PHB_SPELL_CHILL_TOUCH||ID_WOTC_PHB24_SPELL_CHILL_TOUCH)</requirements>
		<description>
			<p>When you hit a Large or smaller creature with Chill Touch, you can push that creature up to 10 feet straight away from you.</p>
		</description>
		<sheet alt="Repelling Blast: Chill Touch">
			<description>When you hit a Large or smaller creature with Chill Touch, you can push that creature up to 10 feet straight away from you.</description>
		</sheet>
	</element>
	<element name="Eldritch Blast" type="Class Feature" source="Player’s Handbook 2024" id="ID_WOTC_PHB24_CLASS_FEATURE_ELDRITCH_INVOCATION_REPELLING_BLAST_ELDRITCH_BLAST">
		<compendium display="false" />
		<supports>Repelling Blast Cantrip</supports>
		<requirements>(ID_PHB_SPELL_ELDRITCH_BLAST||ID_WOTC_PHB24_SPELL_ELDRITCH_BLAST)</requirements>
		<description>
			<p>When you hit a Large or smaller creature with Eldritch Blast, add your Charisma modifier to its damage rolls.</p>
		</description>
		<sheet alt="Repelling Blast: Eldritch Blast">
			<description>When you hit a Large or smaller creature with Eldritch Blast, you can push that creature up to 10 feet straight away from you.</description>
		</sheet>
	</element>
	<element name="Green-Flame Blade" type="Class Feature" source="Player’s Handbook 2024" id="ID_WOTC_PHB24_CLASS_FEATURE_ELDRITCH_INVOCATION_REPELLING_BLAST_GREEN_FLAME_BLADE">
		<compendium display="false" />
		<supports>Repelling Blast Cantrip</supports>
		<requirements>ID_WOTC_TCOE_SPELL_GREEN_FLAME_BLADE</requirements>
		<description>
			<p>When you hit a Large or smaller creature with Green-Flame Blade, you can push that creature up to 10 feet straight away from you.</p>
		</description>
		<sheet alt="Repelling Blast: Green-Flame Blade">
			<description>When you hit a Large or smaller creature with Green-Flame Blade, you can push that creature up to 10 feet straight away from you.</description>
		</sheet>
	</element>
	<element name="Magic Stone" type="Class Feature" source="Player’s Handbook 2024" id="ID_WOTC_PHB24_CLASS_FEATURE_ELDRITCH_INVOCATION_REPELLING_BLAST_MAGIC_STONE">
		<compendium display="false" />
		<supports>Repelling Blast Cantrip</supports>
		<requirements>ID_WOTC_XGTE_SPELL_MAGIC_STONE</requirements>
		<description>
			<p>When you hit a Large or smaller creature with Magic Stone, you can push that creature up to 10 feet straight away from you.</p>
		</description>
		<sheet alt="Repelling Blast: Magic Stone">
			<description>When you hit a Large or smaller creature with Magic Stone, you can push that creature up to 10 feet straight away from you.</description>
		</sheet>
	</element>
	<element name="Poison Spray" type="Class Feature" source="Player’s Handbook 2024" id="ID_WOTC_PHB24_CLASS_FEATURE_ELDRITCH_INVOCATION_REPELLING_BLAST_POISON_SPRAY">
		<compendium display="false" />
		<supports>Repelling Blast Cantrip</supports>
		<requirements>ID_WOTC_PHB24_SPELL_POISON_SPRAY</requirements>
		<description>
			<p>When you hit a Large or smaller creature with Poison Spray you can push that creature up to 10 feet straight away from you.</p>
		</description>
		<sheet alt="Repelling Blast: Poison Spray">
			<description>When you hit a Large or smaller creature with Poison Spray, you can push that creature up to 10 feet straight away from you.</description>
		</sheet>
	</element>
	<element name="True Strike" type="Class Feature" source="Player’s Handbook 2024" id="ID_WOTC_PHB24_CLASS_FEATURE_ELDRITCH_INVOCATION_REPELLING_BLAST_TRUE_STRIKE">
		<compendium display="false" />
		<supports>Repelling Blast Cantrip</supports>
		<requirements>ID_WOTC_PHB24_SPELL_TRUE_STRIKE</requirements>
		<description>
			<p>When you hit a Large or smaller creature with True Strike, you can push that creature up to 10 feet straight away from you.</p>
		</description>
		<sheet alt="Repelling Blast: True Strike">
			<description>When you hit a Large or smaller creature with True Strike, you can push that creature up to 10 feet straight away from you.</description>
		</sheet>
	</element>

</elements>
