<?xml version="1.0" encoding="utf-8" ?>
<elements>
	<info>
		<name>Path of the World Tree</name>
		<description>The Path of the World Tree subclass from the Player’s Handbook 2024.</description>
		<author url="https://dndstore.wizards.com/us/en/product/1001494/2024-player-s-handbook-digital-plus-physical-bundle">Wizards of the Coast</author>
		<update version="0.0.3">
			<file name="barbarian-berserker.xml" url="https://raw.githubusercontent.com/Netrinil/Aurora/master/core/players-handbook-2024/archetypes/barbarian-berserker.xml" />
		</update>
	</info>

	<element name="Path of the World Tree" type="Archetype" source="Player’s Handbook 2024" id="ID_WOTC_PHB24_ARCHETYPE_BARBARIAN_WORLD_TREE">
		<supports>Primal Path</supports>
		<description>
			<p class="flavor">Trace the Roots and Branches of the Multiverse</p>
			<p>Barbarians who follow the Path of the World Tree connect with the cosmic tree Yggdrasil through their Rage. This tree grows among the Outer Planes, connecting them to each other and the Material Plane. These Barbarians draw on the tree’s magic for vitality and as a means of dimensional travel.</p>
			<div element="ID_WOTC_PHB24_ARCHETYPE_FEATURE_BARBARIAN_WORLD_TREE_VITALITY_OF_THE_TREE" />
			<div element="ID_WOTC_PHB24_ARCHETYPE_FEATURE_BARBARIAN_WORLD_TREE_BRANCHES_OF_THE_TREE" />
			<div element="ID_WOTC_PHB24_ARCHETYPE_FEATURE_BARBARIAN_WORLD_TREE_BATTERING_ROOTS" />
			<div element="ID_WOTC_PHB24_ARCHETYPE_FEATURE_BARBARIAN_WORLD_TREE_TRAVEL_ALONG_THE_TREE" />
		</description>
		<sheet display="false">
			<description>The Path of the World Tree is a path connected with the roots of the outer planes, tapping into the power of Yggdrasil to open pathways between planes.</description>
		</sheet>
		<rules>
			<grant type="Archetype Feature" id="ID_WOTC_PHB24_ARCHETYPE_FEATURE_BARBARIAN_WORLD_TREE_VITALITY_OF_THE_TREE" level="3" />
			<grant type="Archetype Feature" id="ID_WOTC_PHB24_ARCHETYPE_FEATURE_BARBARIAN_WORLD_TREE_BRANCHES_OF_THE_TREE" level="6" />
			<grant type="Archetype Feature" id="ID_WOTC_PHB24_ARCHETYPE_FEATURE_BARBARIAN_WORLD_TREE_BATTERING_ROOTS" level="10" />
			<grant type="Archetype Feature" id="ID_WOTC_PHB24_ARCHETYPE_FEATURE_BARBARIAN_WORLD_TREE_TRAVEL_ALONG_THE_TREE" level="14" />
		</rules>
	</element>

	<element name="Level 3: Vitality of the Tree" type="Archetype Feature" source="Player’s Handbook 2024" id="ID_WOTC_PHB24_ARCHETYPE_FEATURE_BARBARIAN_WORLD_TREE_VITALITY_OF_THE_TREE">
		<requirements>!ID_INTERNAL_FEATURE_REPLACEMENT_BARBARIAN_24_WORLD_TREE_VITALITY_OF_THE_TREE</requirements>
		<description>
			<p>Your Rage taps into the life force of the World Tree. You gain the following benefits.</p>
			<p class="indent"><em><strong>Vitality Surge.</strong></em> When you activate your Rage, you gain a number of Temporary Hit Points equal to your Barbarian level.</p>
			<p class="indent"><em><strong>Life-Giving Force.</strong></em> At the start of each of your turns while your Rage is active, you can choose another creature within 10 feet of yourself to gain Temporary Hit Points. To determine the number of Temporary Hit Points, roll a number of d6s equal to your Rage Damage bonus, and add them together. If any of these Temporary Hit Points remain when your Rage ends, they vanish.</p>
		</description>
		<sheet alt="Vitality of the Tree">
			<description>When you activate your Rage, you gain {{level:barbarian}} Temporary Hit Points. &#13;
			At the start of each of your turns while your Rage is active, you can give another creature within 10 feet of yourself {{barbarian rage:damage}}d6 Temporary Hit Points. These last until your Rage ends.</description>
		</sheet>
	</element>

	<element name="Level 6: Branches of the Tree" type="Archetype Feature" source="Player’s Handbook 2024" id="ID_WOTC_PHB24_ARCHETYPE_FEATURE_BARBARIAN_WORLD_TREE_BRANCHES_OF_THE_TREE">
		<requirements>!ID_INTERNAL_FEATURE_REPLACEMENT_BARBARIAN_24_WORLD_TREE_BRANCHES_OF_THE_TREE</requirements>
		<description>
			<p>Whenever a creature you can see starts its turn within 30 feet of you while your Rage is active, you can take a Reaction to summon spectral branches of the World Tree around it. The target must succeed on a Strength saving throw (DC 8 plus your Strength modifier and Proficiency Bonus) or be teleported to an unoccupied space you can see within 5 feet of yourself or in the nearest unoccupied space you can see. After the target teleports, you can reduce its Speed to 0 until the end of the current turn.</p>
		</description>
		<sheet alt="Branches of the Tree" action="Reaction">
			<description>Whenever a creature you can see starts its turn within 30 feet of you while your Rage is active, you force it to make a DC{{branches of the tree:dc}} Strength saving throw. On a failure, it is teleported to a space within 5ft of you and you can reduce its Speed to 0, if you wish.</description>
		</sheet>
		<rules>
			<stat name="branches of the tree:dc" value="8" />
			<stat name="branches of the tree:dc" value="proficiency" />
			<stat name="branches of the tree:dc" value="strength:modifier" />
		</rules>
	</element>

	<element name="Level 10: Battering Roots" type="Archetype Feature" source="Player’s Handbook 2024" id="ID_WOTC_PHB24_ARCHETYPE_FEATURE_BARBARIAN_WORLD_TREE_BATTERING_ROOTS">
		<requirements>!ID_INTERNAL_FEATURE_REPLACEMENT_BARBARIAN_24_WORLD_TREE_BATTERING_ROOTS</requirements>
		<description>
			<p>During your turn, your reach is 10 feet greater with any Melee weapon that has the Heavy or Versatile property, as tendrils of the World Tree extend from you. When you hit with such a weapon on your turn, you can activate the Push or Topple mastery property in addition to a different mastery property you’re using with that weapon.</p>
		</description>
		<sheet alt="Battering Roots">
			<description>Your reach is 10 feet greater with any Melee weapon with the Heavy or Versatile property. &#13;
			When you hit with such a weapon on your turn, you can activate the Push or Topple mastery property in addition to a different mastery property you’re using with that weapon.</description>
		</sheet>
	</element>

	<element name="Level 14: Travel Along the Tree" type="Archetype Feature" source="Player’s Handbook 2024" id="ID_WOTC_PHB24_ARCHETYPE_FEATURE_BARBARIAN_WORLD_TREE_TRAVEL_ALONG_THE_TREE">
		<requirements>!ID_INTERNAL_FEATURE_REPLACEMENT_BARBARIAN_24_WORLD_TREE_TRAVEL_ALONG_THE_TREE</requirements>
		<description>
			<p>When you activate your Rage and as a Bonus Action while your Rage is active, you can teleport up to 60 feet to an unoccupied space you can see.</p>
			<p class="indent">In addition, once per Rage, you can increase the range of that teleport to 150 feet. When you do so, you can also bring up to six willing creatures who are within 10 feet of you. Each creature teleports to an unoccupied space of your choice within 10 feet of your destination space.</p>
		</description>
		<sheet alt="Travel Along the Tree" action="Bonus Action">
			<description>While your Rage is active, you can teleport up to 60 feet to an unoccupied space you can see. You can use this with the same Bonus Action you use to activate your Rage. &#13;
			Once per Long Rest, you can increase the range of this teleport to 150 feet, and you can bring up to 6 willing creatures within 10 feet of you. These creatures teleport to an unoccupied space of your choice within 10 feet of your destination space.</description>
		</sheet>
	</element>

	<!--Feature Replacement Grants-->
	<element name="Vitality of the Tree Feature Replacement" type="Grants" source="Internal" id="ID_INTERNAL_FEATURE_REPLACEMENT_BARBARIAN_24_WORLD_TREE_VITALITY_OF_THE_TREE" />
	<element name="Branches of the Tree Feature Replacement" type="Grants" source="Internal" id="ID_INTERNAL_FEATURE_REPLACEMENT_BARBARIAN_24_WORLD_TREE_BRANCHES_OF_THE_TREE" />
	<element name="Battering Roots Feature Replacement" type="Grants" source="Internal" id="ID_INTERNAL_FEATURE_REPLACEMENT_BARBARIAN_24_WORLD_TREE_BATTERING_ROOTS" />
	<element name="Travel Along the Tree Feature Replacement" type="Grants" source="Internal" id="ID_INTERNAL_FEATURE_REPLACEMENT_BARBARIAN_24_WORLD_TREE_TRAVEL_ALONG_THE_TREE" />

</elements>
