<?xml version="1.0" encoding="utf-8" ?>
<elements>
	<info>
		<name>College of Valor</name>
		<description>The College of Valor subclass from the Player’s Handbook 2024.</description>
		<author url="https://dndstore.wizards.com/us/en/product/1001494/2024-player-s-handbook-digital-plus-physical-bundle">Wizards of the Coast</author>
		<update version="0.0.4">
			<file name="bard-valor.xml" url="https://raw.githubusercontent.com/Netrinil/Aurora/master/core/players-handbook-2024/archetypes/bard-valor.xml" />
		</update>
	</info>

	<!-- College of Valor -->
	<element name="College of Valor" type="Archetype" source="Player’s Handbook 2024" id="ID_WOTC_PHB24_ARCHETYPE_BARD_COLLEGE_OF_VALOR">
		<supports>Bard College</supports>
		<description>
			<p class="flavor">Sing the Deeds of Ancient Heroes</p>
			<p>Bards of the College of Valor are daring storytellers whose tales preserve the memory of the great heroes of the past. These Bards sing the deeds of the mighty in vaulted halls or to crowds gathered around great bonfires. They travel to witness great events firsthand and to ensure that the memory of these events doesn’t pass away. With their songs, they inspire new generations to reach the same heights of accomplishment as the heroes of old.</p>
			<div element="ID_WOTC_PHB24_ARCHETYPE_FEATURE_BARD_VALOR_COMBAT_INSPIRATION" />
			<div element="ID_WOTC_PHB24_ARCHETYPE_FEATURE_BARD_VALOR_MARTIAL_TRAINING" />
			<div element="ID_WOTC_PHB24_ARCHETYPE_FEATURE_BARD_VALOR_EXTRA_ATTACK" />
			<div element="ID_WOTC_PHB24_ARCHETYPE_FEATURE_BARD_VALOR_BATTLE_MAGIC" />
		</description>
		<sheet display="false">
			<description>Bards of the College of Valor are daring skalds whose tales keep alive the memory of the great heroes of the past, and thereby inspire a new generation of heroes.</description>
		</sheet>
		<rules>
			<grant type="Archetype Feature" id="ID_WOTC_PHB24_ARCHETYPE_FEATURE_BARD_VALOR_COMBAT_INSPIRATION" level="3" />
			<grant type="Archetype Feature" id="ID_WOTC_PHB24_ARCHETYPE_FEATURE_BARD_VALOR_MARTIAL_TRAINING" level="3" />
			<grant type="Archetype Feature" id="ID_WOTC_PHB24_ARCHETYPE_FEATURE_BARD_VALOR_EXTRA_ATTACK" level="6" />
			<grant type="Archetype Feature" id="ID_WOTC_PHB24_ARCHETYPE_FEATURE_BARD_VALOR_BATTLE_MAGIC" level="14" />
		</rules>
	</element>

	<element name="Level 3: Combat Inspiration" type="Archetype Feature" source="Player’s Handbook 2024" id="ID_WOTC_PHB24_ARCHETYPE_FEATURE_BARD_VALOR_COMBAT_INSPIRATION">
		<requirements>!ID_INTERNAL_FEATURE_REPLACEMENT_BARD_24_VALOR_COMBAT_INSPIRATION</requirements>
		<description>
			<p>You can use your wit to turn the tide of battle. A creature that has a Bardic Inspiration die from you can use it for one of the following effects:</p>
				<p class="indent"><em><strong>Defense.</strong></em> When the creature is hit by an attack roll, that creature can use its Reaction to roll the Bardic Inspiration die and add the number rolled to its AC against that attack, potentially causing the attack to miss.</p>
				<p class="indent"><em><strong>Offense.</strong></em> Immediately after the creature hits a target with an attack roll, the creature can roll the Bardic Inspiration die and add the number rolled to the attack’s damage against the target.</p>
		</description>
		<sheet alt="Combat Inspiration">
			<description>A creature that has a Bardic Inspiration die from you can roll that die and add the number rolled to a weapon damage roll it just made. Alternatively, when a creature is hit by an attack, it can use its Reaction to roll the Bardic Inspiration die and add the number rolled to its AC, potentially causing the attack to miss instead.</description>
		</sheet>
	</element>
	<element name="Level 3: Martial Training" type="Archetype Feature" source="Player’s Handbook 2024" id="ID_WOTC_PHB24_ARCHETYPE_FEATURE_BARD_VALOR_MARTIAL_TRAINING">
		<requirements>!ID_INTERNAL_FEATURE_REPLACEMENT_BARD_24_VALOR_MARTIAL_TRAINING</requirements>
		<description>
			<p>You gain proficiency with Martial weapons and training with Medium armor and Shields.</p>
			<p class="indent">In addition, you can use a Simple or Martial weapon as a Spellcasting Focus to cast spells from your Bard spell list.</p>
		</description>
		<sheet display="false" />
		<rules>
			<grant type="Proficiency" id="ID_PROFICIENCY_ARMOR_PROFICIENCY_MEDIUM_ARMOR" requirements="ID_WOTC_SOURCE_PLAYERS_HANDBOOK"/>
			<grant type="Proficiency" id="ID_PROFICIENCY_ARMOR_PROFICIENCY_SHIELDS" requirements="ID_WOTC_SOURCE_PLAYERS_HANDBOOK"/>
			<grant type="Proficiency" id="ID_PROFICIENCY_WEAPON_PROFICIENCY_MARTIAL_WEAPONS" requirements="ID_WOTC_SOURCE_PLAYERS_HANDBOOK"/>
			<grant type="Proficiency" id="ID_WOTC_PHB24_PROFICIENCY_ARMOR_PROFICIENCY_MEDIUM_ARMOR" />
			<grant type="Proficiency" id="ID_WOTC_PHB24_PROFICIENCY_ARMOR_PROFICIENCY_SHIELDS" />
			<grant type="Proficiency" id="ID_WOTC_PHB24_PROFICIENCY_WEAPON_PROFICIENCY_MARTIAL_WEAPONS" />
		</rules>
	</element>

	<element name="Level 6: Extra Attack" type="Archetype Feature" source="Player’s Handbook 2024" id="ID_WOTC_PHB24_ARCHETYPE_FEATURE_BARD_VALOR_EXTRA_ATTACK">
		<requirements>!ID_INTERNAL_FEATURE_REPLACEMENT_BARD_24_VALOR_EXTRA_ATTACK</requirements>
		<description>
			<p>You can attack twice instead of once whenever you take the Attack action on your turn.</p>
			<p class="indent">In addition, you can cast one of your cantrips that has a casting time of an action in place of one of those attacks.</p>
		</description>
		<sheet alt="Extra Attack">
			<description>You can attack twice, instead of once, whenever you take the Attack action on your turn. Moreover, you can cast one of your cantrips (with a cast time of one action) in place of one of those attacks.</description>
		</sheet>
		<rules>
			<stat name="extra attack:count" value="2" level="6" bonus="extra attack" />
		</rules>
	</element>

	<element name="Level 14: Battle Magic" type="Archetype Feature" source="Player’s Handbook 2024" id="ID_WOTC_PHB24_ARCHETYPE_FEATURE_BARD_VALOR_BATTLE_MAGIC">
		<requirements>!ID_INTERNAL_FEATURE_REPLACEMENT_BARD_24_VALOR_BATTLE_MAGIC</requirements>
		<description>
			<p>After you cast a spell that has a casting time of an action, you can make one attack with a weapon as a Bonus Action.</p>
		</description>
		<sheet alt="Battle Magic" action="Bonus Action">
			<description>When you use your action to cast a bard spell, you can make one weapon attack.</description>
		</sheet>
	</element>
	
	<!--Feature Replacement Grants-->
	<element name="Martial Training Feature Replacement" type="Grants" source="Internal" id="ID_INTERNAL_FEATURE_REPLACEMENT_BARD_24_VALOR_MARTIAL_TRAINING" />
	<element name="Combat Inspiration Feature Replacement" type="Grants" source="Internal" id="ID_INTERNAL_FEATURE_REPLACEMENT_BARD_24_VALOR_COMBAT_INSPIRATION" />
	<element name="Extra Attack Feature Replacement" type="Grants" source="Internal" id="ID_INTERNAL_FEATURE_REPLACEMENT_BARD_24_VALOR_EXTRA_ATTACK" />
	<element name="Battle Magic Feature Replacement" type="Grants" source="Internal" id="ID_INTERNAL_FEATURE_REPLACEMENT_BARD_24_VALOR_BATTLE_MAGIC" />
</elements>
