<?xml version="1.0" encoding="utf-8" ?>
<elements>
	<info>
		<update version="0.0.1">
		<file name="cleric-light.xml" url="https://raw.githubusercontent.com/Netrinil/Aurora/master/core/players-handbook-2024/archetypes/cleric-light.xml" />
		</update>
	</info>

	<element name="Light Domain" type="Archetype" source="Player’s Handbook 2024" id="ID_WOTC_PHB24_ARCHETYPE_CLERIC_LIGHT_DOMAIN">
		<supports>Divine Domain</supports>
		<description>
			<h5><i>Bring Light to Banish Darkness</i></h5>
			<p>The Light Domain emphasizes the divine power to bring about blazing fire and revelation. Clerics who wield this power are enlightened souls infused with radiance and the power of their deities' discerning vision, charged with chasing away lies and burning away darkness.</p>
			<p>The Light Domain is associated with gods of truth, vigilance, beauty, insight, and renewal. Some of these gods are identified with the sun or as charioteers who guide the sun across the sky. Others are sentinels who pierce deception. Some are deities of beauty and artistry who teach that art is a vehicle for the soul's improvement.</p>
			<h5 class="caption">LIGHT DOMAIN SPELLS</h5>
			<p>Your connection to this divine domain ensures you always have certain spells ready. When you reach a Cleric level specified in the Light Domain Spells table, you thereafter always have the listed spells prepared.</p>
			<h5 class="caption">LIGHT DOMAIN SPELLS</h5>
			<table>
				<thead>
					<tr><td>Cleric Level</td><td>Spells</td></tr>
				</thead>
				<tr><td>1st</td><td><em>burning hands, faerie fire</em></td></tr>
				<tr><td>3rd</td><td><em>flaming sphere, scorching ray</em></td></tr>
				<tr><td>5th</td><td><em>daylight, fireball</em></td></tr>
				<tr><td>7th</td><td><em>guardian of faith, wall of fire</em></td></tr>
				<tr><td>9th</td><td><em>flame strike, scrying</em></td></tr>
			</table>
			<div element="ID_WOTC_PHB24_ARCHETYPE_FEATURE_LIGHT_DOMAIN_WARDING_FLARE" />
			<div element="ID_WOTC_PHB24_ARCHETYPE_FEATURE_LIGHT_DOMAIN_CD_RADIANCE_OF_THE_DAWN" />
			<div element="ID_WOTC_PHB24_ARCHETYPE_FEATURE_LIGHT_DOMAIN_IMPROVED_FLARE" />
			<div element="ID_WOTC_PHB24_ARCHETYPE_FEATURE_LIGHT_DOMAIN_CORONA_OF_LIGHT" />
		</description>
		<sheet display="false">
			<description>The gods of war watch over warriors and reward them for their great deeds.</description>
		</sheet>
		<rules>

			<grant type="Spell" id="ID_WOTC_PHB24_SPELL_BURNING_HANDS" level="3" spellcasting="Cleric" prepared="true" />
			<grant type="Spell" id="ID_WOTC_PHB24_SPELL_FAERIE_FIRE" level="3" spellcasting="Cleric" prepared="true" />
			<grant type="Spell" id="ID_WOTC_PHB24_SPELL_SEE_INVISIBILITY" level="3" spellcasting="Cleric" prepared="true" />
			<grant type="Spell" id="ID_WOTC_PHB24_SPELL_SCORCHING_RAY" level="3" spellcasting="Cleric" prepared="true" />
			<grant type="Spell" id="ID_WOTC_PHB24_SPELL_DAYLIGHT" level="5" spellcasting="Cleric" prepared="true" />
			<grant type="Spell" id="ID_WOTC_PHB24_SPELL_FIREBALL" level="5" spellcasting="Cleric" prepared="true" />
			<grant type="Spell" id="ID_WOTC_PHB24_SPELL_ARCANE_EYE" level="7" spellcasting="Cleric" prepared="true" />
			<grant type="Spell" id="ID_WOTC_PHB24_SPELL_WALL_OF_FIRE" level="7" spellcasting="Cleric" prepared="true" />
			<grant type="Spell" id="ID_WOTC_PHB24_SPELL_FLAME_STRIKE" level="9" spellcasting="Cleric" prepared="true" />
			<grant type="Spell" id="ID_WOTC_PHB24_SPELL_SCRYING" level="9" spellcasting="Cleric" prepared="true" />


			<grant type="Archetype Feature" id="ID_WOTC_PHB24_ARCHETYPE_FEATURE_LIGHT_DOMAIN_WARDING_FLARE" level="3"/>
			<grant type="Archetype Feature" id="ID_WOTC_PHB24_ARCHETYPE_FEATURE_LIGHT_DOMAIN_CD_RADIANCE_OF_THE_DAWN" level="3"/>
			<grant type="Archetype Feature" id="ID_WOTC_PHB24_ARCHETYPE_FEATURE_LIGHT_DOMAIN_IMPROVED_FLARE" level="6"/>
			<grant type="Archetype Feature" id="ID_WOTC_PHB24_ARCHETYPE_FEATURE_LIGHT_DOMAIN_CORONA_OF_LIGHT" level="17"/> 
		</rules>
	</element>


	<element name="Level 3: Warding Flare" type="Archetype Feature" source="Player’s Handbook 2024" id="ID_WOTC_PHB24_ARCHETYPE_FEATURE_LIGHT_DOMAIN_WARDING_FLARE">
		<requirements>!ID_INTERNAL_FEATURE_REPLACEMENT_CLERIC_LIGHT_DOMAIN_WARDING_FLARE</requirements>
		<description>
			<p>When a creature that you can see within 30 feet of yourself makes an attack roll, you can take a Reaction to impose Disadvantage on the attack roll, causing light to flare before it hits or misses.</p>
			<p class="indent">You can use this feature a number of times equal to your Wisdom modifier (minimum of once). You regain all expended uses when you finish a Long Rest.</p>
		</description>
		<sheet alt="Warding Flare" action="Reaction" usage="{{warding flare:count}}/Long Rest" >
			<description>When a creature that you can see within 30 feet of yourself makes an attack roll, you can take a Reaction to impose Disadvantage on the attack roll before it hits or misses.</description>
			<description usage="{{warding flare:count}}/Short Rest" level="6">When a creature that you can see within 30 feet of yourself makes an attack roll, you can take a Reaction to impose Disadvantage on the attack roll before it hits or misses. Additionally, you can give the target of the triggering attack 2d6+{{wisdom:modifier}} Temporary Hit Points.</description>
		</sheet>
		<rules>
			<stat name="warding flare:count" value="1" bonus="base" />
			<stat name="warding flare:count" value="wisdom:modifier" bonus="base" />
		</rules>
	</element>
	<element name="Level 3: Channel Divinity: Radiance of the Dawn" type="Archetype Feature" source="Player’s Handbook 2024" id="ID_WOTC_PHB24_ARCHETYPE_FEATURE_LIGHT_DOMAIN_CD_RADIANCE_OF_THE_DAWN">
		<requirements>!ID_INTERNAL_FEATURE_REPLACEMENT_CLERIC_LIGHT_DOMAIN_CD_RADIANCE_OF_THE_DAWN</requirements>
		<description>
			<p>As a Magic action, you present your Holy Symbol and expend a use of your Channel Divinity to emit a flash of light in a 30-foot Emanation originating from yourself. Any magical Darkness—such as that created by the Darkness spell—in that area is dispelled. Additionally, each creature of your choice in that area must make a Constitution saving throw, taking Radiant damage equal to 2d10 plus your Cleric level on a failed save or half as much damage on a successful one.</p>
		</description>
		<sheet alt="Radiance of the Dawn" action="Magic Action" usage="Channel Divinity">
			<description>You present your holy symbol, and any magical darkness within 30 feet of you is dispelled. Each creature of your choice within 30 feet of you must make a Constitution saving throw. A creature takes 2d10+{{level:cleric}} radiant damage on a failed saving throw, and half as much damage on a successful one.</description>

		</sheet>
	</element>
	<element name="Level 6: Improved Flare" type="Archetype Feature" source="Player’s Handbook 2024" id="ID_WOTC_PHB24_ARCHETYPE_FEATURE_LIGHT_DOMAIN_IMPROVED_FLARE">
		<requirements>!ID_INTERNAL_FEATURE_REPLACEMENT_CLERIC_LIGHT_DOMAIN_IMPROVED_FLARE</requirements>
		<description>
			<p>You regain all expended uses of your Warding Flare when you finish a Short or Long Rest.</p>
			<p class="indent">In addition, whenever you use Warding Flare, you can give the target of the triggering attack a number of Temporary Hit Points equal to 2d6 plus your Wisdom modifier.</p>
		</description>
		<sheet alt="Improved Flare" display="false" />
	</element>

	<element name="Level 17: Corona of Light" type="Archetype Feature" source="Player’s Handbook 2024" id="ID_WOTC_PHB24_ARCHETYPE_FEATURE_LIGHT_DOMAIN_CORONA_OF_LIGHT">
		<requirements>!ID_INTERNAL_FEATURE_REPLACEMENT_CLERIC_LIGHT_DOMAIN_CORONA_OF_LIGHT</requirements>
		<description>
			<p>As a Magic action, you cause yourself to emit an aura of sunlight that lasts for 1 minute or until you dismiss it (no action required). You emit Bright Light in a 60-foot radius and Dim Light for an additional 30 feet. Your enemies in the Bright Light have Disadvantage on saving throws against your Radiance of the Dawn and any spell that deals Fire or Radiant damage.</p>
			<p class="indent">You can use this feature a number of times equal to your Wisdom modifier (minimum of once). You regain all expended uses when you finish a Long Rest.</p>
		</description>
		<sheet alt="Corona of Light" action="Magic Action" usage="{{corona of light:count}}/Long Rest">
			<description>You cause yourself to emit an aura of sunlight that lasts for 1 minute or until you dismiss it (no action required). You emit Bright Light in a 60-foot radius and Dim Light for an additional 30 feet. Your enemies in the Bright Light have Disadvantage on saving throws against your Radiance of the Dawn and any spell that deals Fire or Radiant damage..</description>
		</sheet>
		<rules>
			<stat name="corona of light:count" value="1" bonus="base" />
			<stat name="corona of light:count" value="wisdom:modifier" bonus="base" />
		</rules>
	</element>
	
	<!--Feature Replacement Grants-->

	<element name="Warding Flare Feature Replacement" type="Grants" source="Internal" id="ID_INTERNAL_FEATURE_REPLACEMENT_CLERIC_LIGHT_DOMAIN_WARDING_FLARE" />
	<element name="Channel Divinity: Radiance of the Dawn Feature Replacement" type="Grants" source="Internal" id="ID_INTERNAL_FEATURE_REPLACEMENT_CLERIC_LIGHT_DOMAIN_CD_RADIANCE_OF_THE_DAWN" />
	<element name="Improved Flare Feature Replacement" type="Grants" source="Internal" id="ID_INTERNAL_FEATURE_REPLACEMENT_CLERIC_LIGHT_DOMAIN_IMPROVED_FLARE" />
	<element name="Corona of Light Feature Replacement" type="Grants" source="Internal" id="ID_INTERNAL_FEATURE_REPLACEMENT_CLERIC_LIGHT_DOMAIN_CORONA_OF_LIGHT" />
</elements>