<?xml version="1.0" encoding="utf-8" ?>
<elements>
	<info>
		<name>Circle of the Sea</name>
		<description>The Circle of the Sea subclass from the Player’s Handbook 2024.</description>
		<author url="https://dndstore.wizards.com/us/en/product/1001494/2024-player-s-handbook-digital-plus-physical-bundle">Wizards of the Coast</author>
		<update version="0.0.4">
			<file name="druid-sea.xml" url="https://raw.githubusercontent.com/Netrinil/Aurora/master/core/players-handbook-2024/archetypes/druid-sea.xml" />
		</update>
	</info>

	<element name="Circle of the Sea" type="Archetype" source="Player’s Handbook 2024" id="ID_WOTC_PHB24_ARCHETYPE_DRUID_CIRCLE_OF_THE_SEA">
		<supports>Druid Circle</supports>
		<description>
			<p class="flavor">Become One with Tides and Storms</p>
			<p>Druids of the Circle of the Sea draw on the tempestuous forces of oceans and storms. Some view themselves as embodiments of nature’s wrath, seeking vengeance against those who despoil nature. Others seek mystical unity with nature by attuning themselves to the ebb and flow of the tides, following the rush of currents and waves and listening to the inscrutable whispers and roars of the winds.</p>
			<div element="ID_WOTC_PHB24_ARCHETYPE_FEATURE_DRUID_SEA_CIRCLE_OF_SEA_SPELLS" />
			<div element="ID_WOTC_PHB24_ARCHETYPE_FEATURE_DRUID_SEA_WRATH_OF_THE_SEA" />
			<div element="ID_WOTC_PHB24_ARCHETYPE_FEATURE_DRUID_SEA_AQUATIC_AFFINITY" />
			<div element="ID_WOTC_PHB24_ARCHETYPE_FEATURE_DRUID_SEA_STORMBORN" />
			<div element="ID_WOTC_PHB24_ARCHETYPE_FEATURE_DRUID_SEA_OCEANIC_GIFT" />
		</description>
		<sheet display="false" />
		<rules>
			<grant type="Archetype Feature" id="ID_WOTC_PHB24_ARCHETYPE_FEATURE_DRUID_SEA_CIRCLE_OF_SEA_SPELLS" level="3" />
			<grant type="Archetype Feature" id="ID_WOTC_PHB24_ARCHETYPE_FEATURE_DRUID_SEA_WRATH_OF_THE_SEA" level="3" />
			<grant type="Archetype Feature" id="ID_WOTC_PHB24_ARCHETYPE_FEATURE_DRUID_SEA_AQUATIC_AFFINITY" level="6" />
			<grant type="Archetype Feature" id="ID_WOTC_PHB24_ARCHETYPE_FEATURE_DRUID_SEA_STORMBORN" level="10" />
			<grant type="Archetype Feature" id="ID_WOTC_PHB24_ARCHETYPE_FEATURE_DRUID_SEA_OCEANIC_GIFT" level="14" />
		</rules>
	</element>

	<element name="Level 3: Circle of the Sea Spells" type="Archetype Feature" source="Player’s Handbook 2024" id="ID_WOTC_PHB24_ARCHETYPE_FEATURE_DRUID_SEA_CIRCLE_OF_SEA_SPELLS">
		<requirements>!ID_INTERNAL_FEATURE_REPLACEMENT_DRUID_24_SEA_CIRCLE_OF_SEA_SPELLS</requirements>
		<description>
			<p>When you reach a Druid level specified in the Circle of the Sea Spells table, you thereafter always have the listed spells prepared.</p>
			<h5 class="caption">Circle of the Sea Spells</h5>
			<table>
				<thead>
					<tr><td>Druid Level</td><td>Circle Spells</td></tr>
				</thead>
				<tr><td>3rd</td><td><em>Fog Cloud, Gust of Wind, Ray of Frost, Shatter, Thunderwave</em></td></tr>
				<tr><td>5th</td><td><em>Lightning Bolt, Water Breathing</em></td></tr>
				<tr><td>7th</td><td><em>Control Water, Ice Storm</em></td></tr>
				<tr><td>9th</td><td><em>Conjure Elemental, Hold Monster</em></td></tr>
			</table>
		</description>
		<sheet display="false" />
		<rules>
			<!--<grant type="Spell" id="ID_PHB_SPELL_RAY_OF_FROST" level="3" spellcasting="Druid" />
			<grant type="Spell" id="ID_PHB_SPELL_FOG_CLOUD" level="3" spellcasting="Druid" prepared="true" />
			<grant type="Spell" id="ID_PHB_SPELL_THUNDERWAVE" level="3" spellcasting="Druid" prepared="true" />
			<grant type="Spell" id="ID_PHB_SPELL_GUST_OF_WIND" level="3" spellcasting="Druid" prepared="true" />
			<grant type="Spell" id="ID_PHB_SPELL_SHATTER" level="3" spellcasting="Druid" prepared="true" />
			<grant type="Spell" id="ID_PHB_SPELL_LIGHTNING_BOLT" level="5" spellcasting="Druid" prepared="true" />
			<grant type="Spell" id="ID_PHB_SPELL_WATER_BREATHING" level="5" spellcasting="Druid" prepared="true" />
			<grant type="Spell" id="ID_PHB_SPELL_CONTROL_WATER" level="7" spellcasting="Druid" prepared="true" />
			<grant type="Spell" id="ID_PHB_SPELL_ICE_STORM" level="7" spellcasting="Druid" prepared="true" />
			<grant type="Spell" id="ID_PHB_SPELL_CONJURE_ELEMENTAL" level="9" spellcasting="Druid" prepared="true" />
			<grant type="Spell" id="ID_PHB_SPELL_HOLD_MONSTER" level="9" spellcasting="Druid" prepared="true" />-->

			<grant type="Spell" id="ID_WOTC_PHB24_SPELL_RAY_OF_FROST" level="3" spellcasting="Druid" />
			<grant type="Spell" id="ID_WOTC_PHB24_SPELL_FOG_CLOUD" level="3" spellcasting="Druid" prepared="true" />
			<grant type="Spell" id="ID_WOTC_PHB24_SPELL_THUNDERWAVE" level="3" spellcasting="Druid" prepared="true" />
			<grant type="Spell" id="ID_WOTC_PHB24_SPELL_GUST_OF_WIND" level="3" spellcasting="Druid" prepared="true" />
			<grant type="Spell" id="ID_WOTC_PHB24_SPELL_SHATTER" level="3" spellcasting="Druid" prepared="true" />
			<grant type="Spell" id="ID_WOTC_PHB24_SPELL_LIGHTNING_BOLT" level="5" spellcasting="Druid" prepared="true" />
			<grant type="Spell" id="ID_WOTC_PHB24_SPELL_WATER_BREATHING" level="5" spellcasting="Druid" prepared="true" />
			<grant type="Spell" id="ID_WOTC_PHB24_SPELL_CONTROL_WATER" level="7" spellcasting="Druid" prepared="true" />
			<grant type="Spell" id="ID_WOTC_PHB24_SPELL_ICE_STORM" level="7" spellcasting="Druid" prepared="true" />
			<grant type="Spell" id="ID_WOTC_PHB24_SPELL_CONJURE_ELEMENTAL" level="9" spellcasting="Druid" prepared="true" />
			<grant type="Spell" id="ID_WOTC_PHB24_SPELL_HOLD_MONSTER" level="9" spellcasting="Druid" prepared="true" />
		</rules>
	</element>
	<element name="Level 3: Wrath of the Sea" type="Archetype Feature" source="Player’s Handbook 2024" id="ID_WOTC_PHB24_ARCHETYPE_FEATURE_DRUID_SEA_WRATH_OF_THE_SEA">
		<requirements>!ID_INTERNAL_FEATURE_REPLACEMENT_DRUID_24_SEA_WRATH_OF_THE_SEA</requirements>
		<description>
			<p>As a Bonus Action, you can expend a use of your Wild Shape to manifest a 5-foot Emanation that takes the form of ocean spray that surrounds you for 10 minutes. It ends early if you dismiss it (no action required), manifest it again, or have the Incapacitated condition.</p>
			<p class="indent">When you manifest the Emanation and as a Bonus Action on your subsequent turns, you can choose another creature you can see in the Emanation. The target must succeed on a Constitution saving throw against your spell save DC or take Cold damage and, if the creature is Large or smaller, be pushed up to 15 feet away from you. To determine this damage, roll a number of d6s equal to your Wisdom modifier (minimum of one die).</p>
		</description>
		<sheet alt="Wrath of the Sea" action="Bonus Action" usage="Wild Shape">
			<description>You can manifest a {{wrath of the sea:size}}-foot Emanation for the next 10 minutes. Upon manifesting it and as a Bonus Action each subsequent turn, you can force a creature within the Emanation to make a DC{{druid:spellcasting:dc}} Constitution saving throw. On a failure, the creature takes {{wrath of the sea:damage}}d6 Cold damage, and if it is Large or smaller it is pushed up to 15 feet away from you. &#13;
			The Emanation ends early if you dismiss it (no action required), manifest it again, or have the Incapacitated condition.</description>
		</sheet>
		<rules>
			<stat name="wrath of the sea:size" value="5" />
			<stat name="wrath of the sea:damage" value="1" bonus="wrath of the sea" />
			<stat name="wrath of the sea:damage" value="wisdom:modifier" bonus="wrath of the sea" />
		</rules>
	</element>

	<element name="Level 6: Aquatic Affinity" type="Archetype Feature" source="Player’s Handbook 2024" id="ID_WOTC_PHB24_ARCHETYPE_FEATURE_DRUID_SEA_AQUATIC_AFFINITY">
		<requirements>!ID_INTERNAL_FEATURE_REPLACEMENT_DRUID_24_SEA_AQUATIC_AFFINITY</requirements>
		<description>
			<p>The size of the Emanation created by your Wrath of the Sea increases to 10 feet.</p>
			<p class="indent">In addition, you gain a Swim Speed equal to your Speed.</p>
		</description>
		<sheet alt="Aquatic Affinity">
			<description>Your Wrath of the Sea Emanation increases to 10 feet, and you gain a Swim Speed of {{speed}}.</description>
		</sheet>
		<rules>
			<stat name="wrath of the sea:size" value="5" />
			<stat name="speed:swim" value="speed" />
		</rules>
	</element>

	<element name="Level 10: Stormborn" type="Archetype Feature" source="Player’s Handbook 2024" id="ID_WOTC_PHB24_ARCHETYPE_FEATURE_DRUID_SEA_STORMBORN">
		<requirements>!ID_INTERNAL_FEATURE_REPLACEMENT_DRUID_24_SEA_STORMBORN</requirements>
		<description>
			<p>Your Wrath of the Sea confers two more benefits while active, as detailed below.</p>
			<p class="indent"><em><strong>Flight.</strong></em> You gain a Fly Speed equal to your Speed.</p>
			<p class="indent"><em><strong>Resistatnce.</strong></em> You have Resistance to Cold, Lightning, and Thunder damage.</p>
		</description>
		<sheet alt="Stormborn">
			<description>While your Wrath of the Sea is activated, you gain a Fly Speed of {{speed}} feet, and you have Resistance to Cold, Lightning, and Thunder damage.</description>
		</sheet>
	</element>

	<element name="Level 14: Oceanic Gift" type="Archetype Feature" source="Player’s Handbook 2024" id="ID_WOTC_PHB24_ARCHETYPE_FEATURE_DRUID_SEA_OCEANIC_GIFT">
		<requirements>!ID_INTERNAL_FEATURE_REPLACEMENT_DRUID_24_SEA_OCEANIC_GIFT</requirements>
		<description>
			<p>Instead of manifesting the Emanation of Wrath of the Sea around yourself, you can manifest it around one willing creature within 60 feet of yourself. That creature gains all the benefits of the Emanation and uses your spell save DC and Wisdom modifier for it.</p>
			<p class="indent">In addition, you can manifest the Emanation around both the other creature and yourself if you expend two uses of your Wild Shape instead of one when manifesting it.</p>
			</description>
		<sheet alt="Oceanic Gift" >
			<description>You can create your Wrath of the Sea Emanation around a willing creature within 60 feet of yourself, and they gain all the benefits of the Emanation. &#13;
			If you expend two uses of Wild Shape, you can manifest the Emanation around both yourself and the willing creature simultaneously.</description>
		</sheet>
	</element>

	<!--Feature Replacement Grants-->
	<element name="Circle of the Sea Spells Feature Replacement" type="Grants" source="Internal" id="ID_INTERNAL_FEATURE_REPLACEMENT_DRUID_24_SEA_CIRCLE_OF_SEA_SPELLS" />
	<element name="Wrath of the Sea Feature Replacement" type="Grants" source="Internal" id="ID_INTERNAL_FEATURE_REPLACEMENT_DRUID_24_SEA_WRATH_OF_THE_SEA" />
	<element name="Aquatic Affinity Feature Replacement" type="Grants" source="Internal" id="ID_INTERNAL_FEATURE_REPLACEMENT_DRUID_24_SEA_AQUATIC_AFFINITY" />
	<element name="Stormborn Feature Replacement" type="Grants" source="Internal" id="ID_INTERNAL_FEATURE_REPLACEMENT_DRUID_24_SEA_STORMBORN" />
	<element name="Oceanic Gift Feature Replacement" type="Grants" source="Internal" id="ID_INTERNAL_FEATURE_REPLACEMENT_DRUID_24_SEA_OCEANIC_GIFT" />

</elements>
