<?xml version="1.0" encoding="utf-8" ?>
<elements>
	<info>
		<name>Circle of the Stars</name>
		<description>The Circle of the Stars subclass from the Player’s Handbook 2024.</description>
		<author url="https://dndstore.wizards.com/us/en/product/1001494/2024-player-s-handbook-digital-plus-physical-bundle">Wizards of the Coast</author>
		<update version="0.0.4">
			<file name="druid-stars.xml" url="https://raw.githubusercontent.com/Netrinil/Aurora/master/core/players-handbook-2024/archetypes/druid-stars.xml" />
		</update>
	</info>

	<element name="Circle of the Stars" type="Archetype" source="Player’s Handbook 2024" id="ID_WOTC_PHB24_ARCHETYPE_DRUID_CIRCLE_OF_THE_STARS">
		<supports>Druid Circle</supports>
		<description>
			<p class="flavor">Harness Secrets Hidden in Constellations</p>
			<p>The Circle of the Stars has tracked heavenly patterns since time immemorial, discovering secrets hidden amid the constellations. By understanding these secrets, the Druids of this circle seek to harness the powers of the cosmos.</p>
			<div element="ID_WOTC_PHB24_ARCHETYPE_FEATURE_DRUID_STARS_STAR_MAP" />
			<div element="ID_WOTC_PHB24_ARCHETYPE_FEATURE_DRUID_STARS_STARRY_FORM" />
			<div element="ID_WOTC_PHB24_ARCHETYPE_FEATURE_DRUID_STARS_COSMIC_OMEN" />
			<div element="ID_WOTC_PHB24_ARCHETYPE_FEATURE_DRUID_STARS_TWINKLING_CONSTELLATIONS" />
			<div element="ID_WOTC_PHB24_ARCHETYPE_FEATURE_DRUID_STARS_FULL_OF_STARS" />
		</description>
		<sheet display="false" />
		<rules>
			<grant type="Archetype Feature" id="ID_WOTC_PHB24_ARCHETYPE_FEATURE_DRUID_STARS_STAR_MAP" level="3" />
			<grant type="Archetype Feature" id="ID_WOTC_PHB24_ARCHETYPE_FEATURE_DRUID_STARS_STARRY_FORM" level="3" />
			<grant type="Archetype Feature" id="ID_WOTC_PHB24_ARCHETYPE_FEATURE_DRUID_STARS_COSMIC_OMEN" level="6" />
			<grant type="Archetype Feature" id="ID_WOTC_PHB24_ARCHETYPE_FEATURE_DRUID_STARS_TWINKLING_CONSTELLATIONS" level="10" />
			<grant type="Archetype Feature" id="ID_WOTC_PHB24_ARCHETYPE_FEATURE_DRUID_STARS_FULL_OF_STARS" level="14" />
		</rules>
	</element>

	<element name="Level 3: Star Map" type="Archetype Feature" source="Player’s Handbook 2024" id="ID_WOTC_PHB24_ARCHETYPE_FEATURE_DRUID_STARS_STAR_MAP">
		<requirements>!ID_INTERNAL_FEATURE_REPLACEMENT_DRUID_24_STARS_STAR_MAP</requirements>
		<description>
			<p>You’ve created a star chart as part of your heavenly studies. It is a Tiny object, and you can use it as a Spellcasting Focus for your Druid spells. You determine its form by rolling on the Star Map table or by choosing one.</p>
			<p class="indent">While holding the map, you have the <i>Guidance</i> and <i>Guiding Bolt</i> spells prepared, and you can cast <i>Guiding Bolt</i> without expending a spell slot. You can cast it in that way a number of times equal to your Wisdom modifier (minimum of once), and you regain all expended uses when you finish a Long Rest.</p>
			<p class="indent">If you lose the map, you can perform a 1-hour ceremony to magically create a replacement. This ceremony can be performed during a Short or Long Rest, and it destroys the previous map.</p>
			<h5 class="caption">Star Map</h5>
			<table>
				<thead>
					<tr><td class="center">1d6</td><td class="left">Map Form</td></tr>
				</thead>
				<tr><td>1</td><td>A scroll bearing depictions of constellations</td></tr>
				<tr><td>2</td><td>A stone tablet with fine holes drilled through it</td></tr>
				<tr><td>3</td><td>An owlbear hide tooled with stellar symbols</td></tr>
				<tr><td>4</td><td>A collection of maps bound in an ebony cover</td></tr>
				<tr><td>5</td><td>A crystal engraved with starry patterns</td></tr>
				<tr><td>6</td><td>A glass disk etched with constellations</td></tr>
			</table>
			<div class="reference">
				<!--<div element="ID_PHB_SPELL_GUIDANCE" />-->
				<div element="ID_WOTC_PHB24_SPELL_GUIDANCE" />
			</div>
			<div class="reference">
				<!--<div element="ID_PHB_SPELL_GUIDING_BOLT" />-->
				<div element="ID_WOTC_PHB24_SPELL_GUIDING_BOLT" />
			</div>
		</description>
		<sheet alt="Star Map">
			<description>You’ve created a star chart as part of your heavenly studies. It is a Tiny object and can serve as a spellcasting focus for your druid spells. While holding this map, you have these benefits: &#13;
			• You can cast Guiding Bolt without expending a spell slot {{star map:uses}} times/Long Rest. &#13;
			• If you lose the map, you can perform a 1-hour ceremony to magically create a replacement. This ceremony can be performed during a Short or Long Rest, and it destroys the previous map.</description>
		</sheet>
		<rules>
			<stat name="star map:uses" value="1" bonus="star map" />
			<stat name="star map:uses" value="wisdom:modifier" bonus="star map" />
			
			<!--<grant type="Spell" id="ID_PHB_SPELL_GUIDANCE" level="3" spellcasting="Druid" />
			<grant type="Spell" id="ID_PHB_SPELL_GUIDING_BOLT" level="3" spellcasting="Druid" prepared="true" />-->
			<grant type="Spell" id="ID_WOTC_PHB24_SPELL_GUIDANCE" level="3" spellcasting="Druid" />
			<grant type="Spell" id="ID_WOTC_PHB24_SPELL_GUIDING_BOLT" level="3" spellcasting="Druid" prepared="true" />
		</rules>
	</element>
	<element name="Level 3: Starry Form" type="Archetype Feature" source="Player’s Handbook 2024" id="ID_WOTC_PHB24_ARCHETYPE_FEATURE_DRUID_STARS_STARRY_FORM">
		<requirements>!ID_INTERNAL_FEATURE_REPLACEMENT_DRUID_24_STARS_STARRY_FORM</requirements>
		<description>
			<p>As a Bonus Action, you can expend a use of your Wild Shape feature to take on a starry form rather than shape-shifting.</p>
			<p class="indent">While in your starry form, you retain your game statistics, but your body becomes luminous, your joints glimmer like stars, and glowing lines connect them as on a star chart. This form sheds Bright Light in a 10-foot radius and Dim Light for an additional 10 feet. The form lasts for 10 minutes. It ends early if you dismiss it (no action required), have the Incapacitated condition, or use this feature again.</p>
			<p class="indent">Whenever you assume your starry form, choose which of the following constellations glimmers on your body; your choice gives you certain benefits while in the form.</p>
			<p class="indent"><em><strong>Archer.</strong></em> A constellation of an archer appears on you. When you activate this form and as a Bonus Action on your subsequent turns while it lasts, you can make a ranged spell attack, hurling a luminous arrow that targets one creature within 60 feet of yourself. On a hit, the attack deals Radiant damage equal to 1d8 plus your Wisdom modifier.</p>
			<p class="indent"><em><strong>Chalice.</strong></em> A constellation of a life-giving goblet appears on you. Whenever you cast a spell using a spell slot that restores Hit Points to a creature, you or another creature within 30 feet of you can regain Hit Points equal to 1d8 plus your Wisdom modifier.</p>
			<p class="indent"><em><strong>Dragon.</strong></em> A constellation of a wise dragon appears on you. When you make an Intelligence or a Wisdom check or a Constitution saving throw to maintain Concentration, you can treat a roll of 9 or lower on the d20 as a 10.</p>
		</description>
		<sheet alt="Starry Form" action="Bonus Action" usage="Wild Shape">
			<description>You can expend a use of your Wild Shape feature to take on a starry form, rather than transforming into a beast.
			While in a starry form, you retain your game statistics. This form sheds bright light in a 10-foot radius and dim light for an additional 10 feet. The form lasts for 10 minutes. It ends early if you dismiss it (no action required), have the Incapacitated condition, or use this feature again.</description>
		</sheet>
		<rules>
			<select type="Archetype Feature" name="Archer" supports="ID_WOTC_PHB24_ARCHETYPE_FEATURE_DRUID_STARS_STARRY_FORM_ARCHER" default="ID_WOTC_PHB24_ARCHETYPE_FEATURE_DRUID_STARS_STARRY_FORM_ARCHER" />
			<select type="Archetype Feature" name="Chalice" supports="ID_WOTC_PHB24_ARCHETYPE_FEATURE_DRUID_STARS_STARRY_FORM_CHALICE" default="ID_WOTC_PHB24_ARCHETYPE_FEATURE_DRUID_STARS_STARRY_FORM_CHALICE" />
			<select type="Archetype Feature" name="Dragon" supports="ID_WOTC_PHB24_ARCHETYPE_FEATURE_DRUID_STARS_STARRY_FORM_DRAGON" default="ID_WOTC_PHB24_ARCHETYPE_FEATURE_DRUID_STARS_STARRY_FORM_DRAGON" />
		</rules>
	</element>
	<element name="Archer" type="Archetype Feature" source="Player’s Handbook 2024" id="ID_WOTC_PHB24_ARCHETYPE_FEATURE_DRUID_STARS_STARRY_FORM_ARCHER">
		<supports>ID_WOTC_PHB24_ARCHETYPE_FEATURE_DRUID_STARS_STARRY_FORM_ARCHER</supports>
		<compendium display="false" />
		<requirements>!ID_INTERNAL_FEATURE_REPLACEMENT_DRUID_24_STARS_STARRY_FORM_ARCHER</requirements>
		<description>
			<p>A constellation of an archer appears on you. When you activate this form and as a Bonus Action on your subsequent turns while it lasts, you can make a ranged spell attack, hurling a luminous arrow that targets one creature within 60 feet of yourself. On a hit, the attack deals Radiant damage equal to 1d8 plus your Wisdom modifier.</p>
		</description>
		<sheet>
			<description>When you activate this form and as a Bonus Action on your subsequent turns while it lasts, you can make a ranged spell attack, hurling a luminous arrow that targets one creature within 60 feet of yourself. On a hit, the attack deals {{archer constellation:dice:count}}d8 + {{wisdom:modifier}} Radiant damage.</description>
		</sheet>
		<rules>
			<stat name="archer constellation:dice:count" value="1" bonus="base" />
		</rules>
	</element>
	<element name="Chalice" type="Archetype Feature" source="Player’s Handbook 2024" id="ID_WOTC_PHB24_ARCHETYPE_FEATURE_DRUID_STARS_STARRY_FORM_CHALICE">
		<supports>ID_WOTC_PHB24_ARCHETYPE_FEATURE_DRUID_STARS_STARRY_FORM_CHALICE</supports>
		<compendium display="false" />
		<requirements>!ID_INTERNAL_FEATURE_REPLACEMENT_DRUID_24_STARS_STARRY_FORM_CHALICE</requirements>
		<description>
			<p>A constellation of a life-giving goblet appears on you. Whenever you cast a spell using a spell slot that restores Hit Points to a creature, you or another creature within 30 feet of you can regain Hit Points equal to 1d8 plus your Wisdom modifier.</p>
		</description>
		<sheet>
			<description>Whenever you cast a spell using a spell slot that restores Hit Points to a creature, you or another creature within 30 feet of you can regain {{chalice constellation:dice:count}}d8 + {{wisdom:modifier}} hp.</description>
		</sheet>
		<rules>
			<stat name="chalice constellation:dice:count" value="1" bonus="base" />
		</rules>
	</element>
	<element name="Dragon" type="Archetype Feature" source="Player’s Handbook 2024" id="ID_WOTC_PHB24_ARCHETYPE_FEATURE_DRUID_STARS_STARRY_FORM_DRAGON">
		<supports>ID_WOTC_PHB24_ARCHETYPE_FEATURE_DRUID_STARS_STARRY_FORM_DRAGON</supports>
		<compendium display="false" />
		<requirements>!ID_INTERNAL_FEATURE_REPLACEMENT_DRUID_24_STARS_STARRY_FORM_DRAGON</requirements>
		<description>
			<p>A constellation of a wise dragon appears on you. When you make an Intelligence or a Wisdom check or a Constitution saving throw to maintain Concentration, you can treat a roll of 9 or lower on the d20 as a 10.</p>
		</description>
		<sheet>
			<description>When you make an Intelligence or a Wisdom check or a Constitution saving throw to maintain Concentration, you can treat a roll of 9 or lower on the d20 as a 10.</description>
		</sheet>
	</element>

	<element name="Level 6: Cosmic Omen" type="Archetype Feature" source="Player’s Handbook 2024" id="ID_WOTC_PHB24_ARCHETYPE_FEATURE_DRUID_STARS_COSMIC_OMEN">
		<requirements>!ID_INTERNAL_FEATURE_REPLACEMENT_DRUID_24_STARS_COSMIC_OMEN</requirements>
		<description>
			<p>Whenever you finish a Long Rest, you can consult your Star Map for omens and roll a die. Until you finish your next Long Rest, you gain access to a special Reaction based on whether you rolled an even or an odd number on the die:</p>
			<p class="indent"><em><strong>Weal (even).</strong></em> Whenever a creature you can see within 30 feet of you is about to make a D20 Test, you can take a Reaction to roll 1d6 and add the number rolled to the total.</p>
			<p class="indent"><em><strong>Woe (even).</strong></em> Whenever a creature you can see within 30 feet of you is about to make a D20 Test, you can take a Reaction to roll 1d6 and subtract the number rolled from the total.</p>
			<p>You can use this Reaction a number of times equal to your Wisdom modifier (minimum of once), and you regain all expended uses when you finish a Long Rest.</p>
		</description>
		<sheet alt="Cosmic Omen" action="Reaction" usage="{{cosmic omen:count}}/Long Rest">
			<description>Whenever you finish a Long Rest, you can consult your Star Map for omens and roll a die. Until you finish your next Long Rest, you gain access to a special Reaction based on whether you rolled an even or an odd number on the die: &#13;
			• Weal (even). Whenever a creature you can see within 30 feet of you is about to make a D20 Test, you can roll 1d6 and add it to the total. &#13;
			• Woe (odd). Whenever a creature you can see within 30 feet of you is about to make a D20 Test, you can roll 1d6 and subtract it from the total.</description>
		</sheet>
		<rules>
			<stat name="cosmic omen:count" value="1" bonus="cosmic omen" />
			<stat name="cosmic omen:count" value="wisdom:modifier" bonus="cosmic omen" />
		</rules>
	</element>

	<element name="Level 10: Twinkling Constellations" type="Archetype Feature" source="Player’s Handbook 2024" id="ID_WOTC_PHB24_ARCHETYPE_FEATURE_DRUID_STARS_TWINKLING_CONSTELLATIONS">
		<requirements>!ID_INTERNAL_FEATURE_REPLACEMENT_DRUID_24_STARS_TWINKLING_CONSTELLATIONS</requirements>
		<description>
			<p>The constellations of your Starry Form improve. The 1d8 of the Archer and the Chalice becomes 2d8, and while the Dragon is active, you have a Fly Speed of 20 feet and can hover.</p>
			<p class="indent">Moreover, at the start of each of your turns while in your Starry Form, you can change which constellation glimmers on your body.</p>
		</description>
		<sheet alt="Twinkling Constellations">
			<description>While the Dragon is active, you have a Fly Speed of 20 feet and can hover. &#13;
			At the start of each of your turns while in Starry Form, you can change which constellation glimmers on your body.</description>
		</sheet>
		<rules>
			<stat name="archer constellation:dice:count" value="2" bonus="base" />
			<stat name="chalice constellation:dice:count" value="2" bonus="base" />
		</rules>
	</element>

	<element name="Level 14: Full of Stars" type="Archetype Feature" source="Player’s Handbook 2024" id="ID_WOTC_PHB24_ARCHETYPE_FEATURE_DRUID_STARS_FULL_OF_STARS">
		<requirements>!ID_INTERNAL_FEATURE_REPLACEMENT_DRUID_24_STARS_FULL_OF_STARS</requirements>
		<description>
			<p>While in your Starry Form, you become partially incorporeal, giving you Resistance to Bludgeoning, Piercing, and Slashing damage.</p>
			</description>
		<sheet alt="Full of Stars">
			<description>While in your Starry Form, you become partially incorporeal, giving you Resistance to Bludgeoning, Piercing, and Slashing damage.</description>
		</sheet>
	</element>

	<element name="Star Map" type="Item" source="Player’s Handbook 2024" id="ID_WOTC_PHB24_ITEM_STAR_MAP">
		<description>
			<p>The map is a Tiny object and can serve as a Spellcasting Focus for your Druid spells.</p>
			<p class="indent">If you lose the map, you can perform a 1-hour ceremony to magically create a replacement. This ceremony can be performed during a Short or Long Rest, and it destroys the previous map.</p>
		</description>
		<setters>
			<set name="category">Spellcasting Focus</set>
		</setters>
	</element>

	<!--Feature Replacement Grants-->
	<element name="Star Map Spells Feature Replacement" type="Grants" source="Internal" id="ID_INTERNAL_FEATURE_REPLACEMENT_DRUID_24_STARS_STAR_MAP" />
	<element name="Starry Form Feature Replacement" type="Grants" source="Internal" id="ID_INTERNAL_FEATURE_REPLACEMENT_DRUID_24_STARS_STARRY_FORM" />
	<element name="Starry Form: Archer Feature Replacement" type="Grants" source="Internal" id="ID_INTERNAL_FEATURE_REPLACEMENT_DRUID_24_STARS_STARRY_FORM_ARCHER" />
	<element name="Starry Form: Chalice Feature Replacement" type="Grants" source="Internal" id="ID_INTERNAL_FEATURE_REPLACEMENT_DRUID_24_STARS_STARRY_FORM_CHALICE" />
	<element name="Starry Form: Dragon Feature Replacement" type="Grants" source="Internal" id="ID_INTERNAL_FEATURE_REPLACEMENT_DRUID_24_STARS_STARRY_FORM_DRAGON" />
	<element name="Cosmic Omen Feature Replacement" type="Grants" source="Internal" id="ID_INTERNAL_FEATURE_REPLACEMENT_DRUID_24_STARS_COSMIC_OMEN" />
	<element name="Twinkling Constellations Feature Replacement" type="Grants" source="Internal" id="ID_INTERNAL_FEATURE_REPLACEMENT_DRUID_24_STARS_TWINKLING_CONSTELLATIONS" />
	<element name="Full of Stars Feature Replacement" type="Grants" source="Internal" id="ID_INTERNAL_FEATURE_REPLACEMENT_DRUID_24_STARS_FULL_OF_STARS" />

</elements>
