<?xml version="1.0" encoding="utf-8" ?>
<elements>
	<info>
		<name>Eldritch Knight</name>
		<description>The Eldritch Knight subclass from the Player’s Handbook 2024.</description>
		<author url="https://dndstore.wizards.com/us/en/product/1001494/2024-player-s-handbook-digital-plus-physical-bundle">Wizards of the Coast</author>
		<update version="0.0.2">
			<file name="fighter-eldritch-knight.xml" url="https://raw.githubusercontent.com/Netrinil/Aurora/master/core/players-handbook-2024/archetypes/fighter-eldritch-knight.xml" />
		</update>
	</info>

	<element name="Eldritch Knight" type="Archetype" source="Player’s Handbook 2024" id="ID_WOTC_PHB24_ARCHETYPE_FIGHTER_ELDRITCH_KNIGHT">
		<supports>Martial Archetype</supports>
		<description>
			<p class="flavor">Support Combat Skills with Arcane Magic</p>
			<p>Eldritch Knights combine the martial mastery common to all Fighters with a careful study of magic. Their spells both complement and extend their combat skills, providing additional protection to shore up their armor and also allowing them to engage many foes at once with explosive magic.</p>
			<div element="ID_WOTC_PHB24_ARCHETYPE_FEATURE_FIGHTER_ELDRITCH_KNIGHT_SPELLCASTING"/>
			<div element="ID_WOTC_PHB24_ARCHETYPE_FEATURE_FIGHTER_ELDRITCH_KNIGHT_WEAPON_BOND"/>
			<div element="ID_WOTC_PHB24_ARCHETYPE_FEATURE_FIGHTER_ELDRITCH_KNIGHT_WAR_MAGIC"/>
			<div element="ID_WOTC_PHB24_ARCHETYPE_FEATURE_FIGHTER_ELDRITCH_KNIGHT_ELDRITCH_STRIKE"/>
			<div element="ID_WOTC_PHB24_ARCHETYPE_FEATURE_FIGHTER_ELDRITCH_KNIGHT_ARCANE_CHARGE"/>
			<div element="ID_WOTC_PHB24_ARCHETYPE_FEATURE_FIGHTER_ELDRITCH_KNIGHT_IMPROVED_WAR_MAGIC"/>
		</description>
		<sheet display="false">
			<description>The archetypal Eldritch Knight combines the martial mastery common to all fighters with a careful study of magic.</description>
		</sheet>
		<rules>
			<grant type="Archetype Feature" id="ID_WOTC_PHB24_ARCHETYPE_FEATURE_FIGHTER_ELDRITCH_KNIGHT_SPELLCASTING" level="3"/>
			<grant type="Archetype Feature" id="ID_WOTC_PHB24_ARCHETYPE_FEATURE_FIGHTER_ELDRITCH_KNIGHT_WEAPON_BOND" level="3"/>
			<grant type="Archetype Feature" id="ID_WOTC_PHB24_ARCHETYPE_FEATURE_FIGHTER_ELDRITCH_KNIGHT_WAR_MAGIC" level="7"/>
			<grant type="Archetype Feature" id="ID_WOTC_PHB24_ARCHETYPE_FEATURE_FIGHTER_ELDRITCH_KNIGHT_ELDRITCH_STRIKE" level="10"/>
			<grant type="Archetype Feature" id="ID_WOTC_PHB24_ARCHETYPE_FEATURE_FIGHTER_ELDRITCH_KNIGHT_ARCANE_CHARGE" level="15"/>
			<grant type="Archetype Feature" id="ID_WOTC_PHB24_ARCHETYPE_FEATURE_FIGHTER_ELDRITCH_KNIGHT_IMPROVED_WAR_MAGIC" level="18"/>
		</rules>
	</element>

	<element name="Level 3: Spellcasting" type="Archetype Feature" source="Player’s Handbook 2024" id="ID_WOTC_PHB24_ARCHETYPE_FEATURE_FIGHTER_ELDRITCH_KNIGHT_SPELLCASTING">
		<requirements>!ID_INTERNAL_FEATURE_REPLACEMENT_FIGHTER_24_ELDRITCH_KNIGHT_SPELLCASTING</requirements>
		<description>
			<p>You have learned to cast spells. See chapter 7 for the rules on spellcasting. The information below details how you use those rules as an Eldritch Knight.</p>
			<p><strong><em>Cantrips.</em></strong> You know two cantrips of your choice from the Wizard spell list. <em>Ray of Frost</em> and <em>Shocking Grasp</em> are recommended. Whenever you gain a Fighter level, you can replace one of these cantrips with another cantrip of your choice from the Wizard spell list.</p>
			<p class="indent">When you reach Fighter level 10, you learn another Wizard cantrip of your choice.</p>
			<p><strong><em>Spell Slots.</em></strong> The Eldritch Knight Spellcasting table shows how many spell slots you have to cast your level 1+ spells. You regain all expended slots when you finish a Long Rest.</p>
			<p class="indent"><strong><em>Prepared Spells of Level 1+.</em></strong> You prepare the list of level 1+ spells that are available for you to cast with this feature. To start, choose three level 1 spells from the Wizard spell list. <em>Burning Hands</em>, <em>Jump</em>, and <em>Shield</em> are recommended.</p>
			<p class="indent">The number of spells on your list increases as you gain Fighter levels, as shown in the Prepared Spells column of the Eldritch Knight Spellcasting table. Whenever that number increases, choose additional spells from the Wizard spell list until the number of spells on your list matches the number on the table. The chosen spells must be of a level for which you have spell slots. For example, if you're a level 7 Fighter, your list of prepared spells can include five Wizard spells of levels 1 and 2 in any combination.</p>
			<p><em><strong>Changing your Prepared Spells.</strong></em> Whenever you gain a Fighter level, you can replace one spell on your list with another Wizard spell for which you have spell slots.</p>
			<p><strong><em>Spellcasting Ability.</em></strong>  Intelligence is your spellcasting ability for your Wizard spells.</p>
			<center>
				<p><strong>Spell save DC</strong> = 8 + your proficiency bonus + your Intelligence modifier</p>
				<p><strong>Spell attack modifier</strong> = your proficiency bonus + your Intelligence modifier</p>
			</center>
			<p><strong><em>Spellcasting Focus.</em></strong> You can use an Arcane Focus as a Spellcasting Focus for your Wizard spells.</p>
			<h5 class="caption">ELDRITCH KNIGHT SPELLCASTING</h5>
			<table class="class-features">
				<thead>
					<tr><td class="col-10">Fighter Level</td><td class="col-10">Cantrips Known</td><td class="col-10">Spells Prepared</td><td>1st</td><td>2nd</td><td>3rd</td><td>4th</td></tr>
				</thead>
				<tr><td> 3rd</td><td>2</td><td> 3</td><td>2</td><td>—</td><td>—</td><td>—</td></tr>
				<tr><td> 4th</td><td>2</td><td> 4</td><td>3</td><td>—</td><td>—</td><td>—</td></tr>
				<tr><td> 5th</td><td>2</td><td> 4</td><td>3</td><td>—</td><td>—</td><td>—</td></tr>
				<tr><td> 6th</td><td>2</td><td> 4</td><td>3</td><td>—</td><td>—</td><td>—</td></tr>
				<tr><td> 7th</td><td>2</td><td> 5</td><td>4</td><td>2</td><td>—</td><td>—</td></tr>
				<tr><td> 8th</td><td>2</td><td> 6</td><td>4</td><td>2</td><td>—</td><td>—</td></tr>
				<tr><td> 9th</td><td>2</td><td> 6</td><td>4</td><td>2</td><td>—</td><td>—</td></tr>
				<tr><td>10th</td><td>3</td><td> 7</td><td>4</td><td>3</td><td>—</td><td>—</td></tr>
				<tr><td>11th</td><td>3</td><td> 8</td><td>4</td><td>3</td><td>—</td><td>—</td></tr>
				<tr><td>12th</td><td>3</td><td> 8</td><td>4</td><td>3</td><td>—</td><td>—</td></tr>
				<tr><td>13th</td><td>3</td><td> 9</td><td>4</td><td>3</td><td>2</td><td>—</td></tr>
				<tr><td>14th</td><td>3</td><td>10</td><td>4</td><td>3</td><td>2</td><td>—</td></tr>
				<tr><td>15th</td><td>3</td><td>10</td><td>4</td><td>3</td><td>2</td><td>—</td></tr>
				<tr><td>16th</td><td>3</td><td>11</td><td>4</td><td>3</td><td>3</td><td>—</td></tr>
				<tr><td>17th</td><td>3</td><td>11</td><td>4</td><td>3</td><td>3</td><td>—</td></tr>
				<tr><td>18th</td><td>3</td><td>11</td><td>4</td><td>3</td><td>3</td><td>—</td></tr>
				<tr><td>19th</td><td>3</td><td>12</td><td>4</td><td>3</td><td>3</td><td>1</td></tr>
				<tr><td>20th</td><td>3</td><td>13</td><td>4</td><td>3</td><td>3</td><td>1</td></tr>
			</table>
		</description>
		<sheet display="false">
			<description>You augment your martial prowess with the ability to cast spells.</description>
		</sheet>
		<spellcasting name="Eldritch Knight" ability="Intelligence" prepare="false" allowReplace="true">
			<list>Wizard</list>
		</spellcasting>
		<rules>
			<grant type="Grants" id="ID_INTERNAL_GRANT_MULTICLASS_SPELLCASTING_SLOTS_THIRD" requirements="ID_INTERNAL_GRANT_MULTICLASS"/>
			<stat name="eldritch knight:spellcasting:slots:1" value="2" level="3" />
			<stat name="eldritch knight:spellcasting:slots:1" value="1" level="4" />
			<stat name="eldritch knight:spellcasting:slots:1" value="1" level="7" />
			<stat name="eldritch knight:spellcasting:slots:2" value="2" level="7" />
			<stat name="eldritch knight:spellcasting:slots:2" value="1" level="10" />
			<stat name="eldritch knight:spellcasting:slots:3" value="2" level="13" />
			<stat name="eldritch knight:spellcasting:slots:3" value="1" level="16" />
			<stat name="eldritch knight:spellcasting:slots:4" value="1" level="19" />
			<select type="Spell" name="Cantrip (Eldritch Knight)" supports="Wizard, 0" level="3" number="2" spellcasting="Eldritch Knight" />
			<select type="Spell" name="Cantrip (Eldritch Knight)" supports="Wizard, 0" level="10" number="1" spellcasting="Eldritch Knight" />
			<select type="Spell" name="Spellcasting (Eldritch Knight)" supports="$(spellcasting:list), 1" level="3" number="3" spellcasting="Eldritch Knight" />
			<select type="Spell" name="Spellcasting (Eldritch Knight)" supports="$(spellcasting:list), $(spellcasting:slots)" level="4" spellcasting="Eldritch Knight"/>
			<select type="Spell" name="Spellcasting (Eldritch Knight)" supports="$(spellcasting:list), $(spellcasting:slots)" level="7" spellcasting="Eldritch Knight"/>
			<select type="Spell" name="Spellcasting (Eldritch Knight)" supports="$(spellcasting:list), $(spellcasting:slots)" level="8" spellcasting="Eldritch Knight"/>
			<select type="Spell" name="Spellcasting (Eldritch Knight)" supports="$(spellcasting:list), $(spellcasting:slots)" level="10" spellcasting="Eldritch Knight"/>
			<select type="Spell" name="Spellcasting (Eldritch Knight)" supports="$(spellcasting:list), $(spellcasting:slots)" level="11" spellcasting="Eldritch Knight"/>
			<select type="Spell" name="Spellcasting (Eldritch Knight)" supports="$(spellcasting:list), $(spellcasting:slots)" level="13" spellcasting="Eldritch Knight"/>
			<select type="Spell" name="Spellcasting (Eldritch Knight)" supports="$(spellcasting:list), $(spellcasting:slots)" level="14" spellcasting="Eldritch Knight"/>
			<select type="Spell" name="Spellcasting (Eldritch Knight)" supports="$(spellcasting:list), $(spellcasting:slots)" level="16" spellcasting="Eldritch Knight"/>
			<select type="Spell" name="Spellcasting (Eldritch Knight)" supports="$(spellcasting:list), $(spellcasting:slots)" level="19" spellcasting="Eldritch Knight"/>
			<select type="Spell" name="Spellcasting (Eldritch Knight)" supports="$(spellcasting:list), $(spellcasting:slots)" level="20" spellcasting="Eldritch Knight"/>
		</rules>
	</element>
	<element name="Level 3: Weapon Bond" type="Archetype Feature" source="Player’s Handbook 2024" id="ID_WOTC_PHB24_ARCHETYPE_FEATURE_FIGHTER_ELDRITCH_KNIGHT_WEAPON_BOND">
		<requirements>!ID_INTERNAL_FEATURE_REPLACEMENT_FIGHTER_24_ELDRITCH_KNIGHT_WEAPON_BOND</requirements>
		<description>
			<p>You learn a ritual that creates a magical bond between yourself and one weapon. You perform the ritual over the course of 1 hour, which can be done during a Short Rest. The weapon must be within your reach throughout the ritual, at the conclusion of which you touch the weapon and forge the bond. The bond fails if another Fighter is bonded to the weapon or if the weapon is a magic item to which someone else is attuned.</p>
			<p class="indent">Once you have bonded a weapon to yourself, you can't be disarmed of that weapon unless you have the Incapacitated condition. If it is on the same plane of existence, you can summon that weapon as a Bonus Action, causing it to teleport instantly to your hand.</p>
			<p class="indent">You can have up to two bonded weapons, but you can summon only one at a time with a Bonus Action. If you attempt to bond with a third weapon, you must break the bond with one of the other two.</p>
		</description>
		<sheet alt="Weapon Bond">
			<description>You can spend 1 hour or a Short Rest to bond with a weapon. The weapon must be within reach throughout the ritual. You can bond with a maximum of 2 weapons at any one time, performing the ritual for each. If you attempt to bond with a third weapon, you must break the bond with one of the other two. &#13;
			You can summon one of your bonded weapons to your hand with a Bonus Action. While holding a bonded weapon, you cannot be disarmed of that weapon unless you have the Incapacitated condition.</description>
		</sheet>
	</element>

	<element name="Level 7: War Magic" type="Archetype Feature" source="Player’s Handbook 2024" id="ID_WOTC_PHB24_ARCHETYPE_FEATURE_FIGHTER_ELDRITCH_KNIGHT_WAR_MAGIC">
		<requirements>!ID_INTERNAL_FEATURE_REPLACEMENT_FIGHTER_24_ELDRITCH_KNIGHT_WAR_MAGIC</requirements>
		<description>
			<p>When you take the Attack action on your turn, you can replace one of the attacks with a casting of one of your Wizard cantrips that has a casting time of an action.</p>
		</description>
		<sheet action="Attack Action" alt="War Magic">
			<description>You can replace one of the attacks with a casting of one of your Wizard cantrips that has a casting time of an Action.</description>
		</sheet>
	</element>

	<element name="Level 10: Eldritch Strike" type="Archetype Feature" source="Player’s Handbook 2024" id="ID_WOTC_PHB24_ARCHETYPE_FEATURE_FIGHTER_ELDRITCH_KNIGHT_ELDRITCH_STRIKE">
		<requirements>!ID_INTERNAL_FEATURE_REPLACEMENT_FIGHTER_24_ELDRITCH_KNIGHT_ELDRITCH_STRIKE</requirements>
		<description>
			<p>You learn how to make your weapon strikes undercut a creature's ability to withstand your spells. When you hit a creature with an attack using a weapon, that creature has Disadvantage on the next saving throw it makes against a spell you cast before the end of your next turn.</p>
		</description>
		<sheet alt="Eldritch Strike">
			<description>When you hit a creature with an attack using a weapon, that creature has Disadvantage on the next saving throw it makes against a spell you cast before the end of your next turn.</description>
		</sheet>
	</element>

	<element name="Level 15: Arcane Charge" type="Archetype Feature" source="Player’s Handbook 2024" id="ID_WOTC_PHB24_ARCHETYPE_FEATURE_FIGHTER_ELDRITCH_KNIGHT_ARCANE_CHARGE">
		<requirements>!ID_INTERNAL_FEATURE_REPLACEMENT_FIGHTER_24_ELDRITCH_KNIGHT_ARCANE_CHARGE</requirements>
		<description>
			<p>When you use your Action Surge, you can teleport up to 30 feet to an unoccupied space you can see. You can teleport before or after the additional action.</p>
		</description>
		<sheet alt="Arcane Charge">
			<description>When you use your Action Surge, you can teleport up to 30 feet to an unoccupied space you can see. You can teleport before or after the additional action.</description>
		</sheet>
	</element>

	<element name="Level 18: Improved War Magic" type="Archetype Feature" source="Player’s Handbook 2024" id="ID_WOTC_PHB24_ARCHETYPE_FEATURE_FIGHTER_ELDRITCH_KNIGHT_IMPROVED_WAR_MAGIC">
		<requirements>!ID_INTERNAL_FEATURE_REPLACEMENT_FIGHTER_24_ELDRITCH_KNIGHT_IMPROVED_WAR_MAGIC</requirements>
		<description>
			<p>When you take the Attack action on your turn, you can replace two of the attacks with a casting of one of your level 1 or level 2 Wizard spells that has a casting time of an action.</p>
		</description>
		<sheet action="Attack Action" alt="Improved War Magic">
			<description>You can replace two of the attacks with a casting of one of your level 1 or level 2 Wizard spells that has a casting time of an action.</description>
		</sheet>
	</element>

	<!--Feature Replacement Grants-->
	<element name="Spellcasting Feature Replacement" type="Grants" source="Internal" id="ID_INTERNAL_FEATURE_REPLACEMENT_FIGHTER_24_ELDRITCH_KNIGHT_COMBAT_SUPERIORITY" />
	<element name="Weapon Bond Feature Replacement" type="Grants" source="Internal" id="ID_INTERNAL_FEATURE_REPLACEMENT_FIGHTER_24_ELDRITCH_KNIGHT_WEAPON_BOND" />
	<element name="War Magic Feature Replacement" type="Grants" source="Internal" id="ID_INTERNAL_FEATURE_REPLACEMENT_FIGHTER_24_ELDRITCH_KNIGHT_WAR_MAGIC" />
	<element name="Eldritch Strike Feature Replacement" type="Grants" source="Internal" id="ID_INTERNAL_FEATURE_REPLACEMENT_FIGHTER_24_ELDRITCH_KNIGHT_ELDRITCH_STRIKE" />
	<element name="Arcane Charge Feature Replacement" type="Grants" source="Internal" id="ID_INTERNAL_FEATURE_REPLACEMENT_FIGHTER_24_ELDRITCH_KNIGHT_ARCANE_CHARGE" />
	<element name="Improved War Magic Feature Replacement" type="Grants" source="Internal" id="ID_INTERNAL_FEATURE_REPLACEMENT_FIGHTER_24_ELDRITCH_KNIGHT_IMPROVED_WAR_MAGIC" />
</elements>
