<?xml version="1.0" encoding="utf-8" ?>
<elements>
	<info>
		<name>Oath of Glory</name>
		<description>The Oath of Glory subclass from the Player’s Handbook 2024.</description>
		<author url="https://dndstore.wizards.com/us/en/product/1001494/2024-player-s-handbook-digital-plus-physical-bundle">Wizards of the Coast</author>
		<update version="0.0.1">
			<file name="paladin-glory.xml" url="https://raw.githubusercontent.com/Netrinil/Aurora/master/core/players-handbook-2024/archetypes/paladin-glory.xml" />
		</update>
	</info>
	<element name="Oath of Glory" type="Archetype" source="Player’s Handbook 2024" id="ID_WOTC_PHB24_ARCHETYPE_PALADIN_OATH_OF_GLORY">
		<supports>Sacred Oath</supports>
		<description>
			<p class="flavor">Strive for the Heights of Heroism</p>
			<p>Paladins who take the Oath of Glory believe they and their companions are destined to achieve glory through deeds of heroism.They train diligently and encourage their companions,so they're all ready when destiny calls.</p>
			<p class="indent">These paladins share the following tenets:</p>
			<ul>
				<li>Endeavor to be known by your deeds,</li>
				<li>Face hardships with courage.</li>
				<li>Inspire others to strive for glory.</li>
			</ul>
			<div element="ID_WOTC_PHB24_ARCHETYPE_FEATURE_OOG_INSPIRING_SMITE" />
			<div element="ID_WOTC_PHB24_ARCHETYPE_FEATURE_OOG_OATH_SPELLS" />
			<div element="ID_WOTC_PHB24_ARCHETYPE_FEATURE_OOG_PEERLESS_ATHLETE" />
			<div element="ID_WOTC_PHB24_ARCHETYPE_FEATURE_OOG_AURA_OF_ALACRITY" />
			<div element="ID_WOTC_PHB24_ARCHETYPE_FEATURE_OOG_GLORIOUS_DEFENSE" />
			<div element="ID_WOTC_PHB24_ARCHETYPE_FEATURE_OOG_LIVING_LEGEND" />
		</description>
		<sheet display="false" />
		<rules>
			<grant type="Archetype Feature" id="ID_WOTC_PHB24_ARCHETYPE_FEATURE_OOG_INSPIRING_SMITE" level="3" />
			<grant type="Archetype Feature" id="ID_WOTC_PHB24_ARCHETYPE_FEATURE_OOG_OATH_SPELLS" level="3" />
			<grant type="Archetype Feature" id="ID_WOTC_PHB24_ARCHETYPE_FEATURE_OOG_PEERLESS_ATHLETE" level="3" />
			<grant type="Archetype Feature" id="ID_WOTC_PHB24_ARCHETYPE_FEATURE_OOG_AURA_OF_ALACRITY" level="7" />
			<grant type="Archetype Feature" id="ID_WOTC_PHB24_ARCHETYPE_FEATURE_OOG_GLORIOUS_DEFENSE" level="15" />
			<grant type="Archetype Feature" id="ID_WOTC_PHB24_ARCHETYPE_FEATURE_OOG_LIVING_LEGEND" level="20" />
		</rules>
	</element>
	<element name="Level 3: Inspiring Smite" type="Archetype Feature" source="Player’s Handbook 2024" id="ID_WOTC_PHB24_ARCHETYPE_FEATURE_OOG_INSPIRING_SMITE">
		<requirements>!ID_INTERNAL_FEATURE_REPLACEMENT_PALADIN_24_OOG_INSPIRING_SMITE</requirements>
		<description>
			<p>Immediately after you cast <i>Divine Smite</i> you can expend one use of your Channel Divinity and distribute Temporary Hit Points to creatures of your choice within 30 feet of yourself, which can include you. The total number of Temporary Hit Points equals 2d8 plus your Paladin level, divided among the chosen creatures however you like.</p>
		</description>
		<sheet alt="Inspiring Smite" usage="Channel Divinity">
			<description>Immediately after you cast Divine Smite you can distribute up to 2d8+{{level:paladin}} Temporary HP to creatures of your choice within 30ft of yourself, which can include you, divided however you like.</description>
		</sheet>
	</element>
	<element name="Level 3: Oath Spells" type="Archetype Feature" source="Player’s Handbook 2024" id="ID_WOTC_PHB24_ARCHETYPE_FEATURE_OOG_OATH_SPELLS">
		<requirements>!ID_INTERNAL_FEATURE_REPLACEMENT_PALADIN_24_OOG_OATH_SPELLS</requirements>
		<description>
			<p>The magic of your oath ensures you always have certain spells ready; when you reach a Paladin level specified in the Oath of Glory Spells table, you thereafter always have the listed spells prepared.</p>
			<h5 class="caption">Oath of Glory Spells</h5>
			<table>
				<thead>
					<tr><td>Paladin Level</td><td>Spells</td></tr>
				</thead>
				<tr><td>3rd</td><td><em>Guiding Bolt, Heroism</em></td></tr>
				<tr><td>5th</td><td><em>Enhance Ability, Magic Weapon</em></td></tr>
				<tr><td>9th</td><td><em>Haste, Protection from Energy</em></td></tr>
				<tr><td>13th</td><td><em>Compulsion, Freedom of Movement</em></td></tr>
				<tr><td>17th</td><td><em>Legend Lore, Yolande's Regal Presence</em></td></tr>
			</table>
		</description>
		<sheet display="false" />
		<rules>
			<grant type="Spell" id="ID_WOTC_PHB24_SPELL_GUIDING_BOLT" spellcasting="Paladin" level="3" prepared="true" />
			<grant type="Spell" id="ID_WOTC_PHB24_SPELL_HEROISM" spellcasting="Paladin" level="3" prepared="true" />
			<grant type="Spell" id="ID_WOTC_PHB24_SPELL_ENHANCE_ABILITY" spellcasting="Paladin" level="5" prepared="true" />
			<grant type="Spell" id="ID_WOTC_PHB24_SPELL_MAGIC_WEAPON" spellcasting="Paladin" level="5" prepared="true" />
			<grant type="Spell" id="ID_WOTC_PHB24_SPELL_HASTE" spellcasting="Paladin" level="9" prepared="true" />
			<grant type="Spell" id="ID_WOTC_PHB24_SPELL_PROTECTION_FROM_ENERGY" spellcasting="Paladin" level="9" prepared="true" />
			<grant type="Spell" id="ID_WOTC_PHB24_SPELL_COMPULSION" spellcasting="Paladin" level="13" prepared="true" />
			<grant type="Spell" id="ID_WOTC_PHB24_SPELL_FREEDOM_OF_MOVEMENT" spellcasting="Paladin" level="13" prepared="true" />
			<grant type="Spell" id="ID_WOTC_PHB24_SPELL_LEGEND_LORE" spellcasting="Paladin" level="17" prepared="true" />
			<grant type="Spell" id="ID_WOTC_PHB24_SPELL_YOLANDES_REGAL_PRESENCE" spellcasting="Paladin" level="17" prepared="true" />
		</rules>
	</element>
	<element name="Level 3: Peerless Athlete" type="Archetype Feature" source="Player’s Handbook 2024" id="ID_WOTC_PHB24_ARCHETYPE_FEATURE_OOG_PEERLESS_ATHLETE">
		<requirements>!ID_INTERNAL_FEATURE_REPLACEMENT_PALADIN_24_OOG_PEERLESS_ATHLETE</requirements>
		<description>
			<p>As a Bonus Action, you can expend one use of your Channel Divinity to augment your athleticism. For 1 hour, you have Advantage on Strength (Athletics) and Dexterity (Acrobatics) checks, and the distance of your Long and High Jumps increases by 10 feet (this extra distance costs movement as normal).</p>
		</description>
		<sheet alt="Peerless Athlete" action="Bonus Action" usage="Channel Divinity">
			<description>For 1 hour, you have Advantage on Strength(Athletics) and Dexterity(Acrobatics) checks, and the distance of your Long and High Jumps increases by 10ft (this extra distance costs movement as normal).</description>
		</sheet>
	</element>
	<element name="Level 7: Aura of Alacrity" type="Archetype Feature" source="Player’s Handbook 2024" id="ID_WOTC_PHB24_ARCHETYPE_FEATURE_OOG_AURA_OF_ALACRITY">
		<requirements>!ID_INTERNAL_FEATURE_REPLACEMENT_PALADIN_24_OOG_AURA_OF_ALACRITY</requirements>
		<description>
			<p>Your Speed increases by 10 feet.</p>
			<p class="indent">In addition, whenever an ally enters your Aura of Protection for the first time on a turn or starts their turn there, the ally's Speed increases by 10 feet until the end of their next turn.</p>
		</description>
		<sheet alt="Aura of Alacrity">
			<description>Whenever an ally enters your Aura of Protection for the first time on a turn or starts their turn there, the ally's Speed increases by 10ft until the end of their next turn.</description>
		</sheet>
		<rules>
			<stat name="speed:misc" value="10" />
		</rules>
	</element>
	<element name="Level 15: Glorious Defense" type="Archetype Feature" source="Player’s Handbook 2024" id="ID_WOTC_PHB24_ARCHETYPE_FEATURE_OOG_GLORIOUS_DEFENSE">
		<requirements>!ID_INTERNAL_FEATURE_REPLACEMENT_PALADIN_24_OOG_GLORIOUS_DEFENSE</requirements>
		<description>
			<p>You can turn defense into a sudden strike. When you or another creature you can see within 10 feet of you is hit by an attack roll, you can take a Reaction to grant a bonus to the target's AC against that attack, potentially causing it to miss. The bonus equals your Charisma modifier (minimum of +1). If the attack misses, you can make one attack with a weapon against the attacker as part of this Reaction, if the attacker is within your weapon's range.</p>
			<p class="indent">You can use this feature a number of times equal to your Charisma modifier (minimum of once), and you regain all expended uses when you finish a Long Rest.</p>
		</description>
		<sheet alt="Glorious Defense" action="Reaction" usage="{{glorious defense:usage}}/Long Rest">
			<description>When you or another creature you can see within 10ft of you is hit by an attack roll, you can grant a +{{glorious defense:ac}} bonus to the target's AC against that attack, potentially causing it to miss. If the attack misses, you can make one weapon attack against the attacker as part of this reaction, provided the attacker is within your weapon's range.</description>
		</sheet>
		<rules>
			<stat name="glorious defense:ac" value="1" bonus="base" />
			<stat name="glorious defense:ac" value="charisma:modifier" bonus="base" />
			<stat name="glorious defense:usage" value="1" bonus="base" />
			<stat name="glorious defense:usage" value="charisma:modifier" bonus="base" />
		</rules>
	</element>
	<element name="Level 20: Living Legend" type="Archetype Feature" source="Player’s Handbook 2024" id="ID_WOTC_PHB24_ARCHETYPE_FEATURE_OOG_LIVING_LEGEND">
		<requirements>!ID_INTERNAL_FEATURE_REPLACEMENT_PALADIN_24_OOG_LIVING_LEGEND</requirements>
		<description>
			<p>You can empower yourself with the legends —whether true or exaggerated— of your great deeds. As a bonus action, you gain the  benefits below for 10 minutes. Once you use this feature, you can't use it again until you finish a Long Rest. You can also restore your use of it by expending a level 5 spell slot (no action required).</p>
			<p class="indent"><b><i>Charismatic.</i></b> You are blessed with an otherworldly presence and have Advantage on all Charisma checks.</p>
			<p class="indent"><b><i>Saving Throw Reroll.</i></b> If you fail a saving throw, you can take a Reaction to reroll it. You must use this new roll.</p>
			<p class="indent"><b><i>Unerring Strike.</i></b> Once on each of your turns when you make an attack roll with a weapon and miss, you can cause that attack to hit instead.</p>
		</description>
		<sheet alt="Living Legend" action="Bonus Action" usage="1/Long Rest">
			<description>You gain the following benefits for 10 minutes: &#13;
			You can expend a level 5 spell slot to use this feature again.</description>
		</sheet>
		<rules>
			<select type="Archetype Feature" name="Charismatic" supports="ID_WOTC_PHB24_ARCHETYPE_FEATURE_OOG_CHARISMATIC" default="ID_WOTC_PHB24_ARCHETYPE_FEATURE_OOG_CHARISMATIC" />
			<select type="Archetype Feature" name="Saving Throw Reroll" supports="ID_WOTC_PHB24_ARCHETYPE_FEATURE_OOG_ST_REROLL" default="ID_WOTC_PHB24_ARCHETYPE_FEATURE_OOG_ST_REROLL" />
			<select type="Archetype Feature" name="Unerring Strike" supports="ID_WOTC_PHB24_ARCHETYPE_FEATURE_OOG_UNERRING_STRIKE" default="ID_WOTC_PHB24_ARCHETYPE_FEATURE_OOG_UNERRING_STRIKE" />
		</rules>
	</element>
	<element name="Charismatic" type="Archetype Feature" source="Player’s Handbook 2024" id="ID_WOTC_PHB24_ARCHETYPE_FEATURE_OOG_CHARISMATIC">
		<supports>ID_WOTC_PHB24_ARCHETYPE_FEATURE_OOG_CHARISMATIC</supports>
		<description>
			<p>You are blessed with an otherworldly presence, gaining Advantage on all Charisma checks.</p>
		</description>
		<sheet>
			<description>You gain Advantage on all Charisma checks.</description>
		</sheet>
	</element>
	<element name="Saving Throw Reroll" type="Archetype Feature" source="Player’s Handbook 2024" id="ID_WOTC_PHB24_ARCHETYPE_FEATURE_OOG_ST_REROLL">
		<supports>ID_WOTC_PHB24_ARCHETYPE_FEATURE_OOG_ST_REROLL</supports>
		<description>
			<p>If you fail a saving throw, you can use your reaction to reroll it. You must use this new roll.</p>
		</description>
		<sheet action="Reaction">
			<description>If you fail a saving throw, you can reroll it. You must use this new roll.</description>
		</sheet>
	</element>
	<element name="Unerring Strike" type="Archetype Feature" source="Player’s Handbook 2024" id="ID_WOTC_PHB24_ARCHETYPE_FEATURE_OOG_UNERRING_STRIKE">
		<supports>ID_WOTC_PHB24_ARCHETYPE_FEATURE_OOG_UNERRING_STRIKE</supports>
		<description>
			<p>Once on each of your turns when you make a weapon attack and miss, you can cause that attack to hit instead.</p>
		</description>
		<sheet usage="1/Turn">
			<description>When you make a weapon attack and miss, you can cause that attack to hit instead.</description>
		</sheet>
	</element>	

	<!--Feature Replacement Grants-->
	<element name="Inspiring Smite Feature Replacement" type="Grants" source="Internal" id="ID_INTERNAL_FEATURE_REPLACEMENT_PALADIN_24_OOG_INSPIRING_SMITE" />
	<element name="Oath Spells Feature Replacement" type="Grants" source="Internal" id="ID_INTERNAL_FEATURE_REPLACEMENT_PALADIN_24_OOG_OATH_SPELLS" />
	<element name="Peerless Athlete Feature Replacement" type="Grants" source="Internal" id="ID_INTERNAL_FEATURE_REPLACEMENT_PALADIN_24_OOG_PEERLESS_ATHLETE" />
	<element name="Aura of Alacrity Feature Replacement" type="Grants" source="Internal" id="ID_INTERNAL_FEATURE_REPLACEMENT_PALADIN_24_OOG_AURA_OF_ALACRITY" />
	<element name="Glorious Defense Feature Replacement" type="Grants" source="Internal" id="ID_INTERNAL_FEATURE_REPLACEMENT_PALADIN_24_OOG_GLORIOUS_DEFENSE" />
	<element name="Living Legend Feature Replacement" type="Grants" source="Internal" id="ID_INTERNAL_FEATURE_REPLACEMENT_PALADIN_24_OOG_LIVING_LEGEND" />

</elements>
