<?xml version="1.0" encoding="utf-8" ?>
<elements>
	<info>
		<name>Gloom Stalker</name>
		<description>The Gloom Stalker subclass from the Player’s Handbook 2024</description>

		<author url="http://dnd.wizards.com/products/tabletop-games/rpg-products/rpg_playershandbook">Wizards of the Coast</author>
		<update version="0.0.5">
			<file name="ranger-gloomstalker.xml" url="https://raw.githubusercontent.com/Netrinil/Aurora/master/core/players-handbook-2024/archetypes/ranger-gloomstalker.xml" />
		</update>
	</info>

	<element name="Gloom Stalker" type="Archetype" source="Player’s Handbook 2024" id="ID_WOTC_PHB24_ARCHETYPE_RANGER_GLOOM_STALKER">
		<supports>Ranger Archetype, Ranger Conclave</supports>
		<description>
			<p class="flavor">Draw on Shadow Magic to Fight Your Foes</p>
			<p>Gloom Stalkers are at home in the darkest places, wielding magic drawn from the Shadowfell to combat enemies that lurk in darkness.</p>
			<div element="ID_WOTC_PHB24_ARCHETYPE_FEATURE_RANGER_DREAD_AMBUSHER" />
			<div element="ID_WOTC_PHB24_ARCHETYPE_FEATURE_RANGER_GLOOM_STALKER_SPELLS" />
			<div element="ID_WOTC_PHB24_ARCHETYPE_FEATURE_RANGER_UMBRAL_SIGHT" />
			<div element="ID_WOTC_PHB24_ARCHETYPE_FEATURE_RANGER_IRON_MIND" />
			<div element="ID_WOTC_PHB24_ARCHETYPE_FEATURE_RANGER_STALKERS_FLURRY" />
			<div element="ID_WOTC_PHB24_ARCHETYPE_FEATURE_RANGER_SHADOWY_DODGE" />
		</description>
		<sheet display="false" />
		<rules>
			<grant type="Archetype Feature" id="ID_WOTC_PHB24_ARCHETYPE_FEATURE_RANGER_DREAD_AMBUSHER" level="3" />
			<grant type="Archetype Feature" id="ID_WOTC_PHB24_ARCHETYPE_FEATURE_RANGER_GLOOM_STALKER_SPELLS" level="3" />
			<grant type="Archetype Feature" id="ID_WOTC_PHB24_ARCHETYPE_FEATURE_RANGER_UMBRAL_SIGHT" level="3" />
			<grant type="Archetype Feature" id="ID_WOTC_PHB24_ARCHETYPE_FEATURE_RANGER_IRON_MIND" level="7" />
			<grant type="Archetype Feature" id="ID_WOTC_PHB24_ARCHETYPE_FEATURE_RANGER_STALKERS_FLURRY" level="11" />
			<grant type="Archetype Feature" id="ID_WOTC_PHB24_ARCHETYPE_FEATURE_RANGER_SHADOWY_DODGE" level="15" />
		</rules>
	</element>

	<element name="Level 3: Dread Ambusher" type="Archetype Feature" source="Player’s Handbook 2024" id="ID_WOTC_PHB24_ARCHETYPE_FEATURE_RANGER_DREAD_AMBUSHER">
		<requirements>!ID_INTERNAL_FEATURE_REPLACEMENT_RANGER_24_DREAD_AMBUSHER</requirements>
		<description>
			<p>You have mastered the art of creating fearsome ambushes, granting you the following benefits.</p>
			<p class="indent"><b><i>Ambusher's Leap.</i></b> At the start of your first turn of each combat, your Speed increases by 10 feet until the end of that turn.</p>
			<p class="indent"><b><i>Dreadful Strike.</i></b> When you attack a creature and hit it with a weapon, you can deal an extra 2d6 Psychic damage. You can use this benefit only once per turn, you can use it a number of times equal to your Wisdom modifier (minimum of once), and you regain all expended uses when you finish a Long Rest.</p>
			<p class="indent"><b><i>Initiative Bonus.</i></b> When you roll Initiative, you can add your Wisdom modifier to the roll.</p>
		</description>
		<sheet alt="Dread Ambusher">
			<description>You gain the following benefits:</description>
		</sheet>
		<rules>
			<select type="Archetype Feature" name="Ambusher's Leap" supports="ID_WOTC_PHB24_ARCHETYPE_FEATURE_RANGER_AMBUSHERS_LEAP" default="ID_WOTC_PHB24_ARCHETYPE_FEATURE_RANGER_AMBUSHERS_LEAP" />
			<select type="Archetype Feature" name="Dreadful Strike" supports="ID_WOTC_PHB24_ARCHETYPE_FEATURE_RANGER_DREADFUL_STRIKE" default="ID_WOTC_PHB24_ARCHETYPE_FEATURE_RANGER_DREADFUL_STRIKE" />
			<select type="Archetype Feature" name="Initiative Bonus" supports="ID_WOTC_PHB24_ARCHETYPE_FEATURE_RANGER_INITIATIVE_BONUS" default="ID_WOTC_PHB24_ARCHETYPE_FEATURE_RANGER_INITIATIVE_BONUS" />
		</rules>
	</element>
	<element name="Ambusher's Leap" type="Archetype Feature" source="Player’s Handbook 2024" id="ID_WOTC_PHB24_ARCHETYPE_FEATURE_RANGER_AMBUSHERS_LEAP">
		<supports>ID_WOTC_PHB24_ARCHETYPE_FEATURE_RANGER_AMBUSHERS_LEAP</supports>
		<description>
			<p>At the start of your first turn of each combat, your Speed increases by 10 feet until the end of that turn.</p>
		</description>
		<sheet>
			<description>At the start of your first turn of each combat, your Speed increases by 10 feet until the end of that turn.</description>
		</sheet>
	</element>
	<element name="Dreadful Strike" type="Archetype Feature" source="Player’s Handbook 2024" id="ID_WOTC_PHB24_ARCHETYPE_FEATURE_RANGER_DREADFUL_STRIKE">
		<supports>ID_WOTC_PHB24_ARCHETYPE_FEATURE_RANGER_DREADFUL_STRIKE</supports>
		<description>
			<p>When you attack a creature and hit it with a weapon, you can deal an extra 2d6 Psychic damage. You can use this benefit only once per turn, you can use it a number of times equal to your Wisdom modifier (minimum of once), and you regain all expended uses when you finish a Long Rest.</p>
		</description>
		<sheet usage="1/Turn - {{strike}}/Long Rest">
			<description>When you attack a creature and hit it with a weapon, you can deal an extra 2d6 Psychic damage. </description>
			<description level="11">When you attack a creature and hit it with a weapon, you can deal an extra 2d8 Psychic damage. </description>

		</sheet>
		<rules>
			<stat name="strike" value="1" bonus="strike" />
			<stat name="strike" value="wisdom:modifier" bonus="strike" />
		</rules>
	</element>
	<element name="Initiative Bonus" type="Archetype Feature" source="Player’s Handbook 2024" id="ID_WOTC_PHB24_ARCHETYPE_FEATURE_RANGER_INITIATIVE_BONUS">
		<supports>ID_WOTC_PHB24_ARCHETYPE_FEATURE_RANGER_INITIATIVE_BONUS</supports>
		<description>
			<p>When you roll Initiative, you can add your Wisdom modifier to the roll.</p>
		</description>
		<sheet>
			<description>+{{wisdom:modifier}} bonus when you roll Initiative</description>
		</sheet>
		<rules>
			<stat name="initiative" value="wisdom:modifier" />
		</rules>
	</element>
	
	<element name="Level 3: Gloom Stalker Spells" type="Archetype Feature" source="Player’s Handbook 2024" id="ID_WOTC_PHB24_ARCHETYPE_FEATURE_RANGER_GLOOM_STALKER_SPELLS">
		<requirements>!ID_INTERNAL_FEATURE_REPLACEMENT_RANGER_24_GLOOM_STALKER_SPELLS</requirements>
		<description>
			<p>When you reach a Ranger level specified in the Gloom Stalker Spells table, you thereafter always have the listed spells prepared.</p>
			<h5>GLOOM STALKER SPELLS</h5>
			<table>
				<thead>
					<tr><td>Ranger Level</td><td>Spells</td></tr>
				</thead>
				<tr><td>3rd</td><td><em>Disguise Self</em></td></tr>
				<tr><td>5rd</td><td><em>Rope Trick</em></td></tr>
				<tr><td>9th</td><td><em>Fear</em></td></tr>
				<tr><td>13th</td><td><em>Greater Invisibility</em></td></tr>
				<tr><td>17th</td><td><em>Seeming</em></td></tr>
			</table>
		</description>
		<sheet display="false" />
		<rules>
			<grant type="Spell" id="ID_WOTC_PHB24_SPELL_DISGUISE_SELF" level="3" spellcasting="Ranger" prepared="true"/>
			<grant type="Spell" id="ID_WOTC_PHB24_SPELL_ROPE_TRICK" level="5" spellcasting="Ranger" prepared="true"/>
			<grant type="Spell" id="ID_WOTC_PHB24_SPELL_FEAR" level="9" spellcasting="Ranger" prepared="true"/>
			<grant type="Spell" id="ID_WOTC_PHB24_SPELL_GREATER_INVISIBILITY" level="13" spellcasting="Ranger" prepared="true"/>
			<grant type="Spell" id="ID_WOTC_PHB24_SPELL_SEEMING" level="17" spellcasting="Ranger" prepared="true"/>
		</rules>
	</element>

	<element name="Level 3: Umbral Sight" type="Archetype Feature" source="Player’s Handbook 2024" id="ID_WOTC_PHB24_ARCHETYPE_FEATURE_RANGER_UMBRAL_SIGHT">
		<requirements>!ID_INTERNAL_FEATURE_REPLACEMENT_RANGER_24_UMBRAL_SIGHT</requirements>
		<description>
			<p>You gain Darkvision with a range of 60 feet. If you already have Darkvision when you gain this feature, its range increases by 60 feet.</p>
			<p class="indent">You are also adept at evading creatures that rely on Darkvision. While entirely in Darkness, you have the Invisible condition to any creature that relies on Darkvision to see you in that Darkness.</p>
		</description>
		<sheet alt="Umbral Sight">
			<description>While in darkness, you are invisible to any creature that relies on darkvision to see you in that darkness.</description>
		</sheet>
		<rules>
			<grant type="Vision" id="ID_VISION_LESSER_DARKVISION" />
			<stat name="darkvision:range" value="30" bonus="base" />
			<stat name="darkvision:range" value="30" bonus="umbral sight" />
			<stat name="darkvision:range" value="30" requirements="(ID_VISION_SUPERIORDARKVISION || ID_VISION_DARKVISION)" />
		</rules>
	</element>

	<element name="Level 7: Iron Mind" type="Archetype Feature" source="Player’s Handbook 2024" id="ID_WOTC_PHB24_ARCHETYPE_FEATURE_RANGER_IRON_MIND">
		<requirements>!ID_INTERNAL_FEATURE_REPLACEMENT_RANGER_24_IRON_MIND</requirements>
		<description>
			<p>You have honed your ability to resist mind-altering powers. You gain proficiency in Wisdom saving throws. If you already have this proficiency, you instead gain proficiency in Intelligence or Charisma saving throws (your choice).</p>
		</description>
		<sheet alt="Iron Mind" >
			<description>You gain proficiency in Wisdom saving throws. If you already have this proficiency, you instead gain proficiency in Intelligence or Charisma saving throws (your choice).</description>
		</sheet>
		<rules>
			<select type="Proficiency" name="Saving Throw Proficiency (Gloom Stalker)" supports="ID_WOTC_PHB24_PROFICIENCY_SAVINGTHROW_WISDOM|ID_WOTC_PHB24_PROFICIENCY_SAVINGTHROW_INTELLIGENCE|ID_WOTC_PHB24_PROFICIENCY_SAVINGTHROW_CHARISMA" default="ID_WOTC_PHB24_PROFICIENCY_SAVINGTHROW_WISDOM" />
		</rules>
	</element>

	<element name="Level 11: Stalker's Flurry" type="Archetype Feature" source="Player’s Handbook 2024" id="ID_WOTC_PHB24_ARCHETYPE_FEATURE_RANGER_STALKERS_FLURRY">
		<requirements>!ID_INTERNAL_FEATURE_REPLACEMENT_RANGER_24_STALKERS_FLURRY</requirements>
		<description>
			<p>The Psychic damage of your Dreadful Strike becomes 2d8. In addition, when you use the Dreadful Strike effect of your Dread Ambusher feature, you can cause one of the following additional effects.</p>
			<p class="indent"><b><i>Sudden Strike.</i></b> You can make another attack with the same weapon against a different creature that is within 5 feet of the original target and that is within the weapon’s range.</p>
			<p class="indent"><b><i>Mass Fear.</i></b> The target and each creature within 10 feet of it must make a Wisdom saving throw against your spell save DC. On a failed save, a creature has the Frightened condition until the start of your next turn.</p>
		</description>
		<sheet alt="Stalker's Flurry">
			<description>When you use the Dreadful Strike effect, you can cause one of the following additional effects:</description>
		</sheet>
		<rules>
			<select type="Archetype Feature" name="Sudden Strike" supports="ID_WOTC_PHB24_ARCHETYPE_FEATURE_RANGER_SUDDEN_STRIKE" default="ID_WOTC_PHB24_ARCHETYPE_FEATURE_RANGER_SUDDEN_STRIKE" />
			<select type="Archetype Feature" name="Mass Fear" supports="ID_WOTC_PHB24_ARCHETYPE_FEATURE_RANGER_MASS_FEAR" default="ID_WOTC_PHB24_ARCHETYPE_FEATURE_RANGER_MASS_FEAR" />
		</rules>
	</element>
	<element name="Sudden Strike" type="Archetype Feature" source="Player’s Handbook 2024" id="ID_WOTC_PHB24_ARCHETYPE_FEATURE_RANGER_SUDDEN_STRIKE">
		<compendium display="false" />
		<supports>ID_WOTC_PHB24_ARCHETYPE_FEATURE_RANGER_SUDDEN_STRIKE</supports>
		<description>
			<p>You can make another attack with the same weapon against a different creature that is within 5 feet of the original target and that is within the weapon’s range.</p>
		</description>
		<sheet>
			<description>You can make another attack with the same weapon against a different creature that is within 5 feet of the original target and that is within the weapon’s range.</description>
		</sheet>
	</element>
	<element name="Mass Fear" type="Archetype Feature" source="Player’s Handbook 2024" id="ID_WOTC_PHB24_ARCHETYPE_FEATURE_RANGER_MASS_FEAR">
		<compendium display="false" />
		<supports>ID_WOTC_PHB24_ARCHETYPE_FEATURE_RANGER_MASS_FEAR</supports>
		<description>
			<p>The target and each creature within 10 feet of it must make a Wisdom saving throw against your spell save DC. On a failed save, a creature has the Frightened condition until the start of your next turn.</p>
		</description>
		<sheet>
			<description>The target and each creature within 10ft of it must make a DC{{spellcasting:dc:wis}} WIS saving throw. On a failed save, a creature has the Frightened condition until the start of your next turn.</description>
		</sheet>
	</element>

	<element name="Level 15: Shadowy Dodge" type="Archetype Feature" source="Player’s Handbook 2024" id="ID_WOTC_PHB24_ARCHETYPE_FEATURE_RANGER_SHADOWY_DODGE">
		<requirements>!ID_INTERNAL_FEATURE_REPLACEMENT_RANGER_24_SHADOWY_DODGE</requirements>
		<description>
			<p>When a creature makes an attack roll against you, you can take a Reaction to impose Disadvantage on that roll. Whether the attack hits or misses, you can then teleport up to 30 feet to an unoccupied space you can see.</p>
		</description>
		<sheet alt="Shadowy Dodge" action="Reaction">
			<description>When a creature makes an attack roll against you, you can impose Disadvantage on that roll. Whether the attack hits or misses, you can then teleport up to 30 feet to an unoccupied space you can see.</description>
		</sheet>
	</element>

<!--Feature Replacement Grants-->
	<element name="Dread Ambusher Feature Replacement" type="Grants" source="Internal" id="ID_INTERNAL_FEATURE_REPLACEMENT_RANGER_24_DREAD_AMBUSHER" />
	<element name="Gloom Stalker Spells Feature Replacement" type="Grants" source="Internal" id="ID_INTERNAL_FEATURE_REPLACEMENT_RANGER_24_GLOOM_STALKER_SPELLS" />
	<element name="Umbral Sight Feature Replacement" type="Grants" source="Internal" id="ID_INTERNAL_FEATURE_REPLACEMENT_RANGER_24_UMBRAL_SIGHT" />
	<element name="Iron Mind Feature Replacement" type="Grants" source="Internal" id="ID_INTERNAL_FEATURE_REPLACEMENT_RANGER_24_IRON_MIND" />
	<element name="Stalker's Flurry Feature Replacement" type="Grants" source="Internal" id="ID_INTERNAL_FEATURE_REPLACEMENT_RANGER_24_STALKERS_FLURRY" />	
	<element name="Shadowy Dodge Feature Replacement" type="Grants" source="Internal" id="ID_INTERNAL_FEATURE_REPLACEMENT_RANGER_24_SHADOWY_DODGE" />	

</elements>
