<?xml version="1.0" encoding="utf-8" ?>
<elements>
	<info>
		<name>Arcane Trickster</name>
		<description>The Arcane Trickster subclass from the Player’s Handbook 2024.</description>
		<author url="https://dndstore.wizards.com/us/en/product/1001494/2024-player-s-handbook-digital-plus-physical-bundle">Wizards of the Coast</author>
		<update version="0.0.4">
			<file name="rogue-arcane-trickster.xml" url="https://raw.githubusercontent.com/Netrinil/Aurora/master/core/players-handbook-2024/archetypes/rogue-arcane-trickster.xml" />
		</update>
	</info>

	<element name="Arcane Trickster" type="Archetype" source="Player’s Handbook 2024" id="ID_WOTC_PHB24_ARCHETYPE_ROGUE_ARCANE_TRICKSTER">
		<supports>Roguish Archetype</supports>
		<description>
			<p class="flavor">Enhance Stealth with Arcane Spells</p>
			<p>Some Rogues enhance their fine-honed skills of stealth and agility with spells, learning magical tricks to aid them in their trade. Some Arcane Tricksters use their talents as pickpockets and burglars, while others are pranksters.</p>
			<div element="ID_WOTC_PHB24_ARCHETYPE_FEATURE_ROGUE_ARCANE_TRICKSTER_SPELLCASTING" />
			<div element="ID_WOTC_PHB24_ARCHETYPE_FEATURE_ROGUE_ARCANE_TRICKSTER_MAGE_HAND_LEGERDEMAIN" />
			<div element="ID_WOTC_PHB24_ARCHETYPE_FEATURE_ROGUE_ARCANE_TRICKSTER_MAGICAL_AMBUSH" />
			<div element="ID_WOTC_PHB24_ARCHETYPE_FEATURE_ROGUE_ARCANE_TRICKSTER_VERSATILE_TRICKSTER" />
			<div element="ID_WOTC_PHB24_ARCHETYPE_FEATURE_ROGUE_ARCANE_TRICKSTER_SPELL_THIEF" />
		</description>
		<sheet display="false">
			<description>You enhance you fine-honed skills of stealth and agility with magic, learning tricks of enchantment and illusion.</description>
		</sheet>
		<rules>
			<grant type="Archetype Feature" id="ID_WOTC_PHB24_ARCHETYPE_FEATURE_ROGUE_ARCANE_TRICKSTER_SPELLCASTING" level="3"/>
			<grant type="Archetype Feature" id="ID_WOTC_PHB24_ARCHETYPE_FEATURE_ROGUE_ARCANE_TRICKSTER_MAGE_HAND_LEGERDEMAIN" level="3"/>
			<grant type="Archetype Feature" id="ID_WOTC_PHB24_ARCHETYPE_FEATURE_ROGUE_ARCANE_TRICKSTER_MAGICAL_AMBUSH" level="9"/>
			<grant type="Archetype Feature" id="ID_WOTC_PHB24_ARCHETYPE_FEATURE_ROGUE_ARCANE_TRICKSTER_VERSATILE_TRICKSTER" level="13"/>
			<grant type="Archetype Feature" id="ID_WOTC_PHB24_ARCHETYPE_FEATURE_ROGUE_ARCANE_TRICKSTER_SPELL_THIEF" level="17"/>
		</rules>
	</element>

	<element name="Level 3: Spellcasting" type="Archetype Feature" source="Player’s Handbook 2024" id="ID_WOTC_PHB24_ARCHETYPE_FEATURE_ROGUE_ARCANE_TRICKSTER_SPELLCASTING">
		<requirements>!ID_INTERNAL_FEATURE_REPLACEMENT_ROGUE_24_ARCANE_TRICKSTER_SPELLCASTING</requirements>
		<description>
			<p>You have learned to cast spells. See chapter 7 for the rules on spellcasting. The information below details how you use those rules as an Arcane Trickster.</p>
			<p class="indent"><em><strong>Cantrips.</strong></em> You know three cantrips: <i>Mage Hand</i> and two other cantrips of your choice from the Wizard spell list (see that class’s section for its list). <i>Mind Sliver</i> and <i>Minor Illusion</i> are recommended. When you reach Rogue level 10, you learn another Wizard cantrip of your choice.</p>
			<p class="indent">Whenever you gain a Rogue level, you can replace one of your cantrips, except <i>Mage Hand</i>, with another Wizard cantrip of your choice.</p>
			<p class="indent"><em><strong>Spell Slots.</strong></em>  The Arcane Trickster Spellcasting table shows how many spell slots you have to cast your level 1+ spells. You regain all expended spell slots when you finish a Long Rest.</p>
			<p class="indent"><em><strong>Spells Known of 1st-Level and Higher.</strong></em> You prepare the list of level 1+ spells that are available for you to cast with this feature. To start, choose three level 1 Wizard spells. <i>Charm Person</i>, <i>Disguise Self</i>, and <i>Fog Cloud</i> are recommended.</p>
			<p class="indent">The number of spells on your list increases as you gain Rogue levels, as shown in the Prepared Spells column of the Arcane Trickster Spellcasting table. Whenever that number increases, choose additional Wizard spells until the number of spells on your list matches the number in the Arcane Trickster Spellcasting table. The chosen spells must be of a level for which you have spell slots. For example, if you’re a level 7 Rogue, your list of prepared spells can include five Wizard spells of level 1 or 2 in any combination.</p>
			<p class="indent">Whenever you gain a Rogue level, you can replace one spell on your list with another Wizard spell for which you have spell slots.</p>
			<p class="indent"><em><strong>Spellcasting Ability.</strong></em> Intelligence is your spellcasting ability for your wizard spells, since you learn your spells through dedicated study and memorization. You use your Intelligence whenever a spell refers to your spellcasting ability. In addition, you use your Intelligence modifier when setting the saving throw DC for a wizard spell you cast and when making an attack roll with one.</p>
			<center>
				<p><strong>Spell save DC</strong> = 8 + your proficiency bonus + your Intelligence modifier</p>
				<p><strong>Spell attack modifier</strong> = your proficiency bonus + your Intelligence modifier</p>
			</center>
			<p><em><strong>Spellcasting Focus.</strong></em> You can use an Arcane Focus as a Spellcasting Focus for your Wizard spells.</p>
			<h5 class="caption">ARCANE TRICKSTER SPELLCASTING</h5>
			<table class="class-features">
				<thead>
					<tr><td class="col-10">Rogue Level</td><td class="col-10">Cantrips Known</td><td class="col-10">Prepared Spells</td><td>1st</td><td>2nd</td><td>3rd</td><td>4th</td></tr>
				</thead>
				<tr><td> 3rd</td><td>3</td><td> 3</td><td>2</td><td>—</td><td>—</td><td>—</td></tr>
				<tr><td> 4th</td><td>3</td><td> 4</td><td>3</td><td>—</td><td>—</td><td>—</td></tr>
				<tr><td> 5th</td><td>3</td><td> 4</td><td>3</td><td>—</td><td>—</td><td>—</td></tr>
				<tr><td> 6th</td><td>3</td><td> 4</td><td>3</td><td>—</td><td>—</td><td>—</td></tr>
				<tr><td> 7th</td><td>3</td><td> 5</td><td>4</td><td>2</td><td>—</td><td>—</td></tr>
				<tr><td> 8th</td><td>3</td><td> 6</td><td>4</td><td>2</td><td>—</td><td>—</td></tr>
				<tr><td> 9th</td><td>3</td><td> 6</td><td>4</td><td>2</td><td>—</td><td>—</td></tr>
				<tr><td>10th</td><td>4</td><td> 7</td><td>4</td><td>3</td><td>—</td><td>—</td></tr>
				<tr><td>11th</td><td>4</td><td> 8</td><td>4</td><td>3</td><td>—</td><td>—</td></tr>
				<tr><td>12th</td><td>4</td><td> 8</td><td>4</td><td>3</td><td>—</td><td>—</td></tr>
				<tr><td>13th</td><td>4</td><td> 9</td><td>4</td><td>3</td><td>2</td><td>—</td></tr>
				<tr><td>14th</td><td>4</td><td>10</td><td>4</td><td>3</td><td>2</td><td>—</td></tr>
				<tr><td>15th</td><td>4</td><td>10</td><td>4</td><td>3</td><td>2</td><td>—</td></tr>
				<tr><td>16th</td><td>4</td><td>11</td><td>4</td><td>3</td><td>3</td><td>—</td></tr>
				<tr><td>17th</td><td>4</td><td>11</td><td>4</td><td>3</td><td>3</td><td>—</td></tr>
				<tr><td>18th</td><td>4</td><td>11</td><td>4</td><td>3</td><td>3</td><td>—</td></tr>
				<tr><td>19th</td><td>4</td><td>12</td><td>4</td><td>3</td><td>3</td><td>1</td></tr>
				<tr><td>20th</td><td>4</td><td>13</td><td>4</td><td>3</td><td>3</td><td>1</td></tr>
			</table>
		</description>
		<sheet display="false" />
		<spellcasting name="Arcane Trickster" ability="Intelligence" allowReplace="true">
			<list>Wizard</list>
		</spellcasting>
		<rules>
			<grant type="Grants" id="ID_INTERNAL_GRANT_MULTICLASS_SPELLCASTING_SLOTS_THIRD" requirements="ID_INTERNAL_GRANT_MULTICLASS" />
			<stat name="arcane trickster:spellcasting:slots:1" value="2" level="3" />
			<stat name="arcane trickster:spellcasting:slots:1" value="1" level="4" />
			<stat name="arcane trickster:spellcasting:slots:1" value="1" level="7" />
			<stat name="arcane trickster:spellcasting:slots:2" value="2" level="7" />
			<stat name="arcane trickster:spellcasting:slots:2" value="1" level="10" />
			<stat name="arcane trickster:spellcasting:slots:3" value="2" level="13" />
			<stat name="arcane trickster:spellcasting:slots:3" value="1" level="16" />
			<stat name="arcane trickster:spellcasting:slots:4" value="1" level="19" />
			<grant type="Spell" id="ID_WOTC_PHB24_SPELL_MAGE_HAND" level="3" spellcasting="Arcane Trickster" />
			<select type="Spell" name="Cantrip (Arcane Trickster)" supports="$(spellcasting:list), 0" level="3" number="2" spellcasting="Arcane Trickster" />
			<select type="Spell" name="Cantrip (Arcane Trickster)" supports="$(spellcasting:list), 0" level="10" number="1" spellcasting="Arcane Trickster" />
			<select type="Spell" name="Spell (Arcane Trickster)" supports="$(spellcasting:list), $(spellcasting:slots)" level="3" number="3" spellcasting="Arcane Trickster" />
			<select type="Spell" name="Spell (Arcane Trickster)" supports="$(spellcasting:list), $(spellcasting:slots)" level="4" number="1" spellcasting="Arcane Trickster"/>
			<select type="Spell" name="Spell (Arcane Trickster)" supports="$(spellcasting:list), $(spellcasting:slots)" level="7" number="1" spellcasting="Arcane Trickster"/>
			<select type="Spell" name="Spell (Arcane Trickster)" supports="$(spellcasting:list), $(spellcasting:slots)" level="8" number="1" spellcasting="Arcane Trickster"/>
			<select type="Spell" name="Spell (Arcane Trickster)" supports="$(spellcasting:list), $(spellcasting:slots)" level="10" number="1" spellcasting="Arcane Trickster"/>
			<select type="Spell" name="Spell (Arcane Trickster)" supports="$(spellcasting:list), $(spellcasting:slots)" level="11" number="1" spellcasting="Arcane Trickster"/>
			<select type="Spell" name="Spell (Arcane Trickster)" supports="$(spellcasting:list), $(spellcasting:slots)" level="13" number="1" spellcasting="Arcane Trickster"/>
			<select type="Spell" name="Spell (Arcane Trickster)" supports="$(spellcasting:list), $(spellcasting:slots)" level="14" number="1" spellcasting="Arcane Trickster"/>
			<select type="Spell" name="Spell (Arcane Trickster)" supports="$(spellcasting:list), $(spellcasting:slots)" level="16" number="1" spellcasting="Arcane Trickster"/>
			<select type="Spell" name="Spell (Arcane Trickster)" supports="$(spellcasting:list), $(spellcasting:slots)" level="19" number="1" spellcasting="Arcane Trickster"/>
			<select type="Spell" name="Spell (Arcane Trickster)" supports="$(spellcasting:list), $(spellcasting:slots)" level="20" number="1" spellcasting="Arcane Trickster"/>
		</rules>
	</element>
	<element name="Level 3: Mage Hand Legerdemain" type="Archetype Feature" source="Player’s Handbook 2024" id="ID_WOTC_PHB24_ARCHETYPE_FEATURE_ROGUE_ARCANE_TRICKSTER_MAGE_HAND_LEGERDEMAIN">
		<requirements>!ID_INTERNAL_FEATURE_REPLACEMENT_ROGUE_24_ARCANE_TRICKSTER_MAGE_HAND_LEGERDEMAIN</requirements>
		<description>
			<p>When you cast <i>Mage Hand</i>, you can cast it as a Bonus Action, and you can make the spectral hand Invisible. You can control the hand as a Bonus Action, and through it, you can make Dexterity (Sleight of Hand) checks.</p>
		</description>
		<sheet alt="Mage Hand Legerdemain" >
			<description>When you cast Mage Hand, you can cast it as a Bonus Action, and you can make the spectral hand Invisible. You can control the hand as a Bonus Action, and through it, you can make Dexterity (Sleight of Hand) checks.</description>
		</sheet>
	</element>

	<element name="Level 9: Magical Ambush" type="Archetype Feature" source="Player’s Handbook 2024" id="ID_WOTC_PHB24_ARCHETYPE_FEATURE_ROGUE_ARCANE_TRICKSTER_MAGICAL_AMBUSH">
		<requirements>!ID_INTERNAL_FEATURE_REPLACEMENT_ROGUE_24_ARCANE_TRICKSTER_MAGICAL_AMBUSH</requirements>
		<description>
			<p>If you have the Invisible condition when you cast a spell on a creature, it has Disadvantage on any saving throw it makes against the spell on the same turn.</p>
		</description>
		<sheet alt="Magical Ambush">
			<description>If you have the Invisible condition when you cast a spell on a creature, it has Disadvantage on any saving throw it makes against the spell on the same turn.</description>
		</sheet>
	</element>

	<element name="Level 13: Versatile Trickster" type="Archetype Feature" source="Player’s Handbook 2024" id="ID_WOTC_PHB24_ARCHETYPE_FEATURE_ROGUE_ARCANE_TRICKSTER_VERSATILE_TRICKSTER">
		<requirements>!ID_INTERNAL_FEATURE_REPLACEMENT_ROGUE_24_ARCANE_TRICKSTER_VERSATILE_TRICKSTER</requirements>
		<description>
			<p>You gain the ability to distract targets with your Mage Hand. When you use the Trip option of your Cunning Strike on a creature, you can also use that option on another creature within 5 feet of the spectral hand.</p>
		</description>
		<sheet alt="Versatile Trickster">
			<description>When you use the Trip option of your Cunning Strike on a creature, you can also use that option on another creature within 5 feet of your Mage Hand.</description>
		</sheet>
	</element>

	<element name="Level 17: Spell Thief" type="Archetype Feature" source="Player’s Handbook 2024" id="ID_WOTC_PHB24_ARCHETYPE_FEATURE_ROGUE_ARCANE_TRICKSTER_SPELL_THIEF">
		<requirements>!ID_INTERNAL_FEATURE_REPLACEMENT_ROGUE_24_ARCANE_TRICKSTER_SPELL_THIEF</requirements>
		<description>
			<p>You gain the ability to magically steal the knowledge of how to cast a spell from another spellcaster.</p>
			<p class="indent">Immediately after a creature casts a spell that targets you or includes you in its area of effect, you can take a Reaction to force the creature to make an Intelligence saving throw. The DC equals your spell save DC. On a failed save, you negate the spell’s effect against you, and you steal the knowledge of the spell if it is at least level 1 and of a level you can cast (it doesn’t need to be a Wizard spell). For the next 8 hours, you have the spell prepared. The creature can’t cast it until the 8 hours have passed.</p>
			<p class="indent">Once you steal a spell with this feature, you can’t use this feature again until you finish a Long Rest.</p>
		</description>
		<sheet alt="Spell Thief" action="Reaction" usage="1/Long Rest">
			<description>Immediately after a creature casts a spell that targets you or includes you in its area of effect, you can force the creature to make a DC{{spellcasting:dc:int}} Intelligence saving throw. On a failed save, you negate the spell’s effect against you, and you steal the knowledge of the spell if it is at least level 1 and of a level you can cast (it doesn’t need to be a Wizard spell). For the next 8 hours, you have the spell prepared, and the creature can’t cast it again until the 8 hours have passed.</description>
		</sheet>
	</element>

	<!--Feature Replacement Grants-->
	<element name="Spellcasting Feature Replacement" type="Grants" source="Internal" id="ID_INTERNAL_FEATURE_REPLACEMENT_ROGUE_24_ARCANE_TRICKSTER_SPELLCASTING" />
	<element name="Mage Hand Legerdemain Feature Replacement" type="Grants" source="Internal" id="ID_INTERNAL_FEATURE_REPLACEMENT_ROGUE_24_ARCANE_TRICKSTER_MAGE_HAND_LEGERDEMAIN" />
	<element name="Magical Ambush Feature Replacement" type="Grants" source="Internal" id="ID_INTERNAL_FEATURE_REPLACEMENT_ROGUE_24_ARCANE_TRICKSTER_MAGICAL_AMBUSH" />
	<element name="Versatile Trickster Feature Replacement" type="Grants" source="Internal" id="ID_INTERNAL_FEATURE_REPLACEMENT_ROGUE_24_ARCANE_TRICKSTER_VERSATILE_TRICKSTER" />
	<element name="Spell Thief Feature Replacement" type="Grants" source="Internal" id="ID_INTERNAL_FEATURE_REPLACEMENT_ROGUE_24_ARCANE_TRICKSTER_SPELL_THIEF" />
</elements>
