<?xml version="1.0" encoding="utf-8" ?>
<elements>
	<info>
		<name>Clockwork Sorcery</name>
		<description>The Clockwork Sorcery subclass from the Player’s Handbook 2024.</description>
		<author url="https://dndstore.wizards.com/us/en/product/1001494/2024-player-s-handbook-digital-plus-physical-bundle">Wizards of the Coast</author>
		<update version="0.0.7">
			<file name="sorcerer-clockwork.xml" url="https://raw.githubusercontent.com/Netrinil/Aurora/master/core/players-handbook-2024/archetypes/sorcerer-clockwork.xml" />
		</update>
	</info>

	<element name="Clockwork Sorcery" type="Archetype" source="Player’s Handbook 2024" id="ID_WOTC_PHB24_ARCHETYPE_SORCERER_CLOCKWORK_SORCERY">
		<supports>Sorcerous Origin</supports>
		<description>
			<p class="flavor">Channel Cosmic Forces of Order</p>
			<p>The cosmic force of order has suffused you with magic. That power arises from Mechanus or a realm like it—a plane of existence shaped entirely by clockwork efficiency. You or someone from your lineage might have become entangled in the machinations of modrons, the orderly beings who inhabit Mechanus. Perhaps your ancestor even took part in the Great Modron March. Whatever its origin within you, the power of order can seem strange to others, but for you, it’s part of a vast and glorious system.</p>
			<div element="ID_WOTC_PHB24_ARCHETYPE_FEATURE_SORCERER_CLOCKWORK_CLOCKWORK_MAGIC" />
			<div element="ID_WOTC_PHB24_ARCHETYPE_FEATURE_SORCERER_CLOCKWORK_RESTORE_BALANCE" />
			<div element="ID_WOTC_PHB24_ARCHETYPE_FEATURE_SORCERER_CLOCKWORK_BASTION_OF_LAW" />
			<div element="ID_WOTC_PHB24_ARCHETYPE_FEATURE_SORCERER_CLOCKWORK_TRANCE_OF_ORDER" />
			<div element="ID_WOTC_PHB24_ARCHETYPE_FEATURE_SORCERER_CLOCKWORK_CLOCKWORK_CAVALCADE" />
		</description>
		<sheet display="false" />
		<rules>
			<grant type="Archetype Feature" id="ID_WOTC_PHB24_ARCHETYPE_FEATURE_SORCERER_CLOCKWORK_CLOCKWORK_MAGIC" level="3" />
			<grant type="Archetype Feature" id="ID_WOTC_PHB24_ARCHETYPE_FEATURE_SORCERER_CLOCKWORK_RESTORE_BALANCE" level="3" />
			<grant type="Archetype Feature" id="ID_WOTC_PHB24_ARCHETYPE_FEATURE_SORCERER_CLOCKWORK_BASTION_OF_LAW" level="6" />
			<grant type="Archetype Feature" id="ID_WOTC_PHB24_ARCHETYPE_FEATURE_SORCERER_CLOCKWORK_TRANCE_OF_ORDER" level="14" />
			<grant type="Archetype Feature" id="ID_WOTC_PHB24_ARCHETYPE_FEATURE_SORCERER_CLOCKWORK_CLOCKWORK_CAVALCADE" level="18" />
		</rules>
	</element>
	<element name="Level 3: Clockwork Magic" type="Archetype Feature" source="Player’s Handbook 2024" id="ID_WOTC_PHB24_ARCHETYPE_FEATURE_SORCERER_CLOCKWORK_CLOCKWORK_MAGIC">
		<requirements>!ID_INTERNAL_FEATURE_REPLACEMENT_SORCERER_24_CLOCKWORK_CLOCKWORK_MAGIC</requirements>
		<description>
			<p>When you reach a Sorcerer level specified in the Clockwork Spells table, you thereafter always have the listed spells prepared.</p>
			<h5 class="caption">Clockwork Spells</h5>
			<table>
				<thead>
					<tr><td>Sorcerer Level</td><td>Spells</td></tr>
				</thead>
				<tr><td>3rd</td><td><em>Aid, Alarm, Lesser Restoration, Protection from Evil and Good</em></td></tr>
				<tr><td>5th</td><td><em>Dispel Magic, Protection from Energy</em></td></tr>
				<tr><td>7th</td><td><em>Freedom of Movement, Summon Construct</em></td></tr>
				<tr><td>9th</td><td><em>Greater Restoration, Wall of Force</em></td></tr>
			</table>
			<p>In addition, consult the Manifestations of Order table and choose or randomly determine a way your connection to order manifests while you are casting any of your Sorcerer spells.</p>
			<h5 class="caption">Manifestations of Order</h5>
			<table>
				<thead>
					<tr><td>1d6</td><td>Manifestation</td></tr>
				</thead>
				<tr><td>1</td><td>Spectral cogwheels hover behind you</td></tr>
				<tr><td>2</td><td>The hands of a clock spin in your eyes</td></tr>
				<tr><td>3</td><td>Your skin glows with a brassy sheen</td></tr>
				<tr><td>4</td><td>Floating equations and geometric objects overlay your body</td></tr>
				<tr><td>5</td><td>Your Spellcasting Focus temporarily takes the form of a Tiny clockwork mechanism</td></tr>
				<tr><td>6</td><td>The ticking of gears or ringing of a clock can be heard by you and those aﬀected by your magic</td></tr>
			</table>
		</description>
		<sheet display="false" />
		<rules>
			<!--<grant type="Spell" id="ID_PHB_SPELL_ALARM" level="3" spellcasting="Sorcerer" allowReplace="false" />
			<grant type="Spell" id="ID_PHB_SPELL_PROTECTION_FROM_EVIL_AND_GOOD" level="3" spellcasting="Sorcerer" allowReplace="false" />
			<grant type="Spell" id="ID_PHB_SPELL_AID" level="3" spellcasting="Sorcerer" allowReplace="false" />
			<grant type="Spell" id="ID_PHB_SPELL_LESSER_RESTORATION" level="3" spellcasting="Sorcerer" allowReplace="false" />
			<grant type="Spell" id="ID_PHB_SPELL_DISPEL_MAGIC" level="5" spellcasting="Sorcerer" allowReplace="false" />
			<grant type="Spell" id="ID_PHB_SPELL_PROTECTION_FROM_ENERGY" level="5" spellcasting="Sorcerer" allowReplace="false" />
			<grant type="Spell" id="ID_PHB_SPELL_FREEDOM_OF_MOVEMENT" level="7" spellcasting="Sorcerer" allowReplace="false" />
			<grant type="Spell" id="ID_WOTC_TCOE_SPELL_SUMMON_CONSTRUCT" level="7" spellcasting="Sorcerer" allowReplace="false" />
			<grant type="Spell" id="ID_PHB_SPELL_GREATER_RESTORATION" level="9" spellcasting="Sorcerer" allowReplace="false" />
			<grant type="Spell" id="ID_PHB_SPELL_WALL_OF_FORCE" level="9" spellcasting="Sorcerer" allowReplace="false" />-->

			<grant type="Spell" id="ID_WOTC_PHB24_SPELL_ALARM" level="3" spellcasting="Sorcerer" allowReplace="false" />
			<grant type="Spell" id="ID_WOTC_PHB24_SPELL_PROTECTION_FROM_EVIL_AND_GOOD" level="3" spellcasting="Sorcerer" allowReplace="false" />
			<grant type="Spell" id="ID_WOTC_PHB24_SPELL_AID" level="3" spellcasting="Sorcerer" allowReplace="false" />
			<grant type="Spell" id="ID_WOTC_PHB24_SPELL_LESSER_RESTORATION" level="3" spellcasting="Sorcerer" allowReplace="false" />
			<grant type="Spell" id="ID_WOTC_PHB24_SPELL_DISPEL_MAGIC" level="5" spellcasting="Sorcerer" allowReplace="false" />
			<grant type="Spell" id="ID_WOTC_PHB24_SPELL_PROTECTION_FROM_ENERGY" level="5" spellcasting="Sorcerer" allowReplace="false" />
			<grant type="Spell" id="ID_WOTC_PHB24_SPELL_FREEDOM_OF_MOVEMENT" level="7" spellcasting="Sorcerer" allowReplace="false" />
			<grant type="Spell" id="ID_WOTC_PHB24_SPELL_SUMMON_CONSTRUCT" level="7" spellcasting="Sorcerer" allowReplace="false" />
			<grant type="Spell" id="ID_WOTC_PHB24_SPELL_GREATER_RESTORATION" level="9" spellcasting="Sorcerer" allowReplace="false" />
			<grant type="Spell" id="ID_WOTC_PHB24_SPELL_WALL_OF_FORCE" level="9" spellcasting="Sorcerer" allowReplace="false" />
		</rules>
	</element>
	<element name="Level 3: Restore Balance" type="Archetype Feature" source="Player’s Handbook 2024" id="ID_WOTC_PHB24_ARCHETYPE_FEATURE_SORCERER_CLOCKWORK_RESTORE_BALANCE">
		<requirements>!ID_INTERNAL_FEATURE_REPLACEMENT_SORCERER_24_CLOCKWORK_RESTORE_BALANCE</requirements>
		<description>
			<p>Your connection to the plane of absolute order allows you to equalize chaotic moments. When a creature you can see within 60 feet of yourself is about to roll a d20 with Advantage or Disadvantage, you can take a Reaction to prevent the roll from being affected by Advantage and Disadvantage.</p>
			<p class="indent">You can use this feature a number of times equal to your Charisma modifier (minimum of once), and you regain all expended uses when you finish a Long Rest.</p>
		</description>
		<sheet alt="Restore Balance" action="Reaction" usage="{{charisma:modifier}}/Long Rest">
			<description>When a creature you can see within 60 feet of yourself is about to roll a d20 with Advantage or Disadvantage, you can prevent the roll from being affected by Advantage and Disadvantage.</description>
		</sheet>
	</element>
	<element name="Level 6: Bastion of Law" type="Archetype Feature" source="Player’s Handbook 2024" id="ID_WOTC_PHB24_ARCHETYPE_FEATURE_SORCERER_CLOCKWORK_BASTION_OF_LAW">
		<requirements>!ID_INTERNAL_FEATURE_REPLACEMENT_SORCERER_24_CLOCKWORK_BASTION_OF_LAW</requirements>
		<description>
			<p>You can tap into the grand equation of existence to imbue a creature with a shimmering shield of order. As a Magic action, you can expend 1 to 5 Sorcery Points to create a magical ward around yourself or another creature you can see within 30 feet of yourself. The ward is represented by a number of d8s equal to the number of Sorcery Points spent to create it. When the warded creature takes damage, it can expend a number of those dice, roll them, and reduce the damage taken by the total rolled on those dice.</p>
			<p class="indent">The ward lasts until you finish a Long Rest or until you use this feature again.</p>
		</description>
		<sheet alt="Bastion of Law" action="Magic Action">
			<description>You can expend 1 to 5 sorcery points to create a magical ward around yourself or another creature you can see within 30 feet of you. The ward lasts until you finish a long rest or until you use this feature again. The ward is represented by a number of d8s equal to the number of sorcery points spent to create it. When the warded creature takes damage, it can expend a number of those dice, roll them, and reduce the damage taken by the total rolled on those dice.</description>
		</sheet>
	</element>
	<element name="Level 14: Trance of Order" type="Archetype Feature" source="Player’s Handbook 2024" id="ID_WOTC_PHB24_ARCHETYPE_FEATURE_SORCERER_CLOCKWORK_TRANCE_OF_ORDER">
		<requirements>!ID_INTERNAL_FEATURE_REPLACEMENT_SORCERER_24_CLOCKWORK_TRANCE_OF_ORDER</requirements>
		<description>
			<p>You gain the ability to align your consciousness with the endless calculations of Mechanus. As a Bonus Action, you can enter this state for 1 minute. For the duration, attack rolls against you can’t benefit from Advantage, and whenever you make a D20 Test, you can treat a roll of 9 or lower on the d20 as a 10.</p>
			<p class="indent">Once you use this feature, you can’t use it again until you finish a Long Rest unless you spend 5 Sorcery Points (no action required) to restore your use of it.</p>
		</description>
		<sheet alt="Trance of Order" action="Bonus Action" usage="1/Long Rest">
			<description>You can enter this state for 1 minute. For the duration, attack rolls against you can’t benefit from Advantage, and whenever you make an attack roll, an ability check, or a saving throw, you can treat a roll of 9 or lower on the d20 as a 10. &#13;
			You can spend 5 Sorcery Points to use this feature again.</description>
		</sheet>
	</element>
	<element name="Level 18: Clockwork Cavalcade" type="Archetype Feature" source="Player’s Handbook 2024" id="ID_WOTC_PHB24_ARCHETYPE_FEATURE_SORCERER_CLOCKWORK_CLOCKWORK_CAVALCADE">
		<requirements>!ID_INTERNAL_FEATURE_REPLACEMENT_SORCERER_24_CLOCKWORK_CLOCKWORK_CAVALCADE</requirements>
		<description>
			<p>You momentarily summon spirits of order to expunge disorder around you. As a Magic action, you summon the spirits in a 30-foot Cube originating from you. The spirits look like modrons or other Constructs of your choice. The spirits are intangible and invulnerable, and they create the effects below within the Cube before vanishing. Once you use this action, you can’t use it again until you finish a Long Rest unless you spend 7 Sorcery Points (no action required) to restore your use of it.</p>
			<ul>
				<li><em><strong>Heal.</strong></em> The spirits restore up to 100 Hit Points, divided as you choose among any number of creatures of your choice in the Cube.</li>
				<li><em><strong>Repair.</strong></em> Any damaged objects entirely in the Cube are repaired instantly.</li>
				<li><em><strong>Dispel.</strong></em> Every spell of level 6 and lower ends on creatures and objects of your choice in the Cube.</li>
			</ul>
		</description>
		<sheet alt="Clockwork Cavalcade" action="Magic Action" usage="1/Long Rest">
			<description>You summon the spirits in a 30-foot cube originating from you. The spirits are intangible and invulnerable, and they create the following effects within the cube before vanishing: &#13;
			• The spirits restore up to 100 hit points, divided as you choose among any number of creatures of your choice in the cube. &#13;
			• Any damaged objects entirely in the cube are repaired instantly. &#13;
			• Every spell of level 6 and lower ends on creatures and objects of your choice in the cube. &#13;
			You can spend 7 sorcery points to use this feature again.</description>
		</sheet>
	</element>

	<!--Feature Replacement Grants-->
	<element name="Clockwork Magic Feature Replacement" type="Grants" source="Internal" id="ID_INTERNAL_FEATURE_REPLACEMENT_SORCERER_24_CLOCKWORK_CLOCKWORK_MAGIC" />
	<element name="Restore Balance Feature Replacement" type="Grants" source="Internal" id="ID_INTERNAL_FEATURE_REPLACEMENT_SORCERER_24_CLOCKWORK_RESTORE_BALANCE" />
	<element name="Bastion of Law Feature Replacement" type="Grants" source="Internal" id="ID_INTERNAL_FEATURE_REPLACEMENT_SORCERER_24_CLOCKWORK_BASTION_OF_LAW" />
	<element name="Trance of Order Feature Replacement" type="Grants" source="Internal" id="ID_INTERNAL_FEATURE_REPLACEMENT_SORCERER_24_CLOCKWORK_TRANCE_OF_ORDER" />
	<element name="Clockwork Cavalcade Feature Replacement" type="Grants" source="Internal" id="ID_INTERNAL_FEATURE_REPLACEMENT_SORCERER_24_CLOCKWORK_CLOCKWORK_CAVALCADE" />

	<!--Spell Appends-->
<!--
	<append id="ID_PHB_SPELL_AID">
		<supports>Aid</supports>
	</append>
	<append id="ID_PHB_SPELL_LESSER_RESTORATION">
		<supports>Lesser Restoration</supports>
	</append>
	<append id="ID_PHB_SPELL_FREEDOM_OF_MOVEMENT">
		<supports>Freedom of Movement</supports>
	</append>
	<append id="ID_PHB_SPELL_GREATER_RESTORATION">
		<supports>Greater Restoration</supports>
	</append>
	<append id="ID_WOTC_TCOE_SPELL_SUMMON_CONSTRUCT">
		<supports>Summon Construct</supports>
	</append>
	<append id="ID_PHB_SPELL_WALL_OF_FORCE">
		<supports>Wall of Force</supports>
	</append>-->
	

	<append id="ID_WOTC_PHB24_SPELL_ALARM">
		<supports>Aid</supports>
	</append>
	<append id="ID_WOTC_PHB24_SPELL_PROTECTION_FROM_EVIL_AND_GOOD">
		<supports>Aid</supports>
	</append>
	<append id="ID_WOTC_PHB24_SPELL_AID">
		<supports>Aid</supports>
	</append>
	<append id="ID_WOTC_PHB24_SPELL_LESSER_RESTORATION">
		<supports>Lesser Restoration</supports>
	</append>
	<append id="ID_WOTC_PHB24_SPELL_DISPEL_MAGIC">
		<supports>Freedom of Movement</supports>
	</append>
	<append id="ID_WOTC_PHB24_SPELL_PROTECTION_FROM_ENERGY">
		<supports>Greater Restoration</supports>
	</append>
	<append id="ID_WOTC_PHB24_SPELL_FREEDOM_OF_MOVEMENT">
		<supports>Summon Construct</supports>
	</append>
	<append id="ID_WOTC_PHB24_SPELL_SUMMON_CONSTRUCT">
		<supports>Summon Construct</supports>
	</append>
	<append id="ID_WOTC_PHB24_SPELL_GREATER_RESTORATION">
		<supports>Summon Construct</supports>
	</append>
	<append id="ID_WOTC_PHB24_SPELL_WALL_OF_FORCE">
		<supports>Wall of Force</supports>
	</append>
  
</elements>
