<?xml version="1.0" encoding="utf-8" ?>
<elements>
	<info>
		<name>Aberrant Sorcery</name>
		<description>The Aberrant Sorcery subclass from the Player’s Handbook 2024.</description>
		<author url="https://dndstore.wizards.com/us/en/product/1001494/2024-player-s-handbook-digital-plus-physical-bundle">Wizards of the Coast</author>
		<update version="0.0.5">
			<file name="sorcerer-aberrant.xml" url="https://raw.githubusercontent.com/Netrinil/Aurora/master/core/players-handbook-2024/archetypes/sorcerer-aberrant.xml" />
		</update>
	</info>

	<element name="Aberrant Sorcery" type="Archetype" source="Player’s Handbook 2024" id="ID_WOTC_PHB24_ARCHETYPE_SORCERER_ABERRANT_SORCERY">
		<supports>Sorcerous Origin</supports>
		<description>
			<p class="flavor">Wield Unnatural Psionic Power</p>
			<p>An alien influence has wrapped its tendrils around your mind, giving you psionic power. You can now touch other minds with that power and alter the world around you. Will this power shine from you as a hopeful beacon to others? Or will you be a terror to those who feel the stab of your mind?</p>
			<p class="indent">Perhaps a psychic wind from the Astral Plane carried psionic energy to you, or you were exposed to the Far Realm’s warping influence. Alternatively, you were implanted with a mind flayer tadpole, but your transformation into a mind flayer never occurred; now the tadpole’s psionic power is yours. However you acquired this power, your mind is aflame with it.</p>
			<div element="ID_WOTC_PHB24_ARCHETYPE_SORCERER_ABERRANT_PSIONIC_SPELLS" />
			<div element="ID_WOTC_PHB24_ARCHETYPE_SORCERER_ABERRANT_TELEPATHIC_SPEECH" />
			<div element="ID_WOTC_PHB24_ARCHETYPE_SORCERER_ABERRANT_PSIONIC_SORCERY" />
			<div element="ID_WOTC_PHB24_ARCHETYPE_SORCERER_ABERRANT_PSYCHIC_DEFENSES" />
			<div element="ID_WOTC_PHB24_ARCHETYPE_SORCERER_ABERRANT_REVELATION_IN_FLESH" />
			<div element="ID_WOTC_PHB24_ARCHETYPE_SORCERER_ABERRANT_WARPING_IMPLOSION" />
		</description>
		<sheet display="false" />
		<rules>
			<grant type="Archetype Feature" id="ID_WOTC_PHB24_ARCHETYPE_SORCERER_ABERRANT_PSIONIC_SPELLS" level="3" />
			<grant type="Archetype Feature" id="ID_WOTC_PHB24_ARCHETYPE_SORCERER_ABERRANT_TELEPATHIC_SPEECH" level="3" />
			<grant type="Archetype Feature" id="ID_WOTC_PHB24_ARCHETYPE_SORCERER_ABERRANT_PSIONIC_SORCERY" level="6" />
			<grant type="Archetype Feature" id="ID_WOTC_PHB24_ARCHETYPE_SORCERER_ABERRANT_PSYCHIC_DEFENSES" level="6" />
			<grant type="Archetype Feature" id="ID_WOTC_PHB24_ARCHETYPE_SORCERER_ABERRANT_REVELATION_IN_FLESH" level="14" />
			<grant type="Archetype Feature" id="ID_WOTC_PHB24_ARCHETYPE_SORCERER_ABERRANT_WARPING_IMPLOSION" level="18" />
		</rules>
	</element>
	<element name="Level 3: Psionic Spells" type="Archetype Feature" source="Player’s Handbook 2024" id="ID_WOTC_PHB24_ARCHETYPE_SORCERER_ABERRANT_PSIONIC_SPELLS">
		<requirements>!ID_INTERNAL_FEATURE_REPLACEMENT_SORCERER_24_ABERRANT_PSIONIC_SPELLS</requirements>
		<description>
			<p>When you reach a Sorcerer level specified in the Psionic Spells table, you thereafter always have the listed spells prepared.</p>
			<h5 class="caption">Psionic Spells</h5>
			<table>
				<thead>
					<tr><td>Sorcerer Level</td><td>Spells</td></tr>
				</thead>
				<tr><td>3rd</td><td><em>Arms of Hadar, Calm Emotions, Detect Thoughts, Dissonant Whispers, Mind Sliver</em></td></tr>
				<tr><td>5th</td><td><em>Hunger of Hadar, Sending</em></td></tr>
				<tr><td>7th</td><td><em>Evard’s Black Tentacles, Summon Aberration</em></td></tr>
				<tr><td>9th</td><td><em>Rary’s Telepathic Bond, Telekinesis</em></td></tr>
			</table>
		</description>
		<sheet display="false" />
		<rules>
			<!--<grant type="Spell" id="ID_WOTC_TCOE_SPELL_MIND_SLIVER" level="3" spellcasting="Sorcerer" allowReplace="false" />
			<grant type="Spell" id="ID_PHB_SPELL_ARMS_OF_HADAR" level="3" spellcasting="Sorcerer" allowReplace="false" />
			<grant type="Spell" id="ID_PHB_SPELL_DISSONANT_WHISPERS" level="3" spellcasting="Sorcerer" allowReplace="false" />
			<grant type="Spell" id="ID_PHB_SPELL_CALM_EMOTIONS" level="3" spellcasting="Sorcerer" allowReplace="false" />
			<grant type="Spell" id="ID_PHB_SPELL_DETECT_THOUGHTS" level="3" spellcasting="Sorcerer" allowReplace="false" />
			<grant type="Spell" id="ID_PHB_SPELL_HUNGER_OF_HADAR" level="5" spellcasting="Sorcerer" allowReplace="false" />
			<grant type="Spell" id="ID_PHB_SPELL_SENDING" level="5" spellcasting="Sorcerer" allowReplace="false" />
			<grant type="Spell" id="ID_PHB_SPELL_EVARDS_BLACK_TENTACLES" level="7" spellcasting="Sorcerer" allowReplace="false" />
			<grant type="Spell" id="ID_WOTC_TCOE_SPELL_SUMMON_ABERRATION" level="7" spellcasting="Sorcerer" allowReplace="false" />
			<grant type="Spell" id="ID_PHB_SPELL_RARYS_TELEPATHIC_BOND" level="9" spellcasting="Sorcerer" allowReplace="false" />
			<grant type="Spell" id="ID_PHB_SPELL_TELEKINESIS" level="9" spellcasting="Sorcerer" allowReplace="false" />-->

			<grant type="Spell" id="ID_WOTC_PHB24_SPELL_MIND_SLIVER" level="3" spellcasting="Sorcerer" allowReplace="false" />
			<grant type="Spell" id="ID_WOTC_PHB24_SPELL_ARMS_OF_HADAR" level="3" spellcasting="Sorcerer" allowReplace="false" />
			<grant type="Spell" id="ID_WOTC_PHB24_SPELL_DISSONANT_WHISPERS" level="3" spellcasting="Sorcerer" allowReplace="false" />
			<grant type="Spell" id="ID_WOTC_PHB24_SPELL_CALM_EMOTIONS" level="3" spellcasting="Sorcerer" allowReplace="false" />
			<grant type="Spell" id="ID_WOTC_PHB24_SPELL_DETECT_THOUGHTS" level="3" spellcasting="Sorcerer" allowReplace="false" />
			<grant type="Spell" id="ID_WOTC_PHB24_SPELL_HUNGER_OF_HADAR" level="5" spellcasting="Sorcerer" allowReplace="false" />
			<grant type="Spell" id="ID_WOTC_PHB24_SPELL_SENDING" level="5" spellcasting="Sorcerer" allowReplace="false" />
			<grant type="Spell" id="ID_WOTC_PHB24_SPELL_EVARDS_BLACK_TENTACLES" level="7" spellcasting="Sorcerer" allowReplace="false" />
			<grant type="Spell" id="ID_WOTC_PHB24_SPELL_SUMMON_ABERRATION" level="7" spellcasting="Sorcerer" allowReplace="false" />
			<grant type="Spell" id="ID_WOTC_PHB24_SPELL_RARYS_TELEPATHIC_BOND" level="9" spellcasting="Sorcerer" allowReplace="false" />
			<grant type="Spell" id="ID_WOTC_PHB24_SPELL_TELEKINESIS" level="9" spellcasting="Sorcerer" allowReplace="false" />
		</rules>
	</element>
	<element name="Level 3: Telepathic Speech" type="Archetype Feature" source="Player’s Handbook 2024" id="ID_WOTC_PHB24_ARCHETYPE_SORCERER_ABERRANT_TELEPATHIC_SPEECH">
		<requirements>!ID_INTERNAL_FEATURE_REPLACEMENT_SORCERER_24_ABERRANT_TELEPATHIC_SPEECH</requirements>
		<description>
			<p>You can form a telepathic connection between your mind and the mind of another. As a Bonus Action, choose one creature you can see within 30 feet of yourself. You and the chosen creature can communicate telepathically with each other while the two of you are within a number of miles of each other equal to your Charisma modifier (minimum of 1 mile). To understand each other, you each must mentally use a language the other knows.</p>
			<p class="indent">The telepathic connection lasts for a number of minutes equal to your Sorcerer level. It ends early if you use this ability to form a connection with a different creature.</p>
		</description>
		<sheet alt="Telepathic Speech" action="Bonus Action">
			<description>Choose one creature you can see within 30 feet of you. You and the chosen creature can speak telepathically with each other while the two of you are within {{telepathic speech:distance}} miles of each other. To understand each other, you each must speak mentally in a language the other knows.
			The telepathic connection lasts for 1 minute. It ends early if you are incapacitated or die or if you use this ability to form a connection with a different creature.</description>
			<description level="2">Choose one creature you can see within 30 feet of you. You and the chosen creature can speak telepathically with each other while the two of you are within {{telepathic speech:distance}} miles of each other. To understand each other, you each must speak mentally in a language the other knows.
			The telepathic connection lasts for {{level:sorcerer}} minutes. It ends early if you are incapacitated or die or if you use this ability to form a connection with a different creature.</description>
		</sheet>
		<rules>
			<stat name="telepathic speech:distance" value="1" bonus="base" />
			<stat name="telepathic speech:distance" value="charisma:modifier" bonus="base" />
		</rules>
	</element>

	<element name="Level 6: Psionic Sorcery" type="Archetype Feature" source="Player’s Handbook 2024" id="ID_WOTC_PHB24_ARCHETYPE_SORCERER_ABERRANT_PSIONIC_SORCERY">
		<requirements>!ID_INTERNAL_FEATURE_REPLACEMENT_SORCERER_24_ABERRANT_PSIONIC_SORCERY</requirements>
		<description>
			<p>When you cast any level 1+ spell from your Psionic Spells feature, you can cast it by expending a spell slot as normal or by spending a number of Sorcery Points equal to the spell’s level. If you cast the spell using Sorcery Points, it requires no Verbal or Somatic components, and it requires no Material components unless they are consumed by the spell or have a cost specified in it.</p>
		</description>
		<sheet alt="Psionic Sorcery">
			<description>When you cast any level 1+ spell from your Psionic Spells feature, you can cast it by expending a spell slot as normal or by spending a number of Sorcery Points equal to the spell’s level. If you cast the spell using Sorcery Points, it requires no Verbal or Somatic components, and it requires no Material components unless they are consumed by the spell or have a cost specified in it.</description>
		</sheet>
	</element>
	<element name="Level 6: Psychic Defenses" type="Archetype Feature" source="Player’s Handbook 2024" id="ID_WOTC_PHB24_ARCHETYPE_SORCERER_ABERRANT_PSYCHIC_DEFENSES">
		<requirements>!ID_INTERNAL_FEATURE_REPLACEMENT_SORCERER_24_ABERRANT_PSYCHIC_DEFENSES</requirements>
		<description>
			<p>You have Resistance to Psychic damage, and you have Advantage on saving throws to avoid or end the Charmed or Frightened condition.</p>
		</description>
		<sheet alt="Psychic Defenses">
			<description>You have Resistance to Psychic damage, and you have Advantage on saving throws to avoid or end the Charmed or Frightened conditions.</description>
		</sheet>
		<rules>
			<grant type="Condition" id="ID_INTERNAL_CONDITION_DAMAGE_RESISTANCE_PSYCHIC" />
		</rules>
	</element>

	<element name="Level 14: Revelation in Flesh" type="Archetype Feature" source="Player’s Handbook 2024" id="ID_WOTC_PHB24_ARCHETYPE_SORCERER_ABERRANT_REVELATION_IN_FLESH">
		<requirements>!ID_INTERNAL_FEATURE_REPLACEMENT_SORCERER_24_ABERRANT_REVELATION_IN_FLESH</requirements>
		<description>
			<p>You can unleash the aberrant truth hidden within yourself. As a Bonus Action, you can spend 1 Sorcery Point or more to magically alter your body for 10 minutes. For each Sorcery Point you spend, you gain one of the following benefits of your choice, the effects of which last until the alteration ends.</p>
			<ul>
				<li><em><strong>Aquatic Adaptation.</strong></em> You gain a Swim Speed equal to twice your Speed, and you can breathe underwater. Gills grow from your neck or flare behind your ears, and your fingers become webbed or you grow wriggling cilia.</li>
				<li><em><strong>Glistening Flight.</strong></em> You gain a Fly Speed equal to your Speed, and you can hover. As you fly, your skin glistens with mucus or otherworldly light.</li>
				<li><em><strong>See the Invisible.</strong></em> You can see any Invisible creature within 60 feet of yourself that isn’t behind Total Cover. Your eyes also turn black or become writhing sensory tendrils. </li>
				<li><em><strong>Wormlike Movement.</strong></em> Your body, along with any equipment you are wearing or carrying, becomes slimy and pliable. You can move through any space as narrow as 1 inch, and you can spend 5 feet of movement to escape from nonmagical restraints or the Grappled condition.</li>
			</ul>
		</description>
		<sheet alt="Revelation in Flesh" action="Bonus Action">
			<description>You can spend 1 Sorcery Point or more to magically alter your body for 10 minutes. For each Sorcery Point you spend, you gain one of the following benefits of your choice, the effects of which last until the alteration ends: &#13;
			• You gain a {{revelation in flesh:swimming speed}}ft Swim Speed, and you can breathe underwater. &#13;
			• You gain a {{speed}}ft Fly Speed, and you can hover. &#13;
			• You can see any Invisible creature within 60 feet of yourself that isn’t behind Total Cover. &#13;
			• You can move through any space as narrow as 1 inch, and you can spend 5 feet of movement to escape from nonmagical restraints or the Grappled condition.</description>
		</sheet>
		<rules>
			<stat name="revelation in flesh:swimming speed" value="speed" />
			<stat name="revelation in flesh:swimming speed" value="speed" />
		</rules>
	</element>

	<element name="Level 18: Warping Implosion" type="Archetype Feature" source="Player’s Handbook 2024" id="ID_WOTC_PHB24_ARCHETYPE_SORCERER_ABERRANT_WARPING_IMPLOSION">
		<requirements>!ID_INTERNAL_FEATURE_REPLACEMENT_SORCERER_24_ABERRANT_WARPING_IMPLOSION</requirements>
		<description>
			<p>You can unleash a space-warping anomaly. As a Magic action, you teleport to an unoccupied space you can see within 120 feet of yourself. Immediately after you disappear, each creature within 30 feet of the space you left must make a Strength saving throw against your spell save DC. On a failed save, a creature takes 3d10 Force damage and is pulled straight toward the space you left, ending in an unoccupied space as close to your former space as possible. On a successful save, the creature takes half as much damage only.</p>
			<p class="indent">Once you use this feature, you can’t do so again until you finish a Long Rest unless you spend 5 Sorcery Points (no action required) to restore your use of it.</p>
		</description>
		<sheet alt="Warping Implosion" action="Magic Action" usage="1/Long Rest">
			<description>You can teleport to an unoccupied space you can see within 120 feet of you. Immediately after you disappear, each creature within 30 feet of the space you left must make a DC{{sorcerer:spellcasting:dc}} Strength saving throw. On a failed save, a creature takes 3d10 force damage and is pulled straight toward the space you left, ending in an unoccupied space as close to your former space as possible. On a successful save, the creature takes half as much damage and isn’t pulled. &#13;
			You can spend 5 sorcery points to use this feature again.</description>
		</sheet>
	</element>

	<!--Feature Replacement Grants-->
	<element name="Psionic Spells Feature Replacement" type="Grants" source="Internal" id="ID_INTERNAL_FEATURE_REPLACEMENT_SORCERER_24_ABERRANT_PSIONIC_SPELLS" />
	<element name="Telepathic Speech Feature Replacement" type="Grants" source="Internal" id="ID_INTERNAL_FEATURE_REPLACEMENT_SORCERER_24_ABERRANT_TELEPATHIC_SPEECH" />
	<element name="Psionic Sorcery Feature Replacement" type="Grants" source="Internal" id="ID_INTERNAL_FEATURE_REPLACEMENT_SORCERER_24_ABERRANT_PSIONIC_SORCERY" />
	<element name="Psychic Defenses Feature Replacement" type="Grants" source="Internal" id="ID_INTERNAL_FEATURE_REPLACEMENT_SORCERER_24_ABERRANT_PSYCHIC_DEFENSES" />
	<element name="Revelation in Flesh Feature Replacement" type="Grants" source="Internal" id="ID_INTERNAL_FEATURE_REPLACEMENT_SORCERER_24_ABERRANT_REVELATION_IN_FLESH" />
	<element name="Warping Implosion Feature Replacement" type="Grants" source="Internal" id="ID_INTERNAL_FEATURE_REPLACEMENT_SORCERER_24_ABERRANT_WARPING_IMPLOSION" />

	<!--Spell Appends-->
<!--
	<append id="ID_PHB_SPELL_ARMS_OF_HADAR">
		<supports>Arms of Hadar</supports>
	</append>
	<append id="ID_PHB_SPELL_DISSONANT_WHISPERS">
		<supports>Dissonant Whispers</supports>
	</append>
	<append id="ID_PHB_SPELL_CALM_EMOTIONS">
		<supports>Calm Emotions</supports>
	</append>
	<append id="ID_PHB_SPELL_HUNGER_OF_HADAR">
		<supports>Hunger of Hadar</supports>
	</append>
	<append id="ID_PHB_SPELL_SENDING">
		<supports>Sending</supports>
	</append>
	<append id="ID_PHB_SPELL_EVARDS_BLACK_TENTACLES">
		<supports>Evards Black Tentacles</supports>
	</append>
	<append id="ID_WOTC_TCOE_SPELL_SUMMON_ABERRATION">
		<supports>Summon Aberration</supports>
	</append>
	<append id="ID_PHB_SPELL_TELEKINESIS">
		<supports>Telekinesis</supports>
	</append>
-->

	<append id="ID_WOTC_PHB24_SPELL_MIND_SLIVER">
		<supports>Mind Sliver</supports>
	</append>
	<append id="ID_WOTC_PHB24_SPELL_ARMS_OF_HADAR">
		<supports>Arms of Hadar</supports>
	</append>
	<append id="ID_WOTC_PHB24_SPELL_DISSONANT_WHISPERS">
		<supports>Dissonant Whispers</supports>
	</append>
	<append id="ID_WOTC_PHB24_SPELL_CALM_EMOTIONS">
		<supports>Calm Emotions</supports>
	</append>
	<append id="ID_WOTC_PHB24_SPELL_DETECT_THOUGHTS">
		<supports>Mind Sliver</supports>
	</append>
	<append id="ID_WOTC_PHB24_SPELL_HUNGER_OF_HADAR">
		<supports>Hunger of Hadar</supports>
	</append>
	<append id="ID_WOTC_PHB24_SPELL_SENDING">
		<supports>Sending</supports>
	</append>
	<append id="ID_WOTC_PHB24_SPELL_EVARDS_BLACK_TENTACLES">
		<supports>Evards Black Tentacles</supports>
	</append>
	<append id="ID_WOTC_PHB24_SPELL_SUMMON_ABERRATION">
		<supports>Summon Aberration</supports>
	</append>
	<append id="ID_WOTC_PHB24_SPELL_RARYS_TELEPATHIC_BOND">
		<supports>Summon Aberration</supports>
	</append>
	<append id="ID_WOTC_PHB24_SPELL_TELEKINESIS">
		<supports>Telekinesis</supports>
	</append>
</elements>
