<?xml version="1.0" encoding="utf-8" ?>
<elements>
	<info>
		<update version="0.0.1">
		<file name="wizard-abjurer.xml" url="https://raw.githubusercontent.com/Netrinil/Aurora/master/core/players-handbook-2024/archetypes/wizard-abjurer.xml" />
		</update>
	</info>

	<element name="Abjurer" type="Archetype" source="Player’s Handbook 2024" id="ID_WOTC_PHB24_ARCHETYPE_WIZARD_ABJURER">
		<supports>Arcane Tradition</supports>
		<description>
			<h5><i>Shield Companions and Banish Foes</i></h5>
			<p>Your study of magic is focused on spells that block, banish, or protect—ending harmful effects, banishing evil influences, and protecting the weak. Abjurers are sought when baleful spirits require exorcism, when locations must be guarded against magical spying, and when portals to other planes of existence must be closed. Adventuring parties value Abjurers for the protection they provide against a variety of hostile magic and other attacks.</p>
            <div element="ID_WOTC_PHB24_ARCHETYPE_WIZARD_ABJURER_ABJURATION_SAVANT" />
			<div element="ID_WOTC_PHB24_ARCHETYPE_WIZARD_ABJURER_ARCANE_WARD" />
			<div element="ID_WOTC_PHB24_ARCHETYPE_WIZARD_ABJURER_PROTECTED_WARD" />
			<div element="ID_WOTC_PHB24_ARCHETYPE_WIZARD_ABJURER_SPELL_BREAKER" />
			<div element="ID_WOTC_PHB24_ARCHETYPE_WIZARD_ABJURER_SPELL_RESISTANCE" />
		</description>
        <sheet display="false" />
		<rules>
			<grant type="Archetype Feature" id="ID_WOTC_PHB24_ARCHETYPE_WIZARD_ABJURER_ABJURATION_SAVANT" level="3"/>
			<grant type="Archetype Feature" id="ID_WOTC_PHB24_ARCHETYPE_WIZARD_ABJURER_ARCANE_WARD" level="3"/>
			<grant type="Archetype Feature" id="ID_WOTC_PHB24_ARCHETYPE_WIZARD_ABJURER_PROTECTED_WARD" level="6"/>
			<grant type="Archetype Feature" id="ID_WOTC_PHB24_ARCHETYPE_WIZARD_ABJURER_SPELL_BREAKER" level="10"/>
			<grant type="Archetype Feature" id="ID_WOTC_PHB24_ARCHETYPE_WIZARD_ABJURER_SPELL_RESISTANCE" level="14"/>
		</rules>
	</element>

	<element name="Level 3: Abjuration Savant" type="Archetype Feature" source="Player’s Handbook 2024" id="ID_WOTC_PHB24_ARCHETYPE_WIZARD_ABJURER_ABJURATION_SAVANT">
		<requirements>!ID_INTERNAL_FEATURE_REPLACEMENT_WIZARD_ABJURATION_ABJURATION_SAVANT</requirements>
		<description>
			<p>Choose two Wizard spells from the Abjuration school, each of which must be no higher than level 2, and add them to your spellbook for free.</p>
			<p class="indent">In addition, whenever you gain access to a new level of spell slots in this class, you can add one Wizard spell from the Abjuration school to your spellbook for free. The chosen spell must be of a level for which you have spell slots.</p>
		</description>
		<sheet display="false" />
		<rules>
			<select type="Spell" name="Abjuration Savant (1-2nd Level)" supports="$(spellcasting:slots),Abjuration,$(spellcasting:list)" number="2"  level="3" spellcasting="Wizard" />

			<select type="Spell" name="Abjuration Savant (1-3rd Level)" supports="$(spellcasting:slots),Abjuration,$(spellcasting:list)" number="1" level="5" spellcasting="Wizard" />

			<select type="Spell" name="Abjuration Savant (1-4th Level)" supports="$(spellcasting:slots),Abjuration,$(spellcasting:list)" number="1" level="7" spellcasting="Wizard" />

			<select type="Spell" name="Abjuration Savant (1-5th Level)" supports="$(spellcasting:slots),Abjuration,$(spellcasting:list)" number="1" level="9" spellcasting="Wizard" />

			<select type="Spell" name="Abjuration Savant (1-6th Level)" supports="$(spellcasting:slots),Abjuration,$(spellcasting:list)" number="1" level="11" spellcasting="Wizard" />

			<select type="Spell" name="Abjuration Savant (1-7th Level)" supports="$(spellcasting:slots),Abjuration,$(spellcasting:list)" number="1" level="13" spellcasting="Wizard" />

			<select type="Spell" name="Abjuration Savant (1-8th Level)" supports="$(spellcasting:slots),Abjuration,$(spellcasting:list)" number="1" level="15" spellcasting="Wizard" />

			<select type="Spell" name="Abjuration Savant (1-9th Level)" supports="$(spellcasting:slots),Abjuration,$(spellcasting:list)" number="1" level="17" spellcasting="Wizard" />

		</rules>
	</element>

	<element name="Level 3: Arcane Ward" type="Archetype Feature" source="Player’s Handbook 2024" id="ID_WOTC_PHB24_ARCHETYPE_WIZARD_ABJURER_ARCANE_WARD">
		<requirements>!ID_INTERNAL_FEATURE_REPLACEMENT_WIZARD_ABJURATION_ARCANE_WARD</requirements>
		<description>
			<p>You can weave magic around yourself for protection. When you cast an Abjuration spell with a spell slot, you can simultaneously use a strand of the spell's magic to create a magical ward on yourself that lasts until you finish a Long Rest. The ward has a Hit Point maximum equal to twice your Wizard level plus your Intelligence modifier. Whenever you take damage, the ward takes the damage instead, and if you have any Resistances or Vulnerabilities, apply them before reducing the ward's Hit Points. If the damage reduces the ward to 0 Hit Points, you take any remaining damage. While the ward has 0 Hit Points, it can't absorb damage, but its magic remains.</p>
			<p class="indent">Whenever you cast an Abjuration spell with a spell slot, the ward regains a number of Hit Points equal to twice the level of the spell slot. Alternatively, as a Bonus Action, you can expend a spell slot, and the ward regains a number of Hit Points equal to twice the level of the spell slot expended.</p>
			<p class="indent">Once you create the ward, you can't create it again until you finish a Long Rest.</p>
		</description>
		<sheet alt="Arcane Ward" usage="1/Long Rest">
			<description>When you cast an Abjuration spell with a spell slot, you can simultaneously use a strand of the spell's magic to create a magical ward on yourself that lasts until you finish a Long Rest. The ward has a Hit Point maximum of {{arcane ward:hp}}. Whenever you take damage, the ward takes the damage instead, and if you have any Resistances or Vulnerabilities, apply them before reducing the ward's Hit Points. If the damage reduces the ward to 0 Hit Points, you take any remaining damage. While the ward has 0 Hit Points, it can't absorb damage, but its magic remains. Whenever you cast an Abjuration spell with a spell slot, the ward regains a number of Hit Points equal to twice the level of the spell slot. Alternatively, as a Bonus Action, you can expend a spell slot, and the ward regains a number of Hit Points equal to twice the level of the spell slot expended.</description>
		</sheet>
		<rules>
			<stat name="arcane ward:hp" value="level:wizard" />
			<stat name="arcane ward:hp" value="level:wizard" />
			<stat name="arcane ward:hp" value="intelligence:modifier" />
		</rules>
	</element>

	<element name="Level 6: Projected Ward" type="Archetype Feature" source="Player’s Handbook 2024" id="ID_WOTC_PHB24_ARCHETYPE_WIZARD_ABJURER_PROTECTED_WARD">
		<requirements>!ID_INTERNAL_FEATURE_REPLACEMENT_WIZARD_ABJURATION_PROJECTED_WARD</requirements>
		<description>
			<p>When a creature that you can see within 30 feet of yourself takes damage, you can take a Reaction to cause your Arcane Ward to absorb that damage. If this damage reduces the ward to 0 Hit Points, the warded creature takes any remaining damage. If that creature has any Resistances or Vulnerabilities, apply them before reducing the ward's Hit Points.</p>
		</description>
		<sheet alt="Projected Ward" action="Reaction">
			<description> When a creature that you can see within 30 feet of yourself takes damage, you can cause your Arcane Ward to absorb that damage. If this damage reduces the ward to 0 Hit Points, the warded creature takes any remaining damage. If that creature has any Resistances or Vulnerabilities, apply them before reducing the ward's Hit Points.</description>
		</sheet>
	</element>

	<element name="Level 10: Spell Breaker" type="Archetype Feature" source="Player’s Handbook 2024" id="ID_WOTC_PHB24_ARCHETYPE_WIZARD_ABJURER_SPELL_BREAKER">
		<requirements>!ID_INTERNAL_FEATURE_REPLACEMENT_WIZARD_ABJURATION_IMPROVED_ABJURATION</requirements>
		<description>
			<p>You always have the Counterspell and Dispel Magic spells prepared. In addition, you can cast Dispel Magic as a Bonus Action, and you can add your Proficiency Bonus to its ability check.</p>
			<p class="indent">When you cast either spell with a spell slot, that slot isn't expended if the spell fails to stop a spell.</p>
		</description>
		<sheet alt="Spell Breaker">
			<description>You always have the Counterspell and Dispel Magic spells prepared. In addition, you can cast Dispel Magic as a Bonus Action, and you can add your Proficiency Bonus to its ability check. When you cast either spell with a spell slot, that slot isn't expended if the spell fails to stop a spell.</description>
		</sheet>
		<rules>		
			<grant type="Spell" id="ID_WOTC_PHB24_SPELL_COUNTERSPELL" level="5" spellcasting="Wizard" prepared="true" />
			<grant type="Spell" id="ID_WOTC_PHB24_SPELL_DISPEL_MAGIC" level="5" spellcasting="Wizard" prepared="true" />
		</rules>
	</element>
	<element name="Level 14: Spell Resistance" type="Archetype Feature" source="Player’s Handbook 2024" id="ID_WOTC_PHB24_ARCHETYPE_WIZARD_ABJURER_SPELL_RESISTANCE">
		<requirements>!ID_INTERNAL_FEATURE_REPLACEMENT_WIZARD_ABJURATION_SPELL_RESISTANCE</requirements>
		<description>
			<p>You have Advantage on saving throws against spells, and you have Resistance to the damage of spells.</p>
		</description>
		<sheet alt="Spell Resistance">
			<description>You have Advantage on saving throws against spells, and you have Resistance to the damage of spells.</description>
		</sheet>
	</element>
	
	<!--Feature Replacement Grants-->
	<element name="Abjuration Savant Feature Replacement" type="Grants" source="Internal" id="ID_INTERNAL_FEATURE_REPLACEMENT_WIZARD_ABJURATION_ABJURATION_SAVANT" />
	<element name="Arcane Ward Feature Replacement" type="Grants" source="Internal" id="ID_INTERNAL_FEATURE_REPLACEMENT_WIZARD_ABJURATION_ARCANE_WARD" />
	<element name="Projected Ward Feature Replacement" type="Grants" source="Internal" id="ID_INTERNAL_FEATURE_REPLACEMENT_WIZARD_ABJURATION_PROJECTED_WARD" />
	<element name="Improved Abjuration Feature Replacement" type="Grants" source="Internal" id="ID_INTERNAL_FEATURE_REPLACEMENT_WIZARD_ABJURATION_IMPROVED_ABJURATION" />
	<element name="Spell Resistance Feature Replacement" type="Grants" source="Internal" id="ID_INTERNAL_FEATURE_REPLACEMENT_WIZARD_ABJURATION_SPELL_RESISTANCE" />
</elements>