<?xml version="1.0" encoding="utf-8" ?>
<elements>
	<info>
		<update version="0.0.1">
		<file name="wizard-diviner.xml" url="https://raw.githubusercontent.com/Netrinil/Aurora/master/core/players-handbook-2024/archetypes/wizard-diviner.xml" />
		</update>
	</info>

	<element name="Diviner" type="Archetype" source="Player’s Handbook 2024" id="ID_WOTC_PHB24_ARCHETYPE_WIZARD_DIVINER">
		<supports>Arcane Tradition</supports>
		<description>
			<h5><i>Learn the Secrets of the Multiverse</i></h5>
            <p>The counsel of a Diviner is sought by those who want a clearer understanding of the past, present, and future. As a Diviner, you strive to part the veils of space, time, and consciousness. You work to master spells of discernment, remote viewing, supernatural knowledge, and foresight.</p>
            <div element="ID_WOTC_PHB24_ARCHETYPE_WIZARD_DIVINER_DIVINATION_SAVANT" />
			<div element="ID_WOTC_PHB24_ARCHETYPE_WIZARD_DIVINER_PORTENT" />
			<div element="ID_WOTC_PHB24_ARCHETYPE_WIZARD_DIVINER_EXPERT_DIVINATION" />
			<div element="ID_WOTC_PHB24_ARCHETYPE_WIZARD_DIVINER_THE_THIRD_EYE" />
			<div element="ID_WOTC_PHB24_ARCHETYPE_WIZARD_DIVINER_GREATER_PORTENT" />
		</description>
        <sheet display="false" />
		<rules>
			<grant type="Archetype Feature" id="ID_WOTC_PHB24_ARCHETYPE_WIZARD_DIVINER_DIVINATION_SAVANT" level="3"/>
			<grant type="Archetype Feature" id="ID_WOTC_PHB24_ARCHETYPE_WIZARD_DIVINER_PORTENT" level="3"/>
			<grant type="Archetype Feature" id="ID_WOTC_PHB24_ARCHETYPE_WIZARD_DIVINER_EXPERT_DIVINATION" level="6"/>
			<grant type="Archetype Feature" id="ID_WOTC_PHB24_ARCHETYPE_WIZARD_DIVINER_THE_THIRD_EYE" level="10"/>
			<grant type="Archetype Feature" id="ID_WOTC_PHB24_ARCHETYPE_WIZARD_DIVINER_GREATER_PORTENT" level="14"/>
		</rules>
	</element>

	<element name="Level 3: Divination Savant" type="Archetype Feature" source="Player’s Handbook 2024" id="ID_WOTC_PHB24_ARCHETYPE_WIZARD_DIVINER_DIVINATION_SAVANT">
		<requirements>!ID_INTERNAL_FEATURE_REPLACEMENT_WIZARD_DIVINATION_DIVINATION_SAVANT</requirements>
		<description>
			<p>Choose two Wizard spells from the Divination school, each of which must be no higher than level 2, and add them to your spellbook for free.</p>
			<p class="indent">In addition, whenever you gain access to a new level of spell slots in this class, you can add one Wizard spell from the Divination school to your spellbook for free. The chosen spell must be of a level for which you have spell slots.</p>
		</description>
		<sheet display="false" />
		<rules>
			<select type="Spell" name="Divination Savant (1-2nd Level)" supports="$(spellcasting:slots),Divination,$(spellcasting:list)" number="2"  level="3" spellcasting="Wizard" />

			<select type="Spell" name="Divination Savant (1-3rd Level)" supports="$(spellcasting:slots),Divination,$(spellcasting:list)" number="1" level="5" spellcasting="Wizard" />

			<select type="Spell" name="Divination Savant (1-4th Level)" supports="$(spellcasting:slots),Divination,$(spellcasting:list)" number="1" level="7" spellcasting="Wizard" />

			<select type="Spell" name="Divination Savant (1-5th Level)" supports="$(spellcasting:slots),Divination,$(spellcasting:list)" number="1" level="9" spellcasting="Wizard" />

			<select type="Spell" name="Divination Savant (1-6th Level)" supports="$(spellcasting:slots),Divination,$(spellcasting:list)" number="1" level="11" spellcasting="Wizard" />

			<select type="Spell" name="Divination Savant (1-7th Level)" supports="$(spellcasting:slots),Divination,$(spellcasting:list)" number="1" level="13" spellcasting="Wizard" />

			<select type="Spell" name="Divination Savant (1-8th Level)" supports="$(spellcasting:slots),Divination,$(spellcasting:list)" number="1" level="15" spellcasting="Wizard" />

			<select type="Spell" name="Divination Savant (1-9th Level)" supports="$(spellcasting:slots),Divination,$(spellcasting:list)" number="1" level="17" spellcasting="Wizard" />

		</rules>
	</element>

	<element name="Level 3: Portent" type="Archetype Feature" source="Player’s Handbook 2024" id="ID_WOTC_PHB24_ARCHETYPE_WIZARD_DIVINER_PORTENT">
		<requirements>!ID_INTERNAL_FEATURE_REPLACEMENT_WIZARD_DIVINATION_PORTENT</requirements>
		<description>
			<p>Glimpses of the future begin to press on your awareness. Whenever you finish a Long Rest, roll two d20s and record the numbers rolled. You can replace any D20 Test made by you or a creature that you can see with one of these foretelling rolls. You must choose to do so before the roll, and you can replace a roll in this way only once per turn.</p>
			<p class="indent">Each foretelling roll can be used only once. When you finish a Long Rest, you lose any unused foretelling rolls.</p>
		</description>
		<sheet alt="Portent" usage="2/Long Rest">
			<description>Whenever you finish a Long Rest, roll two d20s and record the numbers rolled. You can replace any D20 Test made by you or a creature that you can see with one of these foretelling rolls. You must choose to do so before the roll, and you can replace a roll in this way only once per turn. Each foretelling roll can be used only once. When you finish a Long Rest, you lose any unused foretelling rolls.</description>
			<description usage="3/Long Rest" level="17">Whenever you finish a Long Rest, roll three d20s and record the numbers rolled. You can replace any D20 Test made by you or a creature that you can see with one of these foretelling rolls. You must choose to do so before the roll, and you can replace a roll in this way only once per turn. Each foretelling roll can be used only once. When you finish a Long Rest, you lose any unused foretelling rolls.</description>
		</sheet>
	</element>

	<element name="Level 6: Expert Divination" type="Archetype Feature" source="Player’s Handbook 2024" id="ID_WOTC_PHB24_ARCHETYPE_WIZARD_DIVINER_EXPERT_DIVINATION">
		<requirements>!ID_INTERNAL_FEATURE_REPLACEMENT_WIZARD_DIVINATION_EXPERT_DIVINATION</requirements>
		<description>
			<p>Casting Divination spells comes so easily to you that it expends only a fraction of your spellcasting efforts. When you cast a Divination spell using a level 2+ spell slot, you regain one expended spell slot. The slot you regain must be of a level lower than the slot you expended and can't be higher than level 5.</p>
		</description>
		<sheet alt="Expert Divination">
			<description> When you cast a Divination spell using a level 2+ spell slot, you regain one expended spell slot. The slot you regain must be of a level lower than the slot you expended and can't be higher than level 5.</description>
		</sheet>
	</element>

	<element name="Level 10: The Third Eye" type="Archetype Feature" source="Player’s Handbook 2024" id="ID_WOTC_PHB24_ARCHETYPE_WIZARD_DIVINER_THE_THIRD_EYE">
		<requirements>!ID_INTERNAL_FEATURE_REPLACEMENT_WIZARD_DIVINATION_THE_THIRD_EYE</requirements>
		<description>
			<p>You always have the Counterspell and Dispel Magic spells prepared. In addition, you can cast Dispel Magic as a Bonus Action, and you can add your Proficiency Bonus to its ability check.</p>
			<p class="indent">When you cast either spell with a spell slot, that slot isn't expended if the spell fails to stop a spell.</p>
		</description>
		<sheet alt="The Third Eye" action="Bonus Action" usage="1/Short Rest">
			<description>Choose one of the following benefits, which lasts until start a short or long rest. &#13;
			• Darkvision. You gain Darkvision with a range of 120 feet. &#13;
			• Greater Comprehension. You can read any language. &#13;
			• See Invisibility. You can cast See Invisibility without expending a spell slot.</description>
		</sheet>
	</element>

	<element name="Level 14: Greater Portent" type="Archetype Feature" source="Player’s Handbook 2024" id="ID_WOTC_PHB24_ARCHETYPE_WIZARD_DIVINER_GREATER_PORTENT">
		<requirements>!ID_INTERNAL_FEATURE_REPLACEMENT_WIZARD_DIVINATION_GREATER_PORTENT</requirements>
		<description>
			<p>The visions in your dreams intensify and paint a more accurate picture in your mind of what is to come. Roll three d20s for your Portent feature rather than two.</p>
		</description>
		<sheet display="false" />
	</element>
	
	<!--Feature Replacement Grants-->
	<element name="Divination Savant Feature Replacement" type="Grants" source="Internal" id="ID_INTERNAL_FEATURE_REPLACEMENT_WIZARD_DIVINATION_DIVINATION_SAVANT" />
	<element name="Portent Feature Replacement" type="Grants" source="Internal" id="ID_INTERNAL_FEATURE_REPLACEMENT_WIZARD_DIVINATION_PORTENT" />
	<element name="Expert Divination Feature Replacement" type="Grants" source="Internal" id="ID_INTERNAL_FEATURE_REPLACEMENT_WIZARD_DIVINATION_EXPERT_DIVINATION" />
	<element name="The Third Eye Feature Replacement" type="Grants" source="Internal" id="ID_INTERNAL_FEATURE_REPLACEMENT_WIZARD_DIVINATION_THE_THIRD_EYE" />
	<element name="Greater Portent Feature Replacement" type="Grants" source="Internal" id="ID_INTERNAL_FEATURE_REPLACEMENT_WIZARD_DIVINATION_GREATER_PORTENT" />
</elements>